filename,label,kp_0,kp_1,kp_2,kp_3,kp_4,kp_5,kp_6,kp_7,kp_8,kp_9,kp_10,kp_11,kp_12,kp_13,kp_14,kp_15,kp_16,kp_17,kp_18,kp_19,kp_20,kp_21,kp_22,kp_23,kp_24,kp_25,kp_26,kp_27,kp_28,kp_29,kp_30,kp_31,kp_32,kp_33
ini_001.png,inicio,0.5158724188804626,0.4004358649253845,0.5258359313011169,0.3925183415412903,0.5279012322425842,0.3930359184741974,0.5305450558662415,0.3937261998653412,0.5237032175064087,0.39113497734069824,0.5242813229560852,0.39061763882637024,0.5249265432357788,0.39013227820396423,0.5572534203529358,0.40368592739105225,0.549694299697876,0.399313747882843,0.5247980356216431,0.41519755125045776,0.5203362107276917,0.4139367938041687,0.5677328705787659,0.48300623893737793,0.5585287809371948,0.4594639539718628,0.5681382417678833,0.575097382068634,0.5197125673294067,0.5188242197036743,0.5269138813018799,0.6524226665496826,0.473418653011322,0.5496837496757507
ini_002.png,inicio,0.5203152894973755,0.40172186493873596,0.5278669595718384,0.3941952586174011,0.5297881364822388,0.3945336937904358,0.5313557982444763,0.3948325514793396,0.5272750854492188,0.3926889896392822,0.5284638404846191,0.3918769955635071,0.5296427607536316,0.39111924171447754,0.5553812384605408,0.40283066034317017,0.55225670337677,0.39909452199935913,0.5271754264831543,0.4138438105583191,0.5253762602806091,0.41320866346359253,0.5717771053314209,0.4841395616531372,0.555340051651001,0.46601802110671997,0.5725022554397583,0.5803584456443787,0.5185402631759644,0.5365580916404724,0.5306212902069092,0.6596161127090454,0.47637972235679626,0.5711809396743774
ini_003.png,inicio,0.5208593606948853,0.38028964400291443,0.5311529040336609,0.37173518538475037,0.5327698588371277,0.3723335564136505,0.5342733860015869,0.3729334771633148,0.5309150815010071,0.3696915805339813,0.5324881672859192,0.36882486939430237,0.534037709236145,0.36804360151290894,0.5604327321052551,0.3832811713218689,0.5553189516067505,0.37910768389701843,0.5282309055328369,0.3964208960533142,0.527176558971405,0.3960956335067749,0.5751039385795593,0.4759621322154999,0.557941734790802,0.45231351256370544,0.5771968960762024,0.586444079875946,0.5190978646278381,0.5307663083076477,0.5321445465087891,0.6711570620536804,0.46628960967063904,0.5704405903816223
ini_005.png,inicio,0.5109515190124512,0.4085848331451416,0.5240674018859863,0.3937043845653534,0.5290166735649109,0.3935820162296295,0.534561038017273,0.3935566246509552,0.5167215466499329,0.39256083965301514,0.5163231492042542,0.39152780175209045,0.5161479115486145,0.3905610740184784,0.569675624370575,0.3993696868419647,0.5446345806121826,0.3936927318572998,0.5266156196594238,0.42720624804496765,0.5183140635490417,0.4251779615879059,0.5883762836456299,0.5001327395439148,0.5386854410171509,0.45914289355278015,0.46008679270744324,0.5662410259246826,0.41251039505004883,0.4761975407600403,0.33237171173095703,0.5412535667419434,0.29019248485565186,0.4591250419616699
ini_006.png,inicio,0.5135759115219116,0.3871442377567291,0.5291858315467834,0.37180474400520325,0.5336301326751709,0.37228068709373474,0.5393764972686768,0.3729165196418762,0.5238662362098694,0.3698166310787201,0.5244951844215393,0.3688417673110962,0.5252834558486938,0.3678726553916931,0.571762204170227,0.380887508392334,0.5500102043151855,0.3723227381706238,0.5278822183609009,0.40749457478523254,0.5198590755462646,0.40415793657302856,0.5885158777236938,0.48843660950660706,0.542668879032135,0.44141092896461487,0.5168405771255493,0.6046035289764404,0.4143202304840088,0.4560587704181671,0.36595457792282104,0.6441046595573425,0.29134058952331543,0.43687644600868225
ini_007.png,inicio,0.6096360683441162,0.38310155272483826,0.6366590857505798,0.3656180500984192,0.6490004658699036,0.36637619137763977,0.6624081134796143,0.3673400580883026,0.6109324097633362,0.3651899993419647,0.6051369905471802,0.3650360703468323,0.6000940799713135,0.3649083077907562,0.6830391883850098,0.37525153160095215,0.6109005212783813,0.3700442314147949,0.6317935585975647,0.40487074851989746,0.6035635471343994,0.39995381236076355,0.6849746108055115,0.4575080871582031,0.6022753715515137,0.43514350056648254,0.6373961567878723,0.5594268441200256,0.48785650730133057,0.4507714509963989,0.5105466842651367,0.611562967300415,0.37678366899490356,0.4382023811340332
ini_008.png,inicio,0.5912725925445557,0.3272433876991272,0.6052867770195007,0.3141847848892212,0.609225869178772,0.31465643644332886,0.6133599281311035,0.31536343693733215,0.5984509587287903,0.31398192048072815,0.5992099642753601,0.3142208755016327,0.6000382304191589,0.3143937289714813,0.6355409026145935,0.33359766006469727,0.6189678311347961,0.3244704008102417,0.6010302901268005,0.3472133278846741,0.5974997878074646,0.3478255271911621,0.6462306380271912,0.42596226930618286,0.5995241403579712,0.4009445011615753,0.5866526365280151,0.5375034213066101,0.4833856523036957,0.40338099002838135,0.4612410068511963,0.5823227763175964,0.363880455493927,0.38278937339782715
ini_009.png,inicio,0.5781260132789612,0.3579370975494385,0.6017205119132996,0.3414752781391144,0.6122564077377319,0.3414919376373291,0.6225395202636719,0.3416375517845154,0.581862211227417,0.34066951274871826,0.5777353644371033,0.34002557396888733,0.5739414095878601,0.33934280276298523,0.6517500281333923,0.35021212697029114,0.5939589142799377,0.34584662318229675,0.5967100858688354,0.37974515557289124,0.5767879486083984,0.3764365613460541,0.6576980352401733,0.446613609790802,0.5923877358436584,0.4159467816352844,0.6022306084632874,0.5614227652549744,0.46173062920570374,0.4298422038555145,0.455002099275589,0.6032902002334595,0.3406619131565094,0.4130931496620178
ini_010.png,inicio,0.5446684956550598,0.31367361545562744,0.5656944513320923,0.29718559980392456,0.5726887583732605,0.29782912135124207,0.5817070603370667,0.29891106486320496,0.5558182001113892,0.29618677496910095,0.5550351142883301,0.2957419157028198,0.5546998381614685,0.2953028678894043,0.6149181127548218,0.30987533926963806,0.581000030040741,0.30276381969451904,0.5592226982116699,0.3353508412837982,0.5465247631072998,0.33190956711769104,0.6233001947402954,0.4067975580692291,0.564038097858429,0.37139201164245605,0.5616114139556885,0.5166091322898865,0.43667492270469666,0.38689374923706055,0.4255576431751251,0.5587458610534668,0.3181212544441223,0.3729107081890106
ini_011.png,inicio,0.6514059901237488,0.3686208128929138,0.6773229241371155,0.3527441918849945,0.6837935447692871,0.35425370931625366,0.6900286674499512,0.356173574924469,0.6637262105941772,0.34945377707481384,0.6618240475654602,0.34864091873168945,0.6598723530769348,0.34809643030166626,0.7142593860626221,0.36873865127563477,0.6642538905143738,0.3556099236011505,0.6611962914466858,0.3904412090778351,0.6458312273025513,0.3860343098640442,0.6979765892028809,0.4690920412540436,0.6422746181488037,0.410234659910202,0.6390975713729858,0.5841609835624695,0.5049589276313782,0.42549222707748413,0.49194151163101196,0.6253392100334167,0.37202176451683044,0.4134998321533203
ini_012.png,inicio,0.6500599384307861,0.3626544177532196,0.6771137714385986,0.34853395819664,0.6843942403793335,0.3503257930278778,0.6912286281585693,0.3524833619594574,0.6615892052650452,0.34492573142051697,0.6593878269195557,0.3437597453594208,0.6570881605148315,0.3427993357181549,0.7020716071128845,0.3642455041408539,0.6633109450340271,0.3475731611251831,0.66229248046875,0.3849535286426544,0.6441277861595154,0.3787843585014343,0.7089704871177673,0.4612288475036621,0.6482563614845276,0.40594595670700073,0.6777027249336243,0.5559208393096924,0.514630913734436,0.4216519892215729,0.5725767612457275,0.6181338429450989,0.371152400970459,0.40847477316856384
ini_013.png,inicio,0.5648308396339417,0.35874423384666443,0.5906968116760254,0.34306374192237854,0.6008692383766174,0.34439751505851746,0.6094167828559875,0.34597548842430115,0.5737367272377014,0.3420327305793762,0.5709070563316345,0.3418072462081909,0.5683087706565857,0.3415512144565582,0.6343834400177002,0.3610534965991974,0.5770272612571716,0.3490767776966095,0.582278847694397,0.3833102285861969,0.5610225200653076,0.3788861334323883,0.6245843172073364,0.45310336351394653,0.5553322434425354,0.4169609248638153,0.5619402527809143,0.5581997036933899,0.42893683910369873,0.42320847511291504,0.42792946100234985,0.6077898144721985,0.3059818744659424,0.39701348543167114
ini_014.png,inicio,0.6371753811836243,0.34101441502571106,0.6655740141868591,0.3299468159675598,0.671679675579071,0.33216792345046997,0.6782098412513733,0.3349113464355469,0.6559752225875854,0.3272024393081665,0.6552903652191162,0.3271019458770752,0.6547166109085083,0.3269284665584564,0.704849898815155,0.3583887219429016,0.670806884765625,0.34221917390823364,0.6418219804763794,0.3643358647823334,0.6299721598625183,0.3589570224285126,0.6664401888847351,0.44262319803237915,0.6339935660362244,0.41001588106155396,0.587861955165863,0.5322964191436768,0.5097818970680237,0.3991583585739136,0.4491305947303772,0.5621490478515625,0.4079083204269409,0.35512417554855347
ini_015.png,inicio,0.6200156211853027,0.27852895855903625,0.6404824256896973,0.268951416015625,0.6461830139160156,0.2704869508743286,0.6521262526512146,0.27219584584236145,0.6294693350791931,0.2658887803554535,0.6270634531974792,0.26503172516822815,0.6245765686035156,0.2641332745552063,0.6754499077796936,0.28823915123939514,0.6426710486412048,0.27646926045417786,0.6284101009368896,0.3017463684082031,0.6128972172737122,0.29698288440704346,0.657096803188324,0.3771207928657532,0.622161865234375,0.3495979905128479,0.5815019607543945,0.4660691022872925,0.5479808449745178,0.4346073865890503,0.4582637548446655,0.5034874081611633,0.4605543613433838,0.4770016372203827
ini_016.png,inicio,0.5925164222717285,0.31942814588546753,0.6126142740249634,0.30876389145851135,0.6184114217758179,0.30979737639427185,0.6245249509811401,0.3109348714351654,0.6020919680595398,0.30719539523124695,0.6002557277679443,0.3068831264972687,0.5984846353530884,0.3063257932662964,0.6495683193206787,0.32796046137809753,0.6160833239555359,0.3180752992630005,0.6027402281761169,0.3431223928928375,0.5876973867416382,0.33939066529273987,0.6352053880691528,0.4158967137336731,0.5961927175521851,0.3945293426513672,0.5644776225090027,0.5090487003326416,0.5185510516166687,0.4779011607170105,0.4328552186489105,0.5470704436302185,0.42502090334892273,0.5229926705360413
ini_017.png,inicio,0.5361959934234619,0.3653746545314789,0.5435990691184998,0.3516521453857422,0.550628125667572,0.3521207273006439,0.5567561388015747,0.35260599851608276,0.533841609954834,0.34948432445526123,0.5319044589996338,0.3482207953929901,0.5298522710800171,0.3471159040927887,0.5845025181770325,0.35975515842437744,0.5438331365585327,0.3470325767993927,0.5548492074012756,0.3821773827075958,0.5425808429718018,0.3798779845237732,0.625145673751831,0.4547216296195984,0.5731835961341858,0.40596407651901245,0.6331276297569275,0.5727480053901672,0.5233157873153687,0.48607155680656433,0.5323420763015747,0.6434895396232605,0.4402352273464203,0.5650713443756104
ini_018.png,inicio,0.5441905856132507,0.36194905638694763,0.5558409094810486,0.34751829504966736,0.5627769827842712,0.34827128052711487,0.5727620124816895,0.3490922152996063,0.541159451007843,0.34494784474372864,0.538134753704071,0.34384283423423767,0.5350395441055298,0.34298577904701233,0.5973243713378906,0.35958337783813477,0.5493724942207336,0.3432914912700653,0.5660964250564575,0.37928497791290283,0.5483338236808777,0.3778074383735657,0.6281940340995789,0.4536459445953369,0.5665703415870667,0.40245166420936584,0.6238507032394409,0.5706725716590881,0.51502925157547,0.4857841730117798,0.5382564067840576,0.642648458480835,0.43841537833213806,0.5613443851470947
ini_019.png,inicio,0.613099217414856,0.360300213098526,0.6309422254562378,0.3405739367008209,0.6439540982246399,0.33983278274536133,0.6555757522583008,0.3393547534942627,0.6056401133537292,0.34329286217689514,0.599025547504425,0.34411191940307617,0.5928241014480591,0.34482067823410034,0.6918535828590393,0.3440476655960083,0.6037904620170593,0.34867510199546814,0.6439967155456543,0.38133224844932556,0.6075829267501831,0.3814769387245178,0.711601972579956,0.4459381699562073,0.6097656488418579,0.41950979828834534,0.685368537902832,0.5551109313964844,0.549668550491333,0.4966728091239929,0.605478048324585,0.6315486431121826,0.4809144139289856,0.5638871192932129
ini_020.png,inicio,0.5869594812393188,0.3606913685798645,0.6088923811912537,0.34633445739746094,0.6186710596084595,0.3475043475627899,0.6282337307929993,0.34900546073913574,0.5881590843200684,0.3447045385837555,0.5833054184913635,0.34444883465766907,0.5784600973129272,0.34419146180152893,0.6685922145843506,0.3597235381603241,0.6028088331222534,0.35518181324005127,0.6122732758522034,0.38262128829956055,0.5870194435119629,0.37909919023513794,0.7118028998374939,0.45165497064590454,0.5827159881591797,0.41581201553344727,0.7179693579673767,0.5471251010894775,0.5283186435699463,0.4986472427845001,0.6755483150482178,0.6127614974975586,0.4583529531955719,0.5657017230987549
ini_021.png,inicio,0.5772971510887146,0.28836265206336975,0.5867812037467957,0.27639472484588623,0.5908017158508301,0.27666139602661133,0.5946826338768005,0.2770385444164276,0.581475019454956,0.2752144932746887,0.5812899470329285,0.274473637342453,0.5812378525733948,0.2738432288169861,0.627534806728363,0.285066157579422,0.6089771389961243,0.2818851172924042,0.5894513726234436,0.3070105314254761,0.5838795900344849,0.3064585030078888,0.6693664789199829,0.39372462034225464,0.5968441963195801,0.36720412969589233,0.6177691221237183,0.5184434056282043,0.5179558396339417,0.4536045491695404,0.48747938871383667,0.582055926322937,0.41878119111061096,0.5249070525169373
ini_022.png,inicio,0.5811308026313782,0.29087382555007935,0.596045970916748,0.2798702120780945,0.6015171408653259,0.27976152300834656,0.6068798899650574,0.2804364860057831,0.5861901044845581,0.27863970398902893,0.5845833420753479,0.27825015783309937,0.5831548571586609,0.2779662311077118,0.6390330195426941,0.2919100821018219,0.6056916117668152,0.2888105809688568,0.5943450927734375,0.30926138162612915,0.5832502841949463,0.30944955348968506,0.6759384870529175,0.3925148844718933,0.5876374840736389,0.37870413064956665,0.660256028175354,0.4908616542816162,0.5151022672653198,0.4555318355560303,0.5739184617996216,0.5515853762626648,0.42462700605392456,0.526534378528595
ini_023.png,inicio,0.5786752104759216,0.3977924585342407,0.5853605270385742,0.38732534646987915,0.5873327255249023,0.38768064975738525,0.5903440713882446,0.3886229693889618,0.5829761624336243,0.3856259882450104,0.5832453966140747,0.3849267065525055,0.5837388634681702,0.3843340575695038,0.623803973197937,0.40582212805747986,0.6101080179214478,0.40316134691238403,0.5846356153488159,0.4113820195198059,0.5828615427017212,0.4117876887321472,0.6357916593551636,0.49218207597732544,0.5828001499176025,0.4618549942970276,0.6112245321273804,0.5874500870704651,0.5092556476593018,0.5273923873901367,0.5560035109519958,0.6827537417411804,0.4301202893257141,0.5585641860961914
ini_024.png,inicio,0.6537842750549316,0.34016162157058716,0.6771160364151001,0.3294113278388977,0.6828540563583374,0.3327844738960266,0.6903420686721802,0.33681803941726685,0.6636331677436829,0.32150524854660034,0.659996509552002,0.3197159171104431,0.6560254693031311,0.3180100619792938,0.7094289660453796,0.35304221510887146,0.6642627716064453,0.3317652940750122,0.6613720655441284,0.36729171872138977,0.6431736350059509,0.35819700360298157,0.6829394102096558,0.45152193307876587,0.636097252368927,0.39984625577926636,0.6474360227584839,0.5652672052383423,0.5543341040611267,0.47582054138183594,0.5854655504226685,0.6554937362670898,0.46235814690589905,0.5143749117851257
ini_025.png,inicio,0.6662657856941223,0.35439813137054443,0.6948715448379517,0.3417920768260956,0.7051466703414917,0.3459329903125763,0.7147183418273926,0.3500537872314453,0.6723300218582153,0.33433932065963745,0.6666319370269775,0.33279386162757874,0.6610274910926819,0.33118194341659546,0.7332935929298401,0.37037837505340576,0.6660438776016235,0.3443506062030792,0.6783679723739624,0.38611340522766113,0.6505552530288696,0.37444761395454407,0.6907210350036621,0.4653262794017792,0.6353732347488403,0.418609082698822,0.6559035778045654,0.5748746991157532,0.551487147808075,0.4854700565338135,0.5922718048095703,0.6641827821731567,0.4636666774749756,0.5215619802474976
ini_026.png,inicio,0.5652487277984619,0.35081028938293457,0.5724054574966431,0.34142839908599854,0.5752123594284058,0.3421999216079712,0.5781875252723694,0.3430101275444031,0.567976713180542,0.3389953374862671,0.5680521130561829,0.33837446570396423,0.5683833360671997,0.337805837392807,0.606383740901947,0.35656359791755676,0.591499924659729,0.3457113206386566,0.5739863514900208,0.3633105754852295,0.5697948336601257,0.3624314069747925,0.6245232224464417,0.43725770711898804,0.5856649875640869,0.42090117931365967,0.7205256819725037,0.5301234722137451,0.5711638927459717,0.5034470558166504,0.6785339117050171,0.6321805715560913,0.5327103137969971,0.5755122900009155
ini_027.png,inicio,0.5654594898223877,0.4905160963535309,0.5699706077575684,0.48247218132019043,0.5716779828071594,0.4829563498497009,0.57500159740448,0.48404356837272644,0.568337619304657,0.4814092516899109,0.5688813328742981,0.4812318682670593,0.5698243975639343,0.4812510907649994,0.5927280783653259,0.493577241897583,0.5839698314666748,0.4868697226047516,0.5704230070114136,0.4997541308403015,0.5679196119308472,0.4995722770690918,0.6179602146148682,0.5538846254348755,0.5828539729118347,0.5379264950752258,0.6883735656738281,0.6215660572052002,0.5801111459732056,0.6155697703361511,0.6658670902252197,0.6957252621650696,0.5524712800979614,0.6671096086502075
ini_028.png,inicio,0.59726482629776,0.36953502893447876,0.620887041091919,0.3583086133003235,0.6291394829750061,0.3598141372203827,0.637260377407074,0.3614293932914734,0.6035130023956299,0.3536779582500458,0.5997291207313538,0.35243815183639526,0.5957038402557373,0.3511910140514374,0.6608967185020447,0.3723108768463135,0.6001091003417969,0.3565678298473358,0.6064561605453491,0.38548633456230164,0.5895982980728149,0.3814569115638733,0.6340780258178711,0.4322851300239563,0.631539523601532,0.4160459637641907,0.5612398982048035,0.42884284257888794,0.5833918452262878,0.4748947024345398,0.5655572414398193,0.3689606785774231,0.5328850150108337,0.5119339227676392
ini_029.png,inicio,0.6486135125160217,0.4361420273780823,0.6708989143371582,0.42309796810150146,0.6793786883354187,0.42588168382644653,0.6866658329963684,0.42846107482910156,0.6561151742935181,0.4180118143558502,0.6521822214126587,0.4162624776363373,0.6489936113357544,0.4151413142681122,0.7050872445106506,0.45215660333633423,0.6595423221588135,0.42486077547073364,0.6598657369613647,0.45960429310798645,0.6400847434997559,0.4537292420864105,0.7237970232963562,0.5468724370002747,0.6169912219047546,0.4837951064109802,0.6648268699645996,0.625603437423706,0.5345913171768188,0.5664862394332886,0.6684339642524719,0.5229451656341553,0.5127416253089905,0.590660810470581
ini_030.png,inicio,0.6076188087463379,0.4169465899467468,0.6231818199157715,0.4063510298728943,0.6289811730384827,0.4084111452102661,0.6361205577850342,0.4111652076244354,0.6117889285087585,0.4038192331790924,0.6096242666244507,0.403967022895813,0.6074621081352234,0.40432414412498474,0.6564547419548035,0.4255528450012207,0.6214600801467896,0.4176906943321228,0.6229957938194275,0.43889132142066956,0.6087651252746582,0.43514180183410645,0.6769605278968811,0.5013946294784546,0.6038179397583008,0.45969223976135254,0.6293706297874451,0.5592905879020691,0.5442478656768799,0.5188190340995789,0.6752897500991821,0.48904576897621155,0.4939233362674713,0.5531025528907776
ini_031.png,inicio,0.6255901455879211,0.4265938401222229,0.6409966945648193,0.41674911975860596,0.6481553316116333,0.4184507131576538,0.655522346496582,0.42046183347702026,0.6266514658927917,0.41395148634910583,0.6239128112792969,0.41371312737464905,0.6211464405059814,0.41351181268692017,0.6810441613197327,0.43247443437576294,0.6307753920555115,0.4240042269229889,0.6411570310592651,0.4492325186729431,0.6258562803268433,0.4438011050224304,0.6880194544792175,0.5052044987678528,0.6060855984687805,0.4644703269004822,0.6720821857452393,0.5529602766036987,0.5491286516189575,0.519378662109375,0.700749397277832,0.4655323326587677,0.5042169094085693,0.5564336180686951
ini_032.png,inicio,0.7031832337379456,0.46868008375167847,0.7233294248580933,0.45941853523254395,0.731036901473999,0.4612438678741455,0.739863395690918,0.4643095135688782,0.7054285407066345,0.45473772287368774,0.7117414474487305,0.4582861363887787,0.6965808272361755,0.45241010189056396,0.7648683786392212,0.4792259633541107,0.7138387560844421,0.4631425738334656,0.7196696996688843,0.49130815267562866,0.6999388933181763,0.4823954701423645,0.7861530780792236,0.5523795485496521,0.6824996471405029,0.505450427532196,0.7901977300643921,0.6082243323326111,0.6163405179977417,0.5707362294197083,0.7966173887252808,0.5131698846817017,0.5473276376724243,0.6137616038322449
ini_033.png,inicio,0.6012487411499023,0.4872128963470459,0.6217513680458069,0.47928017377853394,0.627204418182373,0.4813166856765747,0.6350403428077698,0.48368388414382935,0.6103730797767639,0.47369545698165894,0.6080629825592041,0.47182968258857727,0.6057111024856567,0.46982496976852417,0.6537662744522095,0.4931305944919586,0.6197319626808167,0.4752005934715271,0.6101076602935791,0.5024341940879822,0.5891754627227783,0.4964447617530823,0.6529187560081482,0.5515207648277283,0.5936383605003357,0.5132308006286621,0.5960606336593628,0.5854858756065369,0.5382285118103027,0.5671150088310242,0.5808296799659729,0.5202670693397522,0.49580758810043335,0.6041919589042664
ini_034.png,inicio,0.6240366101264954,0.4526696801185608,0.631751298904419,0.4458959698677063,0.633996844291687,0.446573942899704,0.6354473233222961,0.44713661074638367,0.6306602358818054,0.4443059265613556,0.6315518617630005,0.4435988664627075,0.632144570350647,0.44299906492233276,0.6547839641571045,0.45197245478630066,0.6471695303916931,0.44770514965057373,0.6280186176300049,0.4632417559623718,0.6258084177970886,0.4611099362373352,0.6617514491081238,0.5230180621147156,0.6236914396286011,0.4939427375793457,0.5631750822067261,0.5478244423866272,0.5488121509552002,0.5445865392684937,0.5173901319503784,0.49743136763572693,0.50375896692276,0.5632892847061157
ini_035.png,inicio,0.5945611000061035,0.3606470227241516,0.5991588234901428,0.34869810938835144,0.6002580523490906,0.3486127555370331,0.6013832688331604,0.3486540615558624,0.5990591049194336,0.3477399945259094,0.5999897122383118,0.3469877541065216,0.6010059118270874,0.34639787673950195,0.6216539144515991,0.35400548577308655,0.618000864982605,0.35021764039993286,0.6003135442733765,0.37490928173065186,0.60162752866745,0.37512916326522827,0.6299720406532288,0.4387260377407074,0.6220993399620056,0.4218292236328125,0.5826519131660461,0.528156042098999,0.5631488561630249,0.4796767830848694,0.46891313791275024,0.5556936860084534,0.48269975185394287,0.5055420398712158
ini_036.png,inicio,0.5921255946159363,0.36636316776275635,0.5972175002098083,0.3550010919570923,0.5992717742919922,0.3551176190376282,0.6014890074729919,0.35541823506355286,0.5952437520027161,0.3538110554218292,0.5958858728408813,0.353630006313324,0.5968477129936218,0.3534349203109741,0.6233049631118774,0.36240798234939575,0.613799512386322,0.3593868613243103,0.6000065207481384,0.3800026476383209,0.5968596339225769,0.37983420491218567,0.6319471001625061,0.4365212321281433,0.6177714467048645,0.42589762806892395,0.5809564590454102,0.5192099213600159,0.5564171671867371,0.4851609468460083,0.4733606278896332,0.5481786131858826,0.48103955388069153,0.5083112716674805
ini_037.png,inicio,0.5245993733406067,0.3408203721046448,0.5308647155761719,0.32921749353408813,0.5326066613197327,0.3292240500450134,0.5343517661094666,0.32939743995666504,0.5305644869804382,0.3280830383300781,0.531823456287384,0.3272565007209778,0.5336003303527832,0.32674074172973633,0.556315541267395,0.33629289269447327,0.5539658069610596,0.3343196511268616,0.5334905982017517,0.35511526465415955,0.5339056253433228,0.3553333282470703,0.577444314956665,0.4230620265007019,0.5594176054000854,0.40213656425476074,0.5236543416976929,0.5167227387428284,0.49628815054893494,0.4647061228752136,0.4185298681259155,0.5436925292015076,0.4212685227394104,0.49201011657714844
ini_038.png,inicio,0.5298638343811035,0.3407095670700073,0.5373628735542297,0.3283799886703491,0.5391504764556885,0.3284062147140503,0.5410170555114746,0.32859426736831665,0.5363072156906128,0.3269176483154297,0.5372488498687744,0.32596713304519653,0.5383728742599487,0.3253028392791748,0.562335729598999,0.333781898021698,0.5582246780395508,0.331344336271286,0.5375204086303711,0.3544943630695343,0.537741482257843,0.3543636202812195,0.5780249238014221,0.4208562672138214,0.5655099749565125,0.3971751034259796,0.5267010927200317,0.5174098014831543,0.505312979221344,0.4650145471096039,0.41642603278160095,0.5424780249595642,0.42816370725631714,0.4914729595184326
ini_039.png,inicio,0.5550679564476013,0.33943092823028564,0.5614511966705322,0.32822972536087036,0.5634377002716064,0.32859745621681213,0.5655307769775391,0.32904914021492004,0.5602725744247437,0.32680144906044006,0.5612372756004333,0.3261937201023102,0.5623284578323364,0.3257136344909668,0.589231550693512,0.3359726667404175,0.5829018354415894,0.33212795853614807,0.562698483467102,0.3545442819595337,0.5631043314933777,0.35459017753601074,0.6062023639678955,0.4161665439605713,0.585368812084198,0.39730241894721985,0.5474002957344055,0.5074857473373413,0.5179721713066101,0.4652830958366394,0.44546568393707275,0.5411288142204285,0.43927523493766785,0.4931715726852417
ini_040.png,inicio,0.6697391867637634,0.3359013497829437,0.6817026138305664,0.32362037897109985,0.685303807258606,0.3239041268825531,0.6901871562004089,0.32433462142944336,0.6757462024688721,0.32192471623420715,0.6749216318130493,0.32094115018844604,0.674136757850647,0.31992337107658386,0.7159079313278198,0.331874281167984,0.694166898727417,0.32620900869369507,0.6795068979263306,0.3518778383731842,0.6737611293792725,0.3509238362312317,0.7243558764457703,0.42040300369262695,0.6915469765663147,0.3967946171760559,0.6631538271903992,0.5144756436347961,0.6191164255142212,0.46269160509109497,0.554796576499939,0.5490424633026123,0.5388475656509399,0.4938335716724396
ini_041.png,inicio,0.5875433683395386,0.3400636315345764,0.5986170768737793,0.326855331659317,0.6028143763542175,0.32713693380355835,0.6072747111320496,0.32751134037971497,0.592025101184845,0.32586926221847534,0.5916461944580078,0.3254895806312561,0.5913390517234802,0.32512331008911133,0.6293947696685791,0.33812665939331055,0.6104848384857178,0.3311803936958313,0.598480761051178,0.35741955041885376,0.5909274220466614,0.35552358627319336,0.641906201839447,0.4150659739971161,0.6050541400909424,0.3927987813949585,0.5901831388473511,0.5061565041542053,0.538110077381134,0.45725709199905396,0.4826135039329529,0.5444942116737366,0.46627843379974365,0.4917864203453064
ini_042.png,inicio,0.5928903818130493,0.3322456479072571,0.6042845845222473,0.32036811113357544,0.6073369979858398,0.32093557715415955,0.6104470491409302,0.32156115770339966,0.5983955264091492,0.31914210319519043,0.5981032848358154,0.3189537823200226,0.5978494882583618,0.31875619292259216,0.631783127784729,0.3360278308391571,0.6155036687850952,0.32682186365127563,0.5999836325645447,0.351635217666626,0.593899130821228,0.3482967019081116,0.6367534399032593,0.42144083976745605,0.6059716939926147,0.39527806639671326,0.585634708404541,0.5093228220939636,0.5434363484382629,0.46138453483581543,0.482788622379303,0.5455709099769592,0.4676513969898224,0.49488401412963867
ini_043.png,inicio,0.6616337895393372,0.34975773096084595,0.6781994104385376,0.33744046092033386,0.6835030913352966,0.3377421200275421,0.6891142725944519,0.33815696835517883,0.6687978506088257,0.3363502025604248,0.6672525405883789,0.33568015694618225,0.6657947301864624,0.3349510133266449,0.7179471850395203,0.3478485345840454,0.6864205598831177,0.34144750237464905,0.6735366582870483,0.367010235786438,0.6614673137664795,0.36566609144210815,0.7190967798233032,0.4301261305809021,0.6746336817741394,0.4048265218734741,0.6581700444221497,0.5189242362976074,0.6056100130081177,0.47146525979042053,0.5509516000747681,0.5595231056213379,0.5273643136024475,0.505250096321106
ini_044.png,inicio,0.6080546975135803,0.4528862535953522,0.6189360618591309,0.4410140812397003,0.6229651570320129,0.44080930948257446,0.627249538898468,0.4407024681568146,0.6134249567985535,0.4407230615615845,0.6135541200637817,0.4405939280986786,0.6139186024665833,0.4401848018169403,0.6548179388046265,0.4482631981372833,0.6374030709266663,0.44687461853027344,0.6195103526115417,0.4681166112422943,0.6136976480484009,0.46762457489967346,0.66419917345047,0.51829993724823,0.6390669345855713,0.5059686303138733,0.6227196455001831,0.6033663153648376,0.5823283195495605,0.5709800720214844,0.5244753956794739,0.6435250043869019,0.5049002170562744,0.5985527038574219
ini_045.png,inicio,0.6074389219284058,0.45598065853118896,0.6195589303970337,0.4439888596534729,0.6239434480667114,0.4440208375453949,0.6296956539154053,0.44410330057144165,0.612576961517334,0.44367197155952454,0.611974835395813,0.44353875517845154,0.6117216944694519,0.4433334767818451,0.653948962688446,0.45152392983436584,0.6341043710708618,0.449605256319046,0.6188049912452698,0.4717341661453247,0.6111606359481812,0.47110122442245483,0.663844645023346,0.5201361179351807,0.6350405812263489,0.5087079405784607,0.6247338056564331,0.60906982421875,0.5787419676780701,0.5752854347229004,0.524436891078949,0.6476487517356873,0.5042161345481873,0.6021181344985962
ini_046.png,inicio,0.5998352766036987,0.4334146976470947,0.6113485097885132,0.42301905155181885,0.6152245998382568,0.42339035868644714,0.6193658113479614,0.4239349663257599,0.604892373085022,0.42269718647003174,0.6045276522636414,0.42274829745292664,0.604277491569519,0.4227754771709442,0.6428972482681274,0.4382508099079132,0.6195880770683289,0.4326104521751404,0.608230471611023,0.45201432704925537,0.6019051671028137,0.44951263070106506,0.6490660905838013,0.5088468790054321,0.617882251739502,0.493498295545578,0.6128532290458679,0.6004359722137451,0.5662011504173279,0.5604288578033447,0.5084316730499268,0.6279057860374451,0.4923609495162964,0.5876119136810303
ini_047.png,inicio,0.5889486074447632,0.4370357096195221,0.5986504554748535,0.42599090933799744,0.6022151708602905,0.42602136731147766,0.6059282422065735,0.4261991083621979,0.5939462184906006,0.4257272779941559,0.5941781401634216,0.4255301356315613,0.5946572422981262,0.42537635564804077,0.632195234298706,0.433981329202652,0.6148079633712769,0.43125656247138977,0.6008350253105164,0.4516015946865082,0.5958681106567383,0.45092108845710754,0.6454414129257202,0.5085119009017944,0.6165178418159485,0.49221372604370117,0.609914243221283,0.5983721613883972,0.5677004456520081,0.5626495480537415,0.5103668570518494,0.6299321055412292,0.4909980297088623,0.5910287499427795
ini_048.png,inicio,0.6061676144599915,0.4347648024559021,0.618412435054779,0.4245958626270294,0.6233173608779907,0.42484423518180847,0.6278087496757507,0.4250441789627075,0.6116776466369629,0.4241775572299957,0.6105625629425049,0.42398515343666077,0.6095207929611206,0.4236668050289154,0.6512795090675354,0.4337509870529175,0.6249385476112366,0.4306819438934326,0.6157961487770081,0.44911229610443115,0.6093735694885254,0.4487062990665436,0.6595877408981323,0.5043772459030151,0.627400815486908,0.4935706853866577,0.6200152635574341,0.592076301574707,0.5755245685577393,0.559584379196167,0.5251801609992981,0.631956934928894,0.4972917139530182,0.5904324054718018
ini_049.png,inicio,0.5831077694892883,0.43817922472953796,0.5942938327789307,0.42770808935165405,0.6002281904220581,0.4280592203140259,0.6054075360298157,0.4284820556640625,0.587648332118988,0.42865949869155884,0.5869907736778259,0.42908552289009094,0.5867651104927063,0.4294223189353943,0.6211904883384705,0.4348849952220917,0.6025831699371338,0.4372652471065521,0.5933162569999695,0.4538459777832031,0.5866978764533997,0.45419514179229736,0.6356714963912964,0.5088133811950684,0.5914899706840515,0.4997270703315735,0.602904200553894,0.5954325199127197,0.5393154621124268,0.5675200819969177,0.5043752789497375,0.63150954246521,0.465679794549942,0.598318874835968
ini_050.png,inicio,0.5840855836868286,0.44557297229766846,0.595866858959198,0.43316876888275146,0.6004081964492798,0.4329354465007782,0.6061125993728638,0.4326082170009613,0.5882807374000549,0.4332263469696045,0.5875788331031799,0.43297410011291504,0.5872529745101929,0.4326523542404175,0.633549153804779,0.4402763843536377,0.6073309183120728,0.43801507353782654,0.5972744822502136,0.46067923307418823,0.5880849957466125,0.4596850872039795,0.6472221612930298,0.5142171382904053,0.6073298454284668,0.499872624874115,0.6125397682189941,0.6021071672439575,0.5562114119529724,0.5683450102806091,0.5174875855445862,0.6410439610481262,0.48168668150901794,0.5993483662605286
ini_051.png,inicio,0.5357002019882202,0.43759310245513916,0.5476018786430359,0.42603936791419983,0.5529306530952454,0.42512643337249756,0.5597535967826843,0.4240877628326416,0.5367252826690674,0.4282199442386627,0.5342345237731934,0.4287066161632538,0.5318713784217834,0.4290318489074707,0.5835850238800049,0.42908385396003723,0.5499941110610962,0.4336667060852051,0.5536859631538391,0.4507940411567688,0.5379493236541748,0.45249703526496887,0.6007770299911499,0.4997140169143677,0.5487920045852661,0.4949200749397278,0.5739667415618896,0.5839918255805969,0.5001960396766663,0.5627442002296448,0.4923878312110901,0.6322369575500488,0.42724713683128357,0.5941927433013916
ini_052.png,inicio,0.586268961429596,0.4201948046684265,0.5999698638916016,0.41033560037612915,0.60840904712677,0.40979844331741333,0.6174547672271729,0.40918275713920593,0.5858463048934937,0.41144824028015137,0.5827572345733643,0.41190460324287415,0.5801162719726562,0.41238629817962646,0.6431413888931274,0.41653090715408325,0.595238983631134,0.4214227795600891,0.6039304137229919,0.43536102771759033,0.5853705406188965,0.43619847297668457,0.6533172726631165,0.4895683526992798,0.5890864133834839,0.4830949902534485,0.6194455027580261,0.5757923722267151,0.5410984754562378,0.54913729429245,0.5368995666503906,0.6221559047698975,0.47221145033836365,0.5853196978569031
ini_053.png,inicio,0.6402431130409241,0.43050283193588257,0.6551126837730408,0.41728875041007996,0.6625998020172119,0.41690701246261597,0.6723770499229431,0.4165530800819397,0.6392847299575806,0.41865402460098267,0.635110080242157,0.4188953638076782,0.6310210824012756,0.41915684938430786,0.692516028881073,0.4248737096786499,0.6412490010261536,0.42597633600234985,0.6572092771530151,0.44726744294166565,0.636002242565155,0.4460492730140686,0.7032745480537415,0.4957779347896576,0.6351460218429565,0.48646461963653564,0.670434296131134,0.5808340907096863,0.5900649428367615,0.5540769100189209,0.5768541097640991,0.6276951432228088,0.5163581371307373,0.5912675857543945
ini_054.png,inicio,0.6388218402862549,0.4242026209831238,0.6529622077941895,0.4134650230407715,0.6592932939529419,0.413674533367157,0.6652843952178955,0.41396889090538025,0.6390012502670288,0.41370266675949097,0.6355668306350708,0.4138150215148926,0.6323040723800659,0.4138600528240204,0.6893402338027954,0.4238610863685608,0.6463441252708435,0.4217953681945801,0.6532948017120361,0.441137433052063,0.6356586813926697,0.43961748480796814,0.7015541791915894,0.4955224394798279,0.6374515891075134,0.48479995131492615,0.6706027388572693,0.5807039141654968,0.591071605682373,0.5541266202926636,0.5893243551254272,0.6259422898292542,0.5185039043426514,0.5918096899986267
ini_055.png,inicio,0.6722803711891174,0.4235079288482666,0.6869885325431824,0.4126192331314087,0.6938362121582031,0.4126901924610138,0.7039731740951538,0.4127758741378784,0.6702026128768921,0.41336506605148315,0.6657776236534119,0.4138508439064026,0.6615266799926758,0.4143311083316803,0.721291184425354,0.4224227964878082,0.6691843271255493,0.4234693646430969,0.6861106157302856,0.44158899784088135,0.6655570268630981,0.44116276502609253,0.7280411720275879,0.4990823268890381,0.6667726039886475,0.4883807897567749,0.697454571723938,0.5853980779647827,0.6239106059074402,0.5542591214179993,0.6127459406852722,0.6307600140571594,0.5509117245674133,0.5901594758033752
ini_056.png,inicio,0.7310662865638733,0.44744861125946045,0.7458449006080627,0.435349702835083,0.7537040710449219,0.4350811243057251,0.7614049315452576,0.43482106924057007,0.7322248816490173,0.4363401532173157,0.7285524606704712,0.43663638830184937,0.7247708439826965,0.43684500455856323,0.7874630093574524,0.4436456859111786,0.7394955158233643,0.44274330139160156,0.7482395172119141,0.46413570642471313,0.7278137803077698,0.4633916914463043,0.7934679388999939,0.5165555477142334,0.7352839112281799,0.5035545229911804,0.7562474012374878,0.6033246517181396,0.6843236088752747,0.5687808394432068,0.6654083728790283,0.6475831866264343,0.609121561050415,0.6006553173065186
ini_057.png,inicio,0.7140707969665527,0.44529932737350464,0.7272446155548096,0.43363049626350403,0.7342576384544373,0.4327765107154846,0.7429307699203491,0.43230658769607544,0.711890459060669,0.43664684891700745,0.7074993252754211,0.4376710057258606,0.7033873796463013,0.438541054725647,0.7667981386184692,0.4415181875228882,0.7147461175918579,0.4464647173881531,0.7329709529876709,0.4614458680152893,0.7101251482963562,0.46121346950531006,0.7781855463981628,0.5149935483932495,0.7125588655471802,0.5080083012580872,0.7382128834724426,0.6014993190765381,0.6597099304199219,0.5777570605278015,0.6464588046073914,0.6477026343345642,0.5911087989807129,0.6053954362869263
ini_058.png,inicio,0.6246305108070374,0.4546169936656952,0.6391741037368774,0.4325858950614929,0.6393125057220459,0.43243029713630676,0.6392252445220947,0.4325929582118988,0.641228437423706,0.4322536289691925,0.6427925229072571,0.4320020079612732,0.644166111946106,0.4321460425853729,0.6623517274856567,0.45526665449142456,0.663491427898407,0.4496360421180725,0.6381187438964844,0.4594597816467285,0.6401628255844116,0.46126607060432434,0.6621648073196411,0.5313040614128113,0.6750361919403076,0.5215141773223877,0.6055195331573486,0.6210118532180786,0.6228086352348328,0.5824358463287354,0.4915238916873932,0.6464571952819824,0.5345176458358765,0.6064056158065796
ini_059.png,inicio,0.6428437232971191,0.43264785408973694,0.6510435938835144,0.42310282588005066,0.651532769203186,0.42329928278923035,0.6535986065864563,0.4238288998603821,0.6526175737380981,0.4224826395511627,0.6542807817459106,0.4222935736179352,0.6577821373939514,0.4224502742290497,0.6710317134857178,0.4347328841686249,0.6758471131324768,0.4332081079483032,0.6470675468444824,0.44747379422187805,0.6489974856376648,0.44740304350852966,0.6743274927139282,0.524754524230957,0.6851035356521606,0.5110768675804138,0.6101608872413635,0.6227053999900818,0.6289350986480713,0.5879523158073425,0.49135392904281616,0.6430229544639587,0.5282043218612671,0.6074713468551636
ini_062.png,inicio,0.6746374368667603,0.44324618577957153,0.6852306127548218,0.4341060519218445,0.6865606307983398,0.4344419836997986,0.6878053545951843,0.4348307251930237,0.6871384978294373,0.4333968758583069,0.6891403794288635,0.43320268392562866,0.6912904977798462,0.4330334961414337,0.7004139423370361,0.44040024280548096,0.7065170407295227,0.4382845163345337,0.6766520738601685,0.4540950059890747,0.6769024729728699,0.453205406665802,0.6896389722824097,0.5036442875862122,0.7232514023780823,0.49852830171585083,0.6221563220024109,0.587473452091217,0.6614968776702881,0.5664706230163574,0.523066520690918,0.6082900166511536,0.5743668675422668,0.5859540700912476
ini_063.png,inicio,0.6293779611587524,0.4420544505119324,0.6358523964881897,0.4331832528114319,0.6456535458564758,0.4141489863395691,0.6448286771774292,0.4144614040851593,0.6372723579406738,0.4311620891094208,0.6389499306678772,0.43011969327926636,0.6407637596130371,0.4291045665740967,0.6520165205001831,0.43623781204223633,0.6559461355209351,0.4299425482749939,0.6340887546539307,0.4520924687385559,0.6339198350906372,0.4497993588447571,0.6547321677207947,0.49504631757736206,0.6986881494522095,0.4774191975593567,0.5878259539604187,0.5819962620735168,0.6414611339569092,0.5417065024375916,0.4853043854236603,0.6040091514587402,0.5646033883094788,0.5602168440818787
ini_065.png,inicio,0.6371398568153381,0.4129859209060669,0.6440348625183105,0.4038834869861603,0.6448186635971069,0.404013067483902,0.6454957723617554,0.40439942479133606,0.6467366218566895,0.40290021896362305,0.649178683757782,0.40279215574264526,0.6517723202705383,0.402728796005249,0.6621271371841431,0.41256216168403625,0.6708638668060303,0.41207155585289,0.6404962539672852,0.4279279410839081,0.6427136659622192,0.42846161127090454,0.655363142490387,0.4992997646331787,0.6791808009147644,0.4895644783973694,0.5855463743209839,0.5901843309402466,0.626587986946106,0.5589466691017151,0.48091667890548706,0.6042279005050659,0.5438114404678345,0.5666525363922119
ini_066.png,inicio,0.6278534531593323,0.43804696202278137,0.6349430680274963,0.42731234431266785,0.6360272169113159,0.42773038148880005,0.6376778483390808,0.4284299612045288,0.6348744630813599,0.4265507757663727,0.6360462307929993,0.42638227343559265,0.6371713280677795,0.42642942070961,0.6545349359512329,0.43524691462516785,0.6549835205078125,0.433896541595459,0.6325647830963135,0.4522038996219635,0.6331063508987427,0.4520130753517151,0.6781192421913147,0.5146681070327759,0.6596680879592896,0.5010368227958679,0.6281790733337402,0.6049442887306213,0.6072054505348206,0.5683243274688721,0.5396619439125061,0.6363244652748108,0.5313382744789124,0.5941563844680786
ini_067.png,inicio,0.6290138959884644,0.44491299986839294,0.6356831789016724,0.4356550872325897,0.6371210217475891,0.43594974279403687,0.6391886472702026,0.4364813268184662,0.6344167590141296,0.43527570366859436,0.6350337266921997,0.43530532717704773,0.635792076587677,0.4354851543903351,0.6557042598724365,0.44294923543930054,0.65229332447052,0.44200873374938965,0.6332666873931885,0.4584835171699524,0.6335029602050781,0.4586915075778961,0.683147132396698,0.5128439664840698,0.6578022837638855,0.505561113357544,0.6306423544883728,0.5950363278388977,0.6018208265304565,0.5679773092269897,0.5434809923171997,0.6370713710784912,0.5332451462745667,0.5957790017127991
ini_068.png,inicio,0.6362295150756836,0.44553616642951965,0.6433967351913452,0.43637004494667053,0.6452902555465698,0.43649953603744507,0.6479836702346802,0.43678462505340576,0.6412715911865234,0.43579214811325073,0.6417444348335266,0.43546944856643677,0.6422855854034424,0.43514955043792725,0.6672391295433044,0.4418202042579651,0.658697783946991,0.4392063617706299,0.64110267162323,0.45871835947036743,0.639792263507843,0.4583262801170349,0.6880183219909668,0.5125794410705566,0.6629493236541748,0.502390444278717,0.6424710750579834,0.5937947630882263,0.6023931503295898,0.5606745481491089,0.5472990274429321,0.6346398591995239,0.535041868686676,0.5889872312545776
ini_069.png,inicio,0.6357203125953674,0.43819108605384827,0.6434316039085388,0.4287399351596832,0.645746111869812,0.42898738384246826,0.6480122804641724,0.4294106364250183,0.6402820348739624,0.4281410276889801,0.6404500603675842,0.42790892720222473,0.6408018469810486,0.42777830362319946,0.6687281131744385,0.4374411404132843,0.658608078956604,0.43459880352020264,0.6417561769485474,0.45250391960144043,0.6397762298583984,0.4519004821777344,0.6847140192985535,0.5122500658035278,0.6685726046562195,0.4973328709602356,0.6397445201873779,0.5948899388313293,0.6078162789344788,0.5577213764190674,0.5448485612869263,0.6334001421928406,0.5333157777786255,0.587330162525177
ini_070.png,inicio,0.6007575392723083,0.436424195766449,0.6095940470695496,0.4290207028388977,0.613644003868103,0.4289174973964691,0.6173906922340393,0.4288867712020874,0.6056545972824097,0.43016451597213745,0.6058234572410583,0.43062254786491394,0.6063718795776367,0.43094515800476074,0.6374104022979736,0.438846230506897,0.6231293678283691,0.43794381618499756,0.6087116003036499,0.4483296871185303,0.6047828793525696,0.44946014881134033,0.6475479006767273,0.503624677658081,0.6144269704818726,0.4952765107154846,0.6126790046691895,0.5852452516555786,0.5688574910163879,0.5563694834709167,0.5208049416542053,0.6181775331497192,0.5007466673851013,0.5816155076026917
ini_071.png,inicio,0.5958305597305298,0.4488809406757355,0.6062333583831787,0.43783771991729736,0.6103142499923706,0.43782976269721985,0.6162272691726685,0.43813157081604004,0.5998415350914001,0.4376276135444641,0.5992987751960754,0.4374309480190277,0.599111795425415,0.4372122585773468,0.6409651041030884,0.44665491580963135,0.6211398839950562,0.44249260425567627,0.6073563098907471,0.4631155729293823,0.5999000072479248,0.4613380432128906,0.6491221189498901,0.5143687129020691,0.6155161261558533,0.5003516674041748,0.6127625107765198,0.5909584760665894,0.5689874291419983,0.5593300461769104,0.5265617966651917,0.6247559189796448,0.5030981302261353,0.5816731452941895
ini_072.png,inicio,0.6545488834381104,0.44874879717826843,0.6652665734291077,0.4399833679199219,0.6691291332244873,0.4400767683982849,0.6754823923110962,0.44064730405807495,0.6576413512229919,0.44012245535850525,0.6559627652168274,0.44018232822418213,0.6543810963630676,0.44018030166625977,0.6866897344589233,0.4489881694316864,0.6664028167724609,0.4463525712490082,0.6631065011024475,0.4630656838417053,0.6544196605682373,0.46254557371139526,0.7006422281265259,0.5142208337783813,0.6608403921127319,0.5048266053199768,0.663502037525177,0.5880276560783386,0.6103506684303284,0.5625894069671631,0.5790882706642151,0.6268460750579834,0.5471178889274597,0.5862290859222412
ini_073.png,inicio,0.6353748440742493,0.4201914072036743,0.6407118439674377,0.41088151931762695,0.6417997479438782,0.4109209477901459,0.6428539752960205,0.4110218584537506,0.640291154384613,0.41036999225616455,0.6413154602050781,0.41011613607406616,0.6433152556419373,0.4099927544593811,0.6602308750152588,0.4164823293685913,0.6596090197563171,0.41457486152648926,0.6398858428001404,0.4328952431678772,0.6400945782661438,0.4320580065250397,0.677478551864624,0.4898628890514374,0.669543445110321,0.4771435856819153,0.6379368901252747,0.5748995542526245,0.6198614239692688,0.5412071347236633,0.5459661483764648,0.602277398109436,0.5525937676429749,0.5598878264427185
ini_074.png,inicio,0.5821928381919861,0.41545191407203674,0.5861063599586487,0.40559715032577515,0.5863839387893677,0.4055267870426178,0.587456226348877,0.40556472539901733,0.5877857208251953,0.4050925374031067,0.5892947316169739,0.4047940969467163,0.5907135009765625,0.4045634865760803,0.6028646230697632,0.4113682508468628,0.6086356043815613,0.41166016459465027,0.5867694020271301,0.4275805354118347,0.5889967679977417,0.42750394344329834,0.6183610558509827,0.48848772048950195,0.6174077987670898,0.4785449206829071,0.5854719877243042,0.5744273066520691,0.5711823105812073,0.5365800857543945,0.4958272874355316,0.5991212725639343,0.5148720145225525,0.561583399772644
ini_075.png,inicio,0.6354448795318604,0.41822922229766846,0.6416776776313782,0.40689629316329956,0.6426539421081543,0.4068676233291626,0.6436491012573242,0.40704503655433655,0.6428319811820984,0.4062116742134094,0.6447172164916992,0.405813068151474,0.646793007850647,0.4056010842323303,0.6601837873458862,0.41393813490867615,0.6643551588058472,0.41070884466171265,0.6400201916694641,0.43014106154441833,0.6414220333099365,0.4302874803543091,0.6707953214645386,0.491997092962265,0.6739399433135986,0.47698676586151123,0.6317192912101746,0.5773048400878906,0.6213510036468506,0.5300799608230591,0.5429983139038086,0.5967101454734802,0.5626659989356995,0.5584391951560974
ini_076.png,inicio,0.6438438892364502,0.41458410024642944,0.6491658091545105,0.4062589406967163,0.649703323841095,0.4062961935997009,0.650113046169281,0.40636545419692993,0.651129424571991,0.40563222765922546,0.6531458497047424,0.4053155779838562,0.6551148891448975,0.40504705905914307,0.6675567030906677,0.412594735622406,0.6741615533828735,0.4104188084602356,0.6493218541145325,0.4260703921318054,0.65215003490448,0.4258597195148468,0.6806105971336365,0.4906187653541565,0.6800154447555542,0.4765099287033081,0.6415562033653259,0.5758035778999329,0.6418563723564148,0.5420655012130737,0.5448782444000244,0.5986368656158447,0.5745030641555786,0.561405599117279
ini_077.png,inicio,0.6343933939933777,0.42141151428222656,0.6399408578872681,0.41120266914367676,0.6409377455711365,0.4111959934234619,0.6420103311538696,0.4114765524864197,0.6401716470718384,0.41072744131088257,0.6413348913192749,0.41053009033203125,0.6427567005157471,0.41061514616012573,0.6675921678543091,0.4302930533885956,0.6586491465568542,0.4178068935871124,0.6379815936088562,0.43149739503860474,0.6381646990776062,0.43205273151397705,0.6610734462738037,0.49681055545806885,0.6661540865898132,0.48254895210266113,0.6213023662567139,0.5791878700256348,0.6224936842918396,0.5345542430877686,0.5209930539131165,0.6046799421310425,0.5556877255439758,0.5606147050857544
ini_078.png,inicio,0.664559006690979,0.46137404441833496,0.6731632351875305,0.455596923828125,0.6747801899909973,0.455928236246109,0.6763290762901306,0.4562828838825226,0.6715465784072876,0.4549078345298767,0.6714780926704407,0.4545985460281372,0.6714786291122437,0.4543415307998657,0.6836919784545898,0.4611402153968811,0.6787809133529663,0.4578774571418762,0.6656269431114197,0.46935415267944336,0.6622738242149353,0.4682164788246155,0.6777676939964294,0.4892759919166565,0.6731694340705872,0.4956044852733612,0.6424593925476074,0.5569645762443542,0.6356963515281677,0.5424194931983948,0.5566701889038086,0.5966846346855164,0.5951336622238159,0.5576843023300171
ini_079.png,inicio,0.6546229124069214,0.462100088596344,0.6631038188934326,0.4551839530467987,0.6640936732292175,0.45530134439468384,0.6650457978248596,0.455449640750885,0.6639602184295654,0.45498496294021606,0.6650402545928955,0.4547663927078247,0.6661829948425293,0.4545769691467285,0.6740550994873047,0.4596558213233948,0.6772640943527222,0.45786216855049133,0.6554956436157227,0.47011372447013855,0.6549147963523865,0.46945929527282715,0.6793717741966248,0.4925309419631958,0.6879825592041016,0.500292181968689,0.6279537081718445,0.562349259853363,0.6381769180297852,0.55061936378479,0.5494792461395264,0.5984333157539368,0.5912864804267883,0.5695247054100037
ini_082.png,inicio,0.564754068851471,0.4737737774848938,0.5710979700088501,0.4677775502204895,0.5722318887710571,0.4678748846054077,0.5733046531677246,0.46800264716148376,0.571223258972168,0.4675186276435852,0.571770429611206,0.46726691722869873,0.5724019408226013,0.46705442667007446,0.5808042883872986,0.4704820215702057,0.5811811685562134,0.46882373094558716,0.5663121342658997,0.47967880964279175,0.5648152828216553,0.479026198387146,0.5738717913627625,0.4907880425453186,0.5981841683387756,0.4999920129776001,0.5485626459121704,0.5544385313987732,0.5646082162857056,0.543221116065979,0.48407629132270813,0.5813050866127014,0.5120104551315308,0.5632821321487427
ini_083.png,inicio,0.607780933380127,0.48033419251441956,0.608302652835846,0.47857019305229187,0.6083513498306274,0.47817832231521606,0.6084198951721191,0.4778377115726471,0.6091468334197998,0.4784460663795471,0.6097283959388733,0.4779145419597626,0.610388994216919,0.477372944355011,0.6124348044395447,0.47456246614456177,0.6145025491714478,0.47369247674942017,0.6090644001960754,0.4799005091190338,0.6100482940673828,0.4796406924724579,0.6135125756263733,0.4766552448272705,0.6288634538650513,0.47051018476486206,0.5795380473136902,0.5124204754829407,0.6166805624961853,0.49131473898887634,0.5433933734893799,0.5354734659194946,0.5935095548629761,0.47802138328552246
ini_085.png,inicio,0.6083706617355347,0.4310658872127533,0.6189747452735901,0.420013964176178,0.6242423057556152,0.41947418451309204,0.6317858695983887,0.41912251710891724,0.6086416840553284,0.42148730158805847,0.6064993143081665,0.42177197337150574,0.6045190095901489,0.42198485136032104,0.6520865559577942,0.4258577227592468,0.6156532168388367,0.42752641439437866,0.6217377781867981,0.44299960136413574,0.6094491481781006,0.4434479773044586,0.6646973490715027,0.4830407500267029,0.6171106696128845,0.47679024934768677,0.633294939994812,0.5569515824317932,0.5787762999534607,0.5324469804763794,0.5555949807167053,0.596625804901123,0.5146867036819458,0.5620839595794678
ini_086.png,inicio,0.6065503358840942,0.43527016043663025,0.6181297898292542,0.42434120178222656,0.6241350769996643,0.42377594113349915,0.6306623220443726,0.4232698082923889,0.6070504188537598,0.42607519030570984,0.6042764186859131,0.42655545473098755,0.6016441583633423,0.42688751220703125,0.6529293060302734,0.42957836389541626,0.6138938069343567,0.43099382519721985,0.6215674877166748,0.44868290424346924,0.6061927676200867,0.4480929970741272,0.6628453731536865,0.48617926239967346,0.612350344657898,0.481032133102417,0.6384708881378174,0.5558169484138489,0.5732784271240234,0.5351488590240479,0.5629057288169861,0.5937015414237976,0.5135558247566223,0.5592733025550842
ini_087.png,inicio,0.6170513033866882,0.45320990681648254,0.627586841583252,0.44217729568481445,0.6325579881668091,0.44166865944862366,0.638340175151825,0.44108864665031433,0.6192729473114014,0.4429497718811035,0.6178533434867859,0.4429916739463806,0.6166282296180725,0.4429943561553955,0.6627017259597778,0.44642147421836853,0.6330544948577881,0.44719910621643066,0.6288411617279053,0.46501588821411133,0.6183927655220032,0.46508631110191345,0.6746983528137207,0.5020086765289307,0.6281737685203552,0.4979570209980011,0.6463274359703064,0.5706230998039246,0.5865287780761719,0.5516365766525269,0.5843188762664795,0.6099631786346436,0.526519775390625,0.578174352645874
ini_088.png,inicio,0.5939386487007141,0.4611378312110901,0.5987498760223389,0.45303598046302795,0.6002385020256042,0.4531923830509186,0.601862370967865,0.45345112681388855,0.5979618430137634,0.45263564586639404,0.598875880241394,0.4525284171104431,0.6000892519950867,0.4525194764137268,0.6208256483078003,0.459492951631546,0.6168723106384277,0.45833757519721985,0.600784420967102,0.47313427925109863,0.6007634401321411,0.4732823371887207,0.6360256671905518,0.5231536030769348,0.6233160495758057,0.5144960284233093,0.6005669236183167,0.5976049900054932,0.573665976524353,0.5684042572975159,0.5251742005348206,0.6248774528503418,0.5095123648643494,0.5929114818572998
ini_089.png,inicio,0.6734266877174377,0.43841469287872314,0.6748194098472595,0.4287493824958801,0.6769048571586609,0.4289894104003906,0.6769011616706848,0.42907971143722534,0.6756973266601562,0.4279312491416931,0.6787516474723816,0.42788243293762207,0.6796820163726807,0.42776989936828613,0.6868028044700623,0.4333394169807434,0.6918007135391235,0.43383246660232544,0.6750895380973816,0.4481962323188782,0.6771038174629211,0.44779065251350403,0.6978846192359924,0.5055209398269653,0.6994888782501221,0.5052684545516968,0.6516887545585632,0.5876777768135071,0.6397412419319153,0.553584635257721,0.5741068124771118,0.6180493235588074,0.588114321231842,0.5829504728317261
ini_090.png,inicio,0.6063263416290283,0.44106096029281616,0.6180775165557861,0.43734556436538696,0.6196681261062622,0.4382273554801941,0.6212053298950195,0.43914180994033813,0.6090075373649597,0.43476182222366333,0.6090732216835022,0.4349747896194458,0.6095080971717834,0.43545493483543396,0.6300597786903381,0.45021456480026245,0.6229109168052673,0.4426521062850952,0.6052119135856628,0.45270636677742004,0.6032545566558838,0.4516862630844116,0.6292014122009277,0.506130576133728,0.6275954842567444,0.5065092444419861,0.5945746898651123,0.5819684863090515,0.5846930742263794,0.5572302937507629,0.5055925846099854,0.6133953332901001,0.5359144806861877,0.5813361406326294
ini_091.png,inicio,0.6012680530548096,0.4484837055206299,0.6029556393623352,0.43763887882232666,0.6053903698921204,0.43812358379364014,0.6059504151344299,0.43850651383399963,0.6036823987960815,0.4365771412849426,0.6044899225234985,0.43613606691360474,0.60781329870224,0.4364275336265564,0.6200687885284424,0.4418576657772064,0.6225133538246155,0.4408795237541199,0.6035453081130981,0.45942145586013794,0.6051783561706543,0.4589068293571472,0.6290263533592224,0.5140843391418457,0.6334092617034912,0.5089937448501587,0.5875136852264404,0.5915448069572449,0.5821067690849304,0.5605592727661133,0.5068917870521545,0.6219372153282166,0.5291230082511902,0.582328200340271
ini_092.png,inicio,0.5957376956939697,0.45791560411453247,0.6077979207038879,0.4517258405685425,0.6099648475646973,0.4522289037704468,0.6120710968971252,0.4527575969696045,0.6067228317260742,0.44560325145721436,0.6069122552871704,0.44560784101486206,0.6073983907699585,0.4459858536720276,0.6246765851974487,0.46109694242477417,0.621491551399231,0.45633256435394287,0.5981281399726868,0.4688372313976288,0.5953269600868225,0.4681292772293091,0.6312056183815002,0.5137589573860168,0.6261458396911621,0.5169062614440918,0.5816718339920044,0.5932483077049255,0.5764352083206177,0.5755527019500732,0.4997286796569824,0.6259680986404419,0.522968053817749,0.5917553901672363
ini_093.png,inicio,0.6049875617027283,0.44465282559394836,0.6093375086784363,0.4375843405723572,0.6120048761367798,0.4380820095539093,0.6135937571525574,0.4382340610027313,0.6090409755706787,0.43764007091522217,0.6098553538322449,0.43773791193962097,0.6110525131225586,0.4377392530441284,0.6393533945083618,0.4487724304199219,0.635787844657898,0.44669288396835327,0.6079514622688293,0.4572330415248871,0.610055685043335,0.45947265625,0.6368052959442139,0.5138014554977417,0.6339288353919983,0.5113991498947144,0.5928198099136353,0.5953224301338196,0.5868998169898987,0.5704267621040344,0.5056243538856506,0.6190494298934937,0.5288428068161011,0.5820612907409668
ini_094.png,inicio,0.5934584736824036,0.45718830823898315,0.6037219762802124,0.44515636563301086,0.6042938232421875,0.4453772008419037,0.6074510216712952,0.4463920593261719,0.6038966774940491,0.4446670413017273,0.60457444190979,0.4446689486503601,0.6053032875061035,0.44489434361457825,0.6251140236854553,0.4583202302455902,0.6227195858955383,0.45565134286880493,0.5964083075523376,0.46859192848205566,0.5938607454299927,0.46759164333343506,0.6302985548973083,0.5156147480010986,0.628668487071991,0.5154491662979126,0.5874479413032532,0.5919421911239624,0.5796910524368286,0.5653479695320129,0.5014076828956604,0.6216183304786682,0.5268493890762329,0.5882371664047241
ini_095.png,inicio,0.5825555324554443,0.44979041814804077,0.5946229100227356,0.4350467920303345,0.59441739320755,0.4350578486919403,0.5939331650733948,0.4352499842643738,0.5955401659011841,0.43425247073173523,0.5959168076515198,0.4339393973350525,0.5960798263549805,0.43394461274147034,0.6039469838142395,0.44028276205062866,0.6075317859649658,0.4476313591003418,0.5841644406318665,0.45975008606910706,0.5829764008522034,0.45910724997520447,0.6160839796066284,0.5019575357437134,0.60732102394104,0.4960525631904602,0.5848535895347595,0.5757890939712524,0.5749425292015076,0.5533972978591919,0.49609360098838806,0.6165072321891785,0.5274588465690613,0.5823671817779541
ini_096.png,inicio,0.587068498134613,0.4554004371166229,0.5879726409912109,0.4453994035720825,0.5905300974845886,0.44581031799316406,0.5911067724227905,0.44603168964385986,0.5891281962394714,0.4445551037788391,0.5902085304260254,0.4440852999687195,0.5912081003189087,0.4438937306404114,0.6048527359962463,0.45133689045906067,0.6073068380355835,0.45715251564979553,0.5903267860412598,0.46632978320121765,0.5917447209358215,0.4654146432876587,0.6160175800323486,0.5244066119194031,0.6187291145324707,0.5212435722351074,0.5676334500312805,0.6082194447517395,0.5659031867980957,0.5742902755737305,0.48208993673324585,0.6357521414756775,0.5092484951019287,0.5912836790084839
ini_097.png,inicio,0.5844541788101196,0.3736006021499634,0.5911141633987427,0.3658316135406494,0.5929625630378723,0.3662102520465851,0.5950450301170349,0.3667027950286865,0.5889838337898254,0.3650907874107361,0.5896319150924683,0.3650502860546112,0.5914846658706665,0.3653181791305542,0.6139276623725891,0.37553566694259644,0.6069765090942383,0.373324453830719,0.5874464511871338,0.38564181327819824,0.5865126252174377,0.38579660654067993,0.6207149028778076,0.4394545555114746,0.600671112537384,0.42968136072158813,0.5799742341041565,0.5156378746032715,0.5515965223312378,0.48483988642692566,0.4981693625450134,0.5431942343711853,0.4884360432624817,0.5084960460662842
ini_098.png,inicio,0.5752454400062561,0.38045191764831543,0.5795515775680542,0.37020692229270935,0.5803775191307068,0.37000977993011475,0.5812407732009888,0.36988019943237305,0.5798859596252441,0.36987626552581787,0.5809813737869263,0.3694419860839844,0.5822058916091919,0.36909037828445435,0.5981166362762451,0.3743745684623718,0.5981479287147522,0.3730531930923462,0.580374538898468,0.39068251848220825,0.5799841284751892,0.39115771651268005,0.6145595908164978,0.441173255443573,0.5999689102172852,0.4329978823661804,0.5825816988945007,0.5164492726325989,0.5545915961265564,0.4877369999885559,0.49803176522254944,0.5479236841201782,0.48728862404823303,0.511481523513794
ini_099.png,inicio,0.5767566561698914,0.3874718248844147,0.5824848413467407,0.37825098633766174,0.5837567448616028,0.3784862458705902,0.5849863290786743,0.3788514733314514,0.5808026790618896,0.37739646434783936,0.5813369750976562,0.3771268129348755,0.582955539226532,0.37718039751052856,0.5999695658683777,0.3841648995876312,0.5986596345901489,0.38259756565093994,0.5797610282897949,0.39848387241363525,0.5799368023872375,0.3985769748687744,0.6142078042030334,0.4480045437812805,0.6000569462776184,0.43931686878204346,0.5787323117256165,0.5230093598365784,0.5478636026382446,0.4975450932979584,0.4978673756122589,0.5543525815010071,0.4818395674228668,0.5196270942687988
ini_100.png,inicio,0.580510675907135,0.38174259662628174,0.5868350267410278,0.3730204701423645,0.5879323482513428,0.3732292354106903,0.588999330997467,0.37355101108551025,0.5864484310150146,0.3724285364151001,0.5873504281044006,0.3721466064453125,0.5883429050445557,0.3719105124473572,0.6061257123947144,0.3812218904495239,0.6035986542701721,0.3788139820098877,0.5846397280693054,0.39405807852745056,0.5831696391105652,0.39361560344696045,0.6144238710403442,0.44974976778030396,0.6042727828025818,0.43694108724594116,0.5773577094078064,0.5256197452545166,0.5535097122192383,0.4940527379512787,0.4936172664165497,0.5544512271881104,0.483653724193573,0.5160430073738098
ini_101.png,inicio,0.5670132637023926,0.3861270546913147,0.573947548866272,0.3755296468734741,0.5758243203163147,0.3751952648162842,0.577729344367981,0.37508291006088257,0.572708785533905,0.3749377727508545,0.5735822916030884,0.37443649768829346,0.5745935440063477,0.37400174140930176,0.5977281332015991,0.37992340326309204,0.5939854979515076,0.3780631422996521,0.5732924938201904,0.3976392149925232,0.5727871656417847,0.3979366719722748,0.6077365279197693,0.4495101273059845,0.5975419282913208,0.43503934144973755,0.57365882396698,0.5308771133422852,0.5492167472839355,0.4903903901576996,0.4855886399745941,0.5556644201278687,0.48430919647216797,0.5145576596260071
ini_102.png,inicio,0.5626911520957947,0.39302927255630493,0.5688282251358032,0.38148027658462524,0.5705968737602234,0.3812692165374756,0.5723462700843811,0.3812105655670166,0.5688608884811401,0.3812938928604126,0.5702499151229858,0.3809666633605957,0.5717666149139404,0.380757212638855,0.5932461023330688,0.38688746094703674,0.5919526219367981,0.3856561779975891,0.5692481994628906,0.4041081964969635,0.5699028372764587,0.40484902262687683,0.6038775444030762,0.4551243185997009,0.5944819450378418,0.4433634281158447,0.5711184740066528,0.5329133868217468,0.5447450876235962,0.4972569942474365,0.4823666512966156,0.5627189874649048,0.4798547625541687,0.5213159918785095
ini_103.png,inicio,0.5733749866485596,0.46505606174468994,0.5797430276870728,0.4551425874233246,0.5817187428474426,0.4551863670349121,0.5841986536979675,0.4554128348827362,0.5783252716064453,0.45458561182022095,0.5792056918144226,0.45426124334335327,0.5802578330039978,0.4540374279022217,0.60578852891922,0.46132129430770874,0.6021170020103455,0.45971494913101196,0.5805780291557312,0.47763967514038086,0.5801762342453003,0.4779496192932129,0.6206545829772949,0.5281731486320496,0.6052383780479431,0.5203427672386169,0.583451509475708,0.6105918288230896,0.5513477325439453,0.5799642205238342,0.49691393971443176,0.643449604511261,0.47983765602111816,0.6000962853431702
ini_104.png,inicio,0.5789046883583069,0.4610878825187683,0.5842490196228027,0.4524860978126526,0.5861482620239258,0.4528142213821411,0.5882031321525574,0.4533239006996155,0.5823508501052856,0.4515923857688904,0.5828931331634521,0.4512169361114502,0.5836583375930786,0.4509441554546356,0.6100286245346069,0.4624037742614746,0.6024908423423767,0.456773966550827,0.5854427218437195,0.47413313388824463,0.5843871831893921,0.47372522950172424,0.6203416585922241,0.5286154747009277,0.6088641881942749,0.5139948725700378,0.584845781326294,0.6055898666381836,0.5540786385536194,0.5725338459014893,0.5002021789550781,0.6402086615562439,0.48387694358825684,0.5989525318145752
ini_105.png,inicio,0.6079652905464172,0.4557696580886841,0.6181426644325256,0.4458460807800293,0.6231628060340881,0.44590747356414795,0.6282618045806885,0.4460983872413635,0.6084093451499939,0.4462856352329254,0.6062977313995361,0.44645628333091736,0.6042987108230591,0.44659745693206787,0.6473341584205627,0.45418572425842285,0.6143590211868286,0.452603280544281,0.6201726794242859,0.4691336154937744,0.6072378754615784,0.4683576822280884,0.6516836881637573,0.5102720856666565,0.6129307150840759,0.5022009015083313,0.6166282296180725,0.576962411403656,0.5695158839225769,0.5556367635726929,0.5430847406387329,0.6147602200508118,0.5097499489784241,0.577489972114563
ini_106.png,inicio,0.6057168841362,0.4610479474067688,0.6169548034667969,0.451337993144989,0.6238985657691956,0.4516223073005676,0.6310989856719971,0.4520547389984131,0.605060875415802,0.4515617787837982,0.6021227240562439,0.45163702964782715,0.5994033217430115,0.4516602158546448,0.6500027179718018,0.45971930027008057,0.6089612245559692,0.45740240812301636,0.6187875866889954,0.47484004497528076,0.6030879020690918,0.47326362133026123,0.6506616473197937,0.5117770433425903,0.6091698408126831,0.5034432411193848,0.6156629323959351,0.5771268010139465,0.5668253302574158,0.5571306943893433,0.5474346876144409,0.6146857142448425,0.5091333389282227,0.5797454714775085
ini_107.png,inicio,0.6017683148384094,0.4559561014175415,0.6140511631965637,0.4465787410736084,0.6185745000839233,0.4466004967689514,0.624182939529419,0.4467530846595764,0.6052132844924927,0.4467775821685791,0.6033823490142822,0.44679689407348633,0.6017706394195557,0.44682714343070984,0.6448906660079956,0.453482985496521,0.6163892149925232,0.45238661766052246,0.6132689714431763,0.46833235025405884,0.6016055941581726,0.46859484910964966,0.6548748016357422,0.5136206150054932,0.6134104132652283,0.5026206970214844,0.6208264231681824,0.5839412808418274,0.5733778476715088,0.556282639503479,0.5427796840667725,0.6180074214935303,0.5143141150474548,0.5812931656837463
ini_108.png,inicio,0.6056427955627441,0.45932263135910034,0.6169343590736389,0.44887062907218933,0.6216329336166382,0.44876426458358765,0.6266816258430481,0.44878438115119934,0.6088988184928894,0.44935736060142517,0.607189953327179,0.4493049383163452,0.6055973172187805,0.4491620659828186,0.6471789479255676,0.45592281222343445,0.6207364797592163,0.45459145307540894,0.6174596548080444,0.47136998176574707,0.6057513356208801,0.47131800651550293,0.6575578451156616,0.512566328048706,0.6130936145782471,0.5021044611930847,0.623806357383728,0.5826511979103088,0.567679226398468,0.5570024251937866,0.5476662516593933,0.617080807685852,0.5094989538192749,0.5823037028312683
ini_109.png,inicio,0.6040691137313843,0.4590435028076172,0.6159840226173401,0.44840672612190247,0.6224623322486877,0.4479745030403137,0.6298721432685852,0.4476320147514343,0.6040545701980591,0.44975411891937256,0.6010481119155884,0.4501335620880127,0.5983157753944397,0.45044487714767456,0.6528607606887817,0.4541407525539398,0.6077248454093933,0.4554884135723114,0.6186639070510864,0.4711640179157257,0.6024391651153564,0.4716823697090149,0.6563013792037964,0.5086807608604431,0.6113378405570984,0.5017514228820801,0.622857928276062,0.5760180950164795,0.5728859305381775,0.5546796321868896,0.548673152923584,0.6143032312393188,0.5150403380393982,0.5815569758415222
ini_110.png,inicio,0.5525261759757996,0.48643413186073303,0.5578556060791016,0.4775412678718567,0.5595442056655884,0.4776018261909485,0.5613919496536255,0.47787365317344666,0.557299792766571,0.476989209651947,0.5585293173789978,0.47665873169898987,0.5599081516265869,0.47650301456451416,0.5794240832328796,0.4847419261932373,0.5763605833053589,0.48269379138946533,0.5588440895080566,0.497367799282074,0.5583930015563965,0.4977441430091858,0.5886600017547607,0.5537848472595215,0.5796284079551697,0.5408006906509399,0.5541454553604126,0.6304386258125305,0.5427480340003967,0.5968093872070312,0.4703976809978485,0.6487262845039368,0.4771621823310852,0.6124688386917114
ini_111.png,inicio,0.553914487361908,0.48937106132507324,0.5576580762863159,0.47979816794395447,0.5592541694641113,0.479627788066864,0.5611342191696167,0.47969821095466614,0.5570787787437439,0.47950828075408936,0.5582990050315857,0.4791344404220581,0.5604565739631653,0.4787167012691498,0.5829914212226868,0.4851750135421753,0.5794880390167236,0.48356831073760986,0.5609812140464783,0.4990905225276947,0.5600321292877197,0.49937117099761963,0.5979021787643433,0.5463955998420715,0.5833635330200195,0.53923499584198,0.5639267563819885,0.6235293745994568,0.5412319898605347,0.5955386757850647,0.48064351081848145,0.6461153626441956,0.48207589983940125,0.6113039255142212
ini_112.png,inicio,0.5623863935470581,0.48494449257850647,0.5685760974884033,0.47749412059783936,0.5709683299064636,0.4776173233985901,0.5743463635444641,0.47812002897262573,0.5660974383354187,0.47704827785491943,0.5666152834892273,0.4767882823944092,0.567350447177887,0.47672125697135925,0.5980392694473267,0.4874512851238251,0.5818003416061401,0.48388028144836426,0.5690773725509644,0.49540355801582336,0.5660256147384644,0.49586254358291626,0.5974996089935303,0.5511535406112671,0.5768815875053406,0.5429808497428894,0.5600816011428833,0.6242973208427429,0.5329145193099976,0.5945798754692078,0.47933754324913025,0.6477281451225281,0.4773111045360565,0.6139940619468689
ini_113.png,inicio,0.5573058724403381,0.48557406663894653,0.5620530247688293,0.4764338731765747,0.5631453990936279,0.47642701864242554,0.5643863081932068,0.476601243019104,0.5626336336135864,0.475954532623291,0.5641616582870483,0.4756086468696594,0.5659245848655701,0.47542670369148254,0.582539975643158,0.4829890727996826,0.5826102495193481,0.4809827208518982,0.5619412064552307,0.49683910608291626,0.5615695714950562,0.4973105192184448,0.5946860909461975,0.5499639511108398,0.5837198495864868,0.5400427579879761,0.563275933265686,0.6272067427635193,0.5451964735984802,0.5985353589057922,0.48071399331092834,0.6473691463470459,0.4837501049041748,0.6111721992492676
ini_114.png,inicio,0.5578705072402954,0.48527657985687256,0.5624988675117493,0.4764471650123596,0.5643725991249084,0.4764654040336609,0.5662513971328735,0.4766371548175812,0.5625254511833191,0.47579225897789,0.5638769865036011,0.4753328561782837,0.5653648376464844,0.4750251770019531,0.5862848162651062,0.4831070899963379,0.5827608108520508,0.48118552565574646,0.5644456744194031,0.4956769347190857,0.5638676881790161,0.49518316984176636,0.5985338687896729,0.5469274520874023,0.583768367767334,0.5366723537445068,0.5660898685455322,0.61995929479599,0.5457279086112976,0.5930606126785278,0.48257333040237427,0.6485601663589478,0.4891260862350464,0.6082435250282288
mid_001.png,medio,0.7159857749938965,0.46829819679260254,0.7218414545059204,0.45987552404403687,0.7227746844291687,0.4597078859806061,0.7235819697380066,0.4596303701400757,0.7216600179672241,0.4596231281757355,0.7224871516227722,0.4594956636428833,0.723369300365448,0.45960733294487,0.7434460520744324,0.4615543484687805,0.7395468950271606,0.4668538570404053,0.7259654402732849,0.4743560552597046,0.7250142097473145,0.47488266229629517,0.778156578540802,0.540370762348175,0.7290925979614258,0.5225752592086792,0.7563164830207825,0.6349737048149109,0.6925565600395203,0.5929558277130127,0.7050197720527649,0.7399982213973999,0.6617247462272644,0.6188881993293762
mid_002.png,medio,0.6801431179046631,0.4509117305278778,0.6923110485076904,0.44571512937545776,0.6961178779602051,0.4466642439365387,0.6998682618141174,0.44765421748161316,0.68475741147995,0.43739208579063416,0.6838002800941467,0.4374614655971527,0.682901918888092,0.43771734833717346,0.7123111486434937,0.4556790888309479,0.6914647221565247,0.44793379306793213,0.6856462955474854,0.46212008595466614,0.6763545274734497,0.45928338170051575,0.7296556234359741,0.5066429376602173,0.6710463166236877,0.4985937178134918,0.7057819366455078,0.5894824266433716,0.6273316144943237,0.5551004409790039,0.639589250087738,0.6832065582275391,0.6025198698043823,0.5919841527938843
mid_003.png,medio,0.6628220677375793,0.48060211539268494,0.6762431859970093,0.46125608682632446,0.6764265298843384,0.4612914025783539,0.6795847415924072,0.46319779753685,0.6759672164916992,0.46148306131362915,0.6760331392288208,0.4617365002632141,0.6759985089302063,0.4625679850578308,0.6958688497543335,0.4829152822494507,0.6840822696685791,0.476818323135376,0.6738862991333008,0.4781496822834015,0.6619735360145569,0.48888230323791504,0.7156302332878113,0.5344651937484741,0.6693827509880066,0.5251321792602539,0.6950721144676208,0.6203514933586121,0.6243507266044617,0.5950639247894287,0.6390585899353027,0.7034845948219299,0.5912010073661804,0.6363388299942017
mid_006.png,medio,0.672130286693573,0.4226284921169281,0.6823787689208984,0.4146609306335449,0.682780921459198,0.4150121212005615,0.6866418719291687,0.41748902201652527,0.6834122538566589,0.41378462314605713,0.6845178008079529,0.4137478768825531,0.6855970025062561,0.41428452730178833,0.7002859115600586,0.42474016547203064,0.7041234970092773,0.4312000870704651,0.6777867674827576,0.4334554076194763,0.677996039390564,0.4333438277244568,0.7202609777450562,0.5164248943328857,0.6814885139465332,0.49230021238327026,0.6750249862670898,0.6210839748382568,0.6260726451873779,0.5736955404281616,0.6161603927612305,0.7133848071098328,0.5701912045478821,0.6220741868019104
mid_007.png,medio,0.6774377226829529,0.41407400369644165,0.6881119608879089,0.4062509834766388,0.6884962320327759,0.4065476953983307,0.6933817863464355,0.40898871421813965,0.6890137195587158,0.4053792953491211,0.6899334788322449,0.40528804063796997,0.6911023855209351,0.4056745171546936,0.7075555324554443,0.41726434230804443,0.7137433290481567,0.4232137203216553,0.6837154626846313,0.4247303605079651,0.6835269331932068,0.42430663108825684,0.7263773083686829,0.5122929215431213,0.6824322938919067,0.48601359128952026,0.696715772151947,0.6149601340293884,0.625498354434967,0.5647342801094055,0.6203332543373108,0.7137861251831055,0.5716847777366638,0.6196955442428589
mid_008.png,medio,0.6684991717338562,0.4411294162273407,0.6830928921699524,0.43111395835876465,0.6864823698997498,0.4318755865097046,0.6898218989372253,0.4326924681663513,0.6803138256072998,0.42900732159614563,0.6808354258537292,0.42812812328338623,0.6813083291053772,0.4272398054599762,0.7080718278884888,0.43756991624832153,0.69855135679245,0.4304082989692688,0.6748549938201904,0.4533017575740814,0.6699426174163818,0.4507268965244293,0.7303377389907837,0.5060892701148987,0.6883820295333862,0.4798056483268738,0.6825149059295654,0.6046761870384216,0.632485032081604,0.5479080677032471,0.6154729127883911,0.7129320502281189,0.5902219414710999,0.593834400177002
mid_009.png,medio,0.6846151351928711,0.4116721749305725,0.6925927400588989,0.40544557571411133,0.6929540038108826,0.4059409499168396,0.6933353543281555,0.40672868490219116,0.6938754916191101,0.4045500159263611,0.6950583457946777,0.40458250045776367,0.7057803869247437,0.4090575873851776,0.7128130197525024,0.4199591279029846,0.718428909778595,0.42473551630973816,0.6901381015777588,0.42347776889801025,0.6882410049438477,0.42238566279411316,0.7123706936836243,0.5153687596321106,0.6845194697380066,0.4899272918701172,0.6773325204849243,0.6226553320884705,0.6277533173561096,0.5671824216842651,0.6203725934028625,0.7172776460647583,0.568600594997406,0.597541868686676
mid_010.png,medio,0.6755933165550232,0.41244298219680786,0.6807807087898254,0.4042196273803711,0.6840691566467285,0.40562647581100464,0.6848247051239014,0.4063425362110138,0.6817159652709961,0.4034503698348999,0.6828666925430298,0.4033523201942444,0.6839708685874939,0.40363219380378723,0.6994197368621826,0.4170517325401306,0.7058035731315613,0.42632752656936646,0.6807991862297058,0.42366522550582886,0.6806188225746155,0.4235941767692566,0.7102588415145874,0.5171968936920166,0.6816930174827576,0.496874064207077,0.6790001392364502,0.6238241791725159,0.6306069493293762,0.57680344581604,0.6120893955230713,0.7161292433738708,0.5731284618377686,0.6281532645225525
mid_012.png,medio,0.6655696034431458,0.41417229175567627,0.6726893782615662,0.40576982498168945,0.6740465760231018,0.4060182571411133,0.6778467893600464,0.4076956510543823,0.6725819110870361,0.40429577231407166,0.6737464666366577,0.40373682975769043,0.6751463413238525,0.4036281108856201,0.6955850124359131,0.4177740812301636,0.7028723359107971,0.42513778805732727,0.6747586727142334,0.42525503039360046,0.6736609935760498,0.42436882853507996,0.7087481617927551,0.5120938420295715,0.6808128356933594,0.4912794828414917,0.668792188167572,0.6225329637527466,0.6312430500984192,0.5777971744537354,0.6114638447761536,0.7119935750961304,0.5745508670806885,0.6331415772438049
mid_013.png,medio,0.6772235631942749,0.4359217882156372,0.6933985352516174,0.4300423562526703,0.6943508386611938,0.4303714632987976,0.6948567628860474,0.43093129992485046,0.6931833028793335,0.4288596212863922,0.6932291984558105,0.42866790294647217,0.6932411193847656,0.42846494913101196,0.7166253924369812,0.4492533802986145,0.7052627205848694,0.44021469354629517,0.6766555309295654,0.45141568779945374,0.6823962926864624,0.4457781910896301,0.7101080417633057,0.519298255443573,0.6812413930892944,0.4933769404888153,0.6710996627807617,0.6268025040626526,0.6327757239341736,0.5726763606071472,0.614568829536438,0.7154092192649841,0.5807827115058899,0.6289060115814209
mid_015.png,medio,0.6658304929733276,0.40748000144958496,0.674866795539856,0.4007270336151123,0.6759533286094666,0.40112680196762085,0.6769731044769287,0.40169909596443176,0.6756067276000977,0.39955151081085205,0.677164614200592,0.39930495619773865,0.6787768006324768,0.3993937373161316,0.6967576742172241,0.41385799646377563,0.7029616832733154,0.4197011888027191,0.6753928065299988,0.4200921952724457,0.6749519109725952,0.41937100887298584,0.7086753845214844,0.5142434239387512,0.6806839108467102,0.4928918182849884,0.6747534275054932,0.6208626627922058,0.630314290523529,0.5787895917892456,0.6139950156211853,0.7146834135055542,0.5701215267181396,0.636104941368103
mid_016.png,medio,0.6728086471557617,0.42117786407470703,0.6811020374298096,0.41367048025131226,0.6823661923408508,0.41425615549087524,0.688065767288208,0.41705888509750366,0.6810324788093567,0.4124923348426819,0.6938995122909546,0.4177975058555603,0.6941367387771606,0.41756874322891235,0.7209653854370117,0.4357238709926605,0.7095653414726257,0.4282890558242798,0.682589054107666,0.4321401119232178,0.6815215349197388,0.43162721395492554,0.7250551581382751,0.5158804059028625,0.6819984316825867,0.48827028274536133,0.6778714656829834,0.6138589382171631,0.6210694909095764,0.5577566027641296,0.6154138445854187,0.7114527821540833,0.5734686851501465,0.6106296181678772
mid_017.png,medio,0.6844683885574341,0.4089876413345337,0.6953389644622803,0.4025314450263977,0.6963340044021606,0.4033401608467102,0.6999301910400391,0.40575647354125977,0.6957410573959351,0.40101832151412964,0.6969343423843384,0.40079832077026367,0.6980317234992981,0.401034951210022,0.7151259779930115,0.4210347533226013,0.7208280563354492,0.42578375339508057,0.6902406215667725,0.4241459369659424,0.689703106880188,0.4234274625778198,0.7107888460159302,0.5234232544898987,0.6858518123626709,0.490441232919693,0.6776347756385803,0.6334829926490784,0.6322052478790283,0.5721540451049805,0.6171430349349976,0.7176744937896729,0.5603693723678589,0.6135945320129395
mid_018.png,medio,0.6648259162902832,0.4155597984790802,0.6727771759033203,0.4077305197715759,0.6740835905075073,0.4079066812992096,0.6781746745109558,0.40955960750579834,0.672945499420166,0.4066693186759949,0.6742855906486511,0.40628913044929504,0.6758568286895752,0.40631818771362305,0.7092114090919495,0.43259745836257935,0.7009668946266174,0.429169625043869,0.6746314167976379,0.4272295832633972,0.6740195155143738,0.426570862531662,0.7094167470932007,0.5128171443939209,0.6786854267120361,0.49619030952453613,0.6691271066665649,0.6222866177558899,0.6215687394142151,0.5788599848747253,0.6120684146881104,0.7146865725517273,0.5706667304039001,0.6371511220932007
mid_019.png,medio,0.6695532202720642,0.4131404161453247,0.6755906343460083,0.4056124687194824,0.6762657761573792,0.40629100799560547,0.6788439750671387,0.40828341245651245,0.6765343546867371,0.40390682220458984,0.6777433753013611,0.40348926186561584,0.679008960723877,0.40348145365715027,0.6956554651260376,0.4198310375213623,0.7069180011749268,0.42368271946907043,0.6768352389335632,0.4261949956417084,0.6769747734069824,0.4255433678627014,0.7089312076568604,0.5191617012023926,0.6834440231323242,0.49166351556777954,0.6759559512138367,0.6259406208992004,0.6233497262001038,0.5722511410713196,0.6134601831436157,0.7162725329399109,0.5580909252166748,0.6149902939796448
mid_020.png,medio,0.6719733476638794,0.4174041450023651,0.6775544881820679,0.4085960388183594,0.6807062029838562,0.4099234342575073,0.6820608377456665,0.4106469750404358,0.6773828864097595,0.40739724040031433,0.6782549619674683,0.4069712162017822,0.6792982220649719,0.4070015549659729,0.6988201141357422,0.4212976098060608,0.7075446844100952,0.4290173649787903,0.6778363585472107,0.4279278516769409,0.67661452293396,0.4274841547012329,0.7095974087715149,0.5165644884109497,0.6812912821769714,0.49297624826431274,0.6734695434570312,0.6287409663200378,0.619280219078064,0.56637042760849,0.6190942525863647,0.7179114818572998,0.5697109699249268,0.6084936261177063
mid_022.png,medio,0.5613718032836914,0.5963536500930786,0.5567564964294434,0.6111450791358948,0.5573697686195374,0.6130584478378296,0.5579397678375244,0.6152595281600952,0.5593514442443848,0.6116023063659668,0.5655632019042969,0.6155230402946472,0.5684494376182556,0.6186548471450806,0.5751029253005981,0.639535665512085,0.5909748077392578,0.6293708682060242,0.5743170380592346,0.5923673510551453,0.577526867389679,0.59288489818573,0.5899853110313416,0.6054801344871521,0.6550915241241455,0.6126405596733093,0.5313460826873779,0.6203733682632446,0.6358527541160583,0.6493286490440369,0.500821590423584,0.6186496019363403,0.6300131678581238,0.7286988496780396
mid_023.png,medio,0.6023036241531372,0.5944350957870483,0.6099981665611267,0.6139587759971619,0.5920893549919128,0.6085436344146729,0.6038308143615723,0.6156048774719238,0.6197048425674438,0.61699378490448,0.6218808889389038,0.6194237470626831,0.626833438873291,0.6229652166366577,0.6018663644790649,0.6209475994110107,0.638351559638977,0.6252080798149109,0.6126014590263367,0.5930512547492981,0.6238452792167664,0.5969681739807129,0.5844392776489258,0.5819756984710693,0.6827747821807861,0.6178039908409119,0.5096862316131592,0.6214147806167603,0.6353879570960999,0.6527010202407837,0.43655815720558167,0.6547987461090088,0.6205911040306091,0.7267674207687378
mid_024.png,medio,0.6676301956176758,0.4176856279373169,0.6759545803070068,0.4105488061904907,0.6794722676277161,0.41177788376808167,0.6807655096054077,0.41216737031936646,0.676054060459137,0.40943437814712524,0.6771060824394226,0.40895792841911316,0.6784141659736633,0.408843457698822,0.696689248085022,0.4207579493522644,0.7047179937362671,0.4289211332798004,0.6754568815231323,0.4301847815513611,0.6746610999107361,0.42979753017425537,0.707186222076416,0.5140831470489502,0.6831148266792297,0.4882003664970398,0.6739734411239624,0.6256608963012695,0.6154069304466248,0.5609830021858215,0.6182451844215393,0.7177727222442627,0.5690431594848633,0.6003720164299011
mid_026.png,medio,0.6722484230995178,0.4418770670890808,0.6895173788070679,0.4310718774795532,0.6962583661079407,0.4316995143890381,0.7038244009017944,0.4323815107345581,0.6768762469291687,0.4299185276031494,0.6743466854095459,0.42975062131881714,0.6719502210617065,0.4296853542327881,0.7285192012786865,0.4415123462677002,0.684924304485321,0.43871670961380005,0.6856986284255981,0.45808473229408264,0.6686537861824036,0.454937219619751,0.7338290810585022,0.5063008666038513,0.6680611371994019,0.48819369077682495,0.7184271216392517,0.5690948367118835,0.6183227300643921,0.5450103878974915,0.6752433180809021,0.609703540802002,0.5377798080444336,0.5831959843635559
mid_027.png,medio,0.6775818467140198,0.44418707489967346,0.6948697566986084,0.4321689009666443,0.7019515037536621,0.43221449851989746,0.7099520564079285,0.43235236406326294,0.6802296042442322,0.43272215127944946,0.6767662763595581,0.43313348293304443,0.6734462976455688,0.43358153104782104,0.7351218461990356,0.44078007340431213,0.6844995021820068,0.4410213828086853,0.6931180357933044,0.45945632457733154,0.6734883189201355,0.45812904834747314,0.7367359399795532,0.5097102522850037,0.6737018823623657,0.488572895526886,0.7162163257598877,0.5774403810501099,0.6223125457763672,0.5455566048622131,0.6451201438903809,0.6188554167747498,0.5412973165512085,0.5821027755737305
mid_028.png,medio,0.7682889103889465,0.47410619258880615,0.7874956130981445,0.4637063145637512,0.7926881313323975,0.4648491442203522,0.7976961731910706,0.4660165309906006,0.7817831635475159,0.4626303017139435,0.7816407680511475,0.46284615993499756,0.78147953748703,0.46303310990333557,0.8182333707809448,0.47811421751976013,0.7954478859901428,0.4735415279865265,0.7759687900543213,0.48900938034057617,0.7690995931625366,0.4872789680957794,0.8401838541030884,0.5451583862304688,0.768317461013794,0.5151876211166382,0.8177768588066101,0.6080756187438965,0.7155905961990356,0.5723976492881775,0.7686605453491211,0.6503450274467468,0.6364057064056396,0.6137290596961975
mid_029.png,medio,0.7225306034088135,0.4756515622138977,0.7410445213317871,0.46687114238739014,0.7472032904624939,0.4681997001171112,0.7538899183273315,0.4695761799812317,0.7337231636047363,0.4644477665424347,0.7335503101348877,0.46407008171081543,0.733466386795044,0.463705837726593,0.7814300656318665,0.48060423135757446,0.7479955554008484,0.4742516875267029,0.7337251901626587,0.4895932078361511,0.7254015207290649,0.48670870065689087,0.7999155521392822,0.5468288064002991,0.7279937863349915,0.5150042772293091,0.7788366079330444,0.6107296347618103,0.6776466369628906,0.5705206394195557,0.7290897965431213,0.6534493565559387,0.6027349829673767,0.6123597025871277
mid_030.png,medio,0.6665416955947876,0.4720996618270874,0.6861505508422852,0.4625885486602783,0.6908758878707886,0.46375754475593567,0.6958831548690796,0.46503716707229614,0.6789326071739197,0.4601594805717468,0.6783904433250427,0.45980894565582275,0.6777134537696838,0.4595186710357666,0.7236947417259216,0.47574344277381897,0.6944323182106018,0.4708196520805359,0.6764885783195496,0.48748844861984253,0.6678060293197632,0.48453259468078613,0.750152587890625,0.5367310643196106,0.6723424196243286,0.51436448097229,0.7367943525314331,0.5935654044151306,0.6238390207290649,0.5692042708396912,0.7050986289978027,0.6355406045913696,0.5488501787185669,0.6085683107376099
mid_031.png,medio,0.6448096036911011,0.46573376655578613,0.6641256213188171,0.45677489042282104,0.6685633659362793,0.45776277780532837,0.673449695110321,0.4588915705680847,0.6579555869102478,0.4548467695713043,0.6579369902610779,0.45459115505218506,0.6582796573638916,0.45439988374710083,0.6994357109069824,0.4692996144294739,0.6746756434440613,0.46355491876602173,0.6534297466278076,0.48059773445129395,0.646167516708374,0.47799670696258545,0.7235259413719177,0.5327812433242798,0.6499557495117188,0.5067039728164673,0.7038025259971619,0.5937514901161194,0.6005839705467224,0.5654186010360718,0.6463192105293274,0.6404758095741272,0.5187939405441284,0.605591356754303
mid_032.png,medio,0.641101598739624,0.4727404713630676,0.6631549596786499,0.46055158972740173,0.6690032482147217,0.46177899837493896,0.6760452389717102,0.4634140133857727,0.654235303401947,0.45795464515686035,0.653393566608429,0.45731163024902344,0.6526278257369995,0.456817626953125,0.7042946815490723,0.474380224943161,0.6682705879211426,0.46721920371055603,0.6537068486213684,0.4883033037185669,0.6410413384437561,0.48458555340766907,0.7177262306213379,0.5444129705429077,0.6479726433753967,0.5089097619056702,0.6892645359039307,0.6120441555976868,0.5983627438545227,0.5666870474815369,0.6375669836997986,0.6451483368873596,0.5228668451309204,0.6064987182617188
mid_033.png,medio,0.6563969850540161,0.4791531562805176,0.6742987632751465,0.4701327085494995,0.6797194480895996,0.4709392786026001,0.6851295828819275,0.4717063903808594,0.6657056212425232,0.4688463509082794,0.664968729019165,0.4689443111419678,0.6643916964530945,0.46904224157333374,0.7031293511390686,0.48067620396614075,0.6713228225708008,0.4781107008457184,0.670731246471405,0.49371981620788574,0.6602257490158081,0.49145060777664185,0.7192255258560181,0.5461710691452026,0.6477917432785034,0.5214033722877502,0.6959017515182495,0.6143712997436523,0.5935376882553101,0.5755813717842102,0.6412788033485413,0.6499329805374146,0.517551839351654,0.6149382591247559
mid_034.png,medio,0.6446903347969055,0.46700549125671387,0.663165807723999,0.45815014839172363,0.6683939695358276,0.4594121277332306,0.6742067933082581,0.4607219696044922,0.6550437808036804,0.4556790590286255,0.6542447805404663,0.4552243649959564,0.653583288192749,0.4547731876373291,0.7020593285560608,0.47290724515914917,0.6696298718452454,0.4663596749305725,0.654615581035614,0.4820050299167633,0.6437773704528809,0.4786792993545532,0.7168495655059814,0.5397981405258179,0.646142303943634,0.5100111961364746,0.6905389428138733,0.6025505661964417,0.592678964138031,0.5651596784591675,0.6370836496353149,0.639519214630127,0.5178360939025879,0.6041154265403748
mid_035.png,medio,0.6744971871376038,0.4765055179595947,0.6937413811683655,0.46789056062698364,0.6993371844291687,0.46952277421951294,0.7052587270736694,0.47135215997695923,0.685363233089447,0.4649882912635803,0.6843114495277405,0.4644942283630371,0.6831780672073364,0.4641082286834717,0.7341783046722412,0.48447859287261963,0.7009959816932678,0.47744834423065186,0.6831393837928772,0.4931367039680481,0.6729406118392944,0.48941078782081604,0.7518148422241211,0.5442380905151367,0.6805158853530884,0.5194877982139587,0.7307557463645935,0.6045414805412292,0.6304800510406494,0.5729610323905945,0.6919645071029663,0.6414357423782349,0.5475716590881348,0.6079369783401489
mid_036.png,medio,0.6757705211639404,0.48959070444107056,0.6897380352020264,0.47934967279434204,0.6945868730545044,0.47949856519699097,0.6998735070228577,0.4797160029411316,0.6814157962799072,0.47942817211151123,0.6799537539482117,0.4795858860015869,0.6783987283706665,0.479705810546875,0.7246009111404419,0.4889116585254669,0.6883087158203125,0.4881189167499542,0.6871212720870972,0.5039233565330505,0.6742562055587769,0.5029342770576477,0.7389912009239197,0.5524009466171265,0.667294442653656,0.5340132713317871,0.7147409915924072,0.6151458621025085,0.6115109324455261,0.5843353867530823,0.6681860685348511,0.6587917804718018,0.5349223017692566,0.617786705493927
mid_037.png,medio,0.6420415043830872,0.46632838249206543,0.6586098074913025,0.45735466480255127,0.6628263592720032,0.4585837721824646,0.6674039959907532,0.45990821719169617,0.6531530022621155,0.45511990785598755,0.6530784964561462,0.4548485577106476,0.6530542969703674,0.45465269684791565,0.691314160823822,0.47088271379470825,0.6679229736328125,0.4655245542526245,0.6500385999679565,0.4811146557331085,0.6433286666870117,0.4787261486053467,0.7078247666358948,0.5321179628372192,0.6480871438980103,0.512289822101593,0.693857729434967,0.589267373085022,0.5983190536499023,0.5644946694374084,0.6626591086387634,0.627105176448822,0.5205721855163574,0.5966556668281555
mid_038.png,medio,0.6551679372787476,0.4678211808204651,0.674580991268158,0.4581165611743927,0.6788108348846436,0.45947808027267456,0.6833736896514893,0.46113401651382446,0.6688275337219238,0.4557926654815674,0.6688560247421265,0.45558464527130127,0.6688438057899475,0.4555269479751587,0.7075372338294983,0.4748647212982178,0.6819433569908142,0.46800464391708374,0.6626005172729492,0.4833545684814453,0.6562252640724182,0.48023825883865356,0.7211478352546692,0.5422084927558899,0.6623438596725464,0.517263650894165,0.7043172121047974,0.5946040153503418,0.609624445438385,0.5676714181900024,0.678956151008606,0.6299600601196289,0.5336412191390991,0.5998031497001648
mid_039.png,medio,0.682045042514801,0.5003081560134888,0.6970899701118469,0.4919010400772095,0.7025579214096069,0.49269676208496094,0.7091822028160095,0.4936741888523102,0.6879350543022156,0.4906540811061859,0.6865637898445129,0.4905508756637573,0.6852933764457703,0.4905954599380493,0.7314444780349731,0.5028463006019592,0.6947198510169983,0.49952882528305054,0.6916369795799255,0.515155553817749,0.6799474358558655,0.5119737386703491,0.7298148274421692,0.5660887360572815,0.6765725016593933,0.541660726070404,0.7014021873474121,0.625026285648346,0.6181737780570984,0.5895413160324097,0.6686955690383911,0.6605411171913147,0.5424495935440063,0.6214784383773804
mid_040.png,medio,0.6382630467414856,0.4951460361480713,0.6514908671379089,0.484904408454895,0.6559699773788452,0.4848794639110565,0.6610547304153442,0.48497289419174194,0.6438459753990173,0.4850381910800934,0.6428015232086182,0.4850218892097473,0.6418347358703613,0.48496291041374207,0.6840080618858337,0.49323785305023193,0.6540449857711792,0.4917830228805542,0.6485901474952698,0.5085853338241577,0.6376612186431885,0.5077053308486938,0.6934632658958435,0.5565005540847778,0.6347105503082275,0.5373451113700867,0.6644372940063477,0.6205248236656189,0.5803425312042236,0.584794819355011,0.5896753072738647,0.6595778465270996,0.5019040107727051,0.6131532192230225
mid_041.png,medio,0.6311733722686768,0.4897262454032898,0.6453949213027954,0.48149412870407104,0.6495256423950195,0.48274487257003784,0.6541671752929688,0.4842229187488556,0.6389436721801758,0.48063403367996216,0.6382083892822266,0.48117494583129883,0.6375879645347595,0.48186296224594116,0.6733916997909546,0.4960681200027466,0.6443964242935181,0.4918905794620514,0.6385514140129089,0.5037809014320374,0.6299718618392944,0.5022482872009277,0.679298460483551,0.5607523918151855,0.627507746219635,0.5384930372238159,0.6455289721488953,0.6260510683059692,0.5677664875984192,0.5858712792396545,0.5751281380653381,0.6561656594276428,0.4858717620372772,0.612471342086792
mid_042.png,medio,0.6443473100662231,0.4806808829307556,0.6605006456375122,0.47185415029525757,0.6639107465744019,0.47276368737220764,0.6684515476226807,0.4744076132774353,0.6559990644454956,0.4708899259567261,0.6559642553329468,0.47125816345214844,0.6559516191482544,0.4717771112918854,0.6894721984863281,0.48811376094818115,0.6685386896133423,0.48270684480667114,0.6521049737930298,0.49473363161087036,0.6463704109191895,0.4934041500091553,0.6977688670158386,0.5531460642814636,0.6493203639984131,0.5299115180969238,0.6699236035346985,0.6094141006469727,0.5889866948127747,0.5777182579040527,0.6211926341056824,0.6478375196456909,0.5093597769737244,0.6071041226387024
mid_043.png,medio,0.6940101981163025,0.48079437017440796,0.7070501446723938,0.4702206552028656,0.7113173007965088,0.47066861391067505,0.7160789966583252,0.4711408019065857,0.7006334066390991,0.4700813889503479,0.6997822523117065,0.47023189067840576,0.698975145816803,0.47034451365470886,0.7350958585739136,0.4810267686843872,0.706825852394104,0.4789232015609741,0.702384352684021,0.49453410506248474,0.6940230131149292,0.49365371465682983,0.7344642877578735,0.5477491021156311,0.6911531686782837,0.5246071219444275,0.6939221620559692,0.6194485425949097,0.6347220540046692,0.5731698870658875,0.6090155839920044,0.6502707600593567,0.5583973526954651,0.5983625650405884
mid_044.png,medio,0.7070332765579224,0.4691261053085327,0.7225232124328613,0.46156567335128784,0.7272629737854004,0.4627732038497925,0.7323374152183533,0.46410268545150757,0.7156698107719421,0.4590774178504944,0.7150737047195435,0.4583636522293091,0.7142290472984314,0.4577253758907318,0.7542851567268372,0.47738194465637207,0.7264121174812317,0.4690670967102051,0.7143588066101074,0.48548975586891174,0.7051212191581726,0.48245739936828613,0.7474315762519836,0.5445493459701538,0.7047939300537109,0.519396185874939,0.7031580805778503,0.6201432347297668,0.649346649646759,0.5672332048416138,0.610007107257843,0.6442526578903198,0.5668587684631348,0.5899065732955933
mid_045.png,medio,0.705573320388794,0.450313538312912,0.7204651832580566,0.44050782918930054,0.7255967855453491,0.4413997530937195,0.7321765422821045,0.44273847341537476,0.7116950154304504,0.4393622875213623,0.7103672623634338,0.43926337361335754,0.7091337442398071,0.43924206495285034,0.7554992437362671,0.4558652639389038,0.721142053604126,0.4492051899433136,0.7151836156845093,0.468181848526001,0.7022090554237366,0.4655762314796448,0.747026801109314,0.5242801904678345,0.704198956489563,0.5021193027496338,0.700117826461792,0.5997329354286194,0.6423879861831665,0.5532374382019043,0.6041678786277771,0.6276029348373413,0.5617168545722961,0.5754697322845459
mid_046.png,medio,0.6913670301437378,0.4489360451698303,0.7023569941520691,0.43886321783065796,0.7056707739830017,0.439299076795578,0.709386944770813,0.4399096965789795,0.698358952999115,0.43842965364456177,0.6985729336738586,0.43841174244880676,0.6989405155181885,0.4384200870990753,0.7335496544837952,0.4516294598579407,0.7111119627952576,0.4456426799297333,0.6976941823959351,0.4632321298122406,0.6921837329864502,0.4625605344772339,0.7363929748535156,0.523711621761322,0.6912928223609924,0.5002698302268982,0.6813231110572815,0.6042348146438599,0.6257376074790955,0.5486147999763489,0.5794588923454285,0.6254648566246033,0.5463083982467651,0.5708350539207458
mid_047.png,medio,0.6664301156997681,0.4741557240486145,0.6803723573684692,0.4626593589782715,0.6843845248222351,0.462827205657959,0.6891698837280273,0.46314260363578796,0.6739978194236755,0.46218550205230713,0.6732702255249023,0.4619063138961792,0.672447144985199,0.46158549189567566,0.7144187688827515,0.4759732484817505,0.6924334168434143,0.4701398015022278,0.6769589781761169,0.49007904529571533,0.6700042486190796,0.488752543926239,0.7134429812431335,0.5498991012573242,0.679521918296814,0.528038740158081,0.6653332114219666,0.6299737095832825,0.6155475974082947,0.5758404731750488,0.5601975321769714,0.6544897556304932,0.5394393801689148,0.5951835513114929
mid_048.png,medio,0.6876606345176697,0.4709545373916626,0.6978975534439087,0.461712121963501,0.7015360593795776,0.4623986780643463,0.7058162093162537,0.4633045792579651,0.6937006115913391,0.46071261167526245,0.6938765048980713,0.460562527179718,0.6942610740661621,0.46042799949645996,0.7312802672386169,0.4763496518135071,0.7083674669265747,0.46832743287086487,0.6946502327919006,0.48661935329437256,0.6886754631996155,0.48476308584213257,0.7288914322853088,0.5486044883728027,0.6943696141242981,0.519709587097168,0.6721426248550415,0.6352047920227051,0.628270149230957,0.5770924687385559,0.5628901720046997,0.6517171859741211,0.5514604449272156,0.5977153182029724
mid_049.png,medio,0.69416743516922,0.46264412999153137,0.7043497562408447,0.4546847939491272,0.7066170573234558,0.45528289675712585,0.7090962529182434,0.4560234546661377,0.702740490436554,0.45368653535842896,0.7038441896438599,0.4535732865333557,0.7054258584976196,0.45361846685409546,0.7335540652275085,0.4684494137763977,0.7225377559661865,0.46235138177871704,0.6986556053161621,0.47655975818634033,0.6974692940711975,0.4758896231651306,0.7297472357749939,0.5476720333099365,0.7042180895805359,0.5205243229866028,0.6729323863983154,0.6296548843383789,0.6422008872032166,0.5767720937728882,0.5666478276252747,0.6437152028083801,0.5673436522483826,0.5921331644058228
mid_050.png,medio,0.721358597278595,0.4791908860206604,0.7307917475700378,0.47163915634155273,0.7323693037033081,0.4726448953151703,0.7345890402793884,0.4740793704986572,0.7306206822395325,0.4704269766807556,0.7319648265838623,0.4706481099128723,0.7333623766899109,0.4711422026157379,0.7543264627456665,0.48767387866973877,0.7494352459907532,0.4825248122215271,0.7250879406929016,0.4922507107257843,0.7247794270515442,0.49168866872787476,0.7617186903953552,0.5666010975837708,0.7296245694160461,0.5444899797439575,0.708364725112915,0.6431853175163269,0.6657554507255554,0.5958737134933472,0.5972896814346313,0.6678726673126221,0.5803425312042236,0.6137335896492004
mid_051.png,medio,0.7126502990722656,0.4846492409706116,0.7177975177764893,0.4783762991428375,0.7191086411476135,0.478959858417511,0.7205678224563599,0.47964972257614136,0.7172840237617493,0.4778597354888916,0.7182056307792664,0.47819632291793823,0.7192779779434204,0.478646457195282,0.7377405166625977,0.4903087615966797,0.7333857417106628,0.4879201650619507,0.7159637808799744,0.495832622051239,0.715154230594635,0.49619656801223755,0.7438586354255676,0.5621734261512756,0.7201735973358154,0.5492363572120667,0.6888073086738586,0.6370148658752441,0.6521820425987244,0.5952684879302979,0.5848879814147949,0.6627897620201111,0.5834377408027649,0.613997757434845
mid_052.png,medio,0.6946208477020264,0.4863428771495819,0.7041646838188171,0.47625023126602173,0.7049681544303894,0.4761039614677429,0.7053818702697754,0.47614145278930664,0.703904390335083,0.47621309757232666,0.7046008110046387,0.47601068019866943,0.7054047584533691,0.47416257858276367,0.7222670912742615,0.4787672162055969,0.7213773131370544,0.47851791977882385,0.7000820636749268,0.49633997678756714,0.7003423571586609,0.497213214635849,0.7183114290237427,0.540705680847168,0.7117983102798462,0.5401490330696106,0.6569850444793701,0.6171358227729797,0.6467317342758179,0.5932307839393616,0.5668255090713501,0.6560387015342712,0.5843843221664429,0.6145111918449402
mid_053.png,medio,0.7100433111190796,0.5011307001113892,0.727167010307312,0.49294427037239075,0.7258161306381226,0.49582844972610474,0.7286239862442017,0.4968736469745636,0.7195267677307129,0.49230724573135376,0.7191451191902161,0.4922518730163574,0.7185853719711304,0.49225133657455444,0.74123215675354,0.5048775672912598,0.7272233366966248,0.49361762404441833,0.7119669318199158,0.512737512588501,0.7172518372535706,0.509749710559845,0.7359577417373657,0.5472663044929504,0.7164048552513123,0.5454960465431213,0.6726973056793213,0.6032583117485046,0.6585518717765808,0.5960074067115784,0.606479823589325,0.6389524340629578,0.5902479887008667,0.6273040771484375
mid_054.png,medio,0.7094010710716248,0.49145394563674927,0.7162291407585144,0.4832211136817932,0.7179166674613953,0.48355811834335327,0.7196536660194397,0.484194278717041,0.7148739695549011,0.482697457075119,0.7155588269233704,0.4826192557811737,0.7163426876068115,0.4828501343727112,0.7430998086929321,0.49695876240730286,0.7328835129737854,0.4918336272239685,0.714209794998169,0.5027428865432739,0.7125273942947388,0.5029236078262329,0.7436754107475281,0.5676131844520569,0.7198413610458374,0.5539922714233398,0.6974012851715088,0.6403088569641113,0.6601113677024841,0.5972834229469299,0.5967442393302917,0.6691165566444397,0.591678261756897,0.6174994707107544
mid_055.png,medio,0.6546846032142639,0.505852222442627,0.6611641049385071,0.49605631828308105,0.6631189584732056,0.4960927367210388,0.6650679707527161,0.496282696723938,0.6604753136634827,0.4955523908138275,0.661693811416626,0.4952229857444763,0.6630503535270691,0.4950602054595947,0.6872260570526123,0.5035046339035034,0.6829918026924133,0.5019372701644897,0.6611132621765137,0.51667320728302,0.6612644195556641,0.5168328881263733,0.6979583501815796,0.5729954242706299,0.6749520301818848,0.5547803640365601,0.6577517986297607,0.6485444903373718,0.6170212030410767,0.604998767375946,0.5684148073196411,0.6724192500114441,0.5551517009735107,0.6259833574295044
mid_056.png,medio,0.7087908387184143,0.5169458389282227,0.7187322974205017,0.5064346790313721,0.721106231212616,0.5065405964851379,0.7236192226409912,0.5067521333694458,0.7169600129127502,0.5059293508529663,0.7179964184761047,0.5056707859039307,0.7190004587173462,0.5054600238800049,0.7460580468177795,0.5145586729049683,0.7355712652206421,0.5115944147109985,0.7156922817230225,0.5292552709579468,0.7135195732116699,0.5291961431503296,0.7582638263702393,0.5823043584823608,0.7237991094589233,0.5611022710800171,0.7211062908172607,0.6558849215507507,0.6706404685974121,0.6116920113563538,0.6328034400939941,0.6859703660011292,0.5972283482551575,0.6342906355857849
mid_057.png,medio,0.6760892271995544,0.47585177421569824,0.6855654716491699,0.465048611164093,0.6894078254699707,0.46508610248565674,0.6934809684753418,0.4651818573474884,0.6804937720298767,0.46543195843696594,0.6800119876861572,0.46561652421951294,0.6796566843986511,0.46584343910217285,0.7137490510940552,0.4734775125980377,0.6900514364242554,0.47366708517074585,0.6856420040130615,0.4888920783996582,0.6776143312454224,0.4889146089553833,0.7230320572853088,0.5291010141372681,0.6767395734786987,0.5221186280250549,0.706746518611908,0.5906835794448853,0.6313521265983582,0.5671230554580688,0.6578805446624756,0.6291341185569763,0.5637223720550537,0.5959718227386475
mid_058.png,medio,0.7114670276641846,0.5212632417678833,0.7242306470870972,0.5127782821655273,0.7281444072723389,0.5135351419448853,0.7327048778533936,0.5144569873809814,0.7181986570358276,0.5119009017944336,0.7176327109336853,0.5120439529418945,0.7170992493629456,0.5122451186180115,0.7561882138252258,0.5255828499794006,0.7276683449745178,0.5223737955093384,0.7184367775917053,0.5341273546218872,0.7103313207626343,0.5326249599456787,0.7659226655960083,0.5862427949905396,0.7087813019752502,0.5666303038597107,0.7418953776359558,0.6489813327789307,0.6583343744277954,0.6130994558334351,0.7016419172286987,0.6791934370994568,0.5882619619369507,0.6422805786132812
mid_059.png,medio,0.7153229117393494,0.47169286012649536,0.7288946509361267,0.46050554513931274,0.734569787979126,0.4605708420276642,0.7405017614364624,0.4607332944869995,0.7192737460136414,0.46123406291007996,0.7171011567115784,0.4616309702396393,0.7148197889328003,0.4619809091091156,0.7612767219543457,0.4696909785270691,0.718902587890625,0.4700060784816742,0.7283715009689331,0.48605215549468994,0.7135387063026428,0.4850280284881592,0.7698427438735962,0.5311485528945923,0.706545889377594,0.515360951423645,0.7493402361869812,0.5908228158950806,0.6556696891784668,0.5676072239875793,0.6840739846229553,0.6350643038749695,0.5805216431617737,0.6012303233146667
mid_060.png,medio,0.6440624594688416,0.45380324125289917,0.6579141616821289,0.44592171907424927,0.6632046699523926,0.44645601511001587,0.6686668992042542,0.44715821743011475,0.6504070162773132,0.4454934000968933,0.6492759585380554,0.4456337094306946,0.6481060981750488,0.44594740867614746,0.6947673559188843,0.4602106511592865,0.6569228768348694,0.4575788974761963,0.6543641686439514,0.46808141469955444,0.6435865163803101,0.46724241971969604,0.705356240272522,0.5249651074409485,0.6367603540420532,0.5079283714294434,0.6874029040336609,0.5835338830947876,0.5903860330581665,0.5588573813438416,0.6316233277320862,0.6226110458374023,0.5194195508956909,0.5947389602661133
mid_061.png,medio,0.6211373209953308,0.500603973865509,0.6314553022384644,0.4907952547073364,0.6359320878982544,0.4905913174152374,0.6414549350738525,0.4904845952987671,0.6232232451438904,0.4917437434196472,0.6216390132904053,0.4921090006828308,0.6200025081634521,0.4925132095813751,0.6678314208984375,0.4983217418193817,0.6306320428848267,0.5006831884384155,0.6354087591171265,0.5129583477973938,0.6235280632972717,0.5138736963272095,0.6896402835845947,0.5627341866493225,0.6204562187194824,0.5449570417404175,0.6657555103302002,0.6235489845275879,0.5764329433441162,0.5971369743347168,0.6282767057418823,0.6655016541481018,0.5111995935440063,0.6305551528930664
mid_062.png,medio,0.636533796787262,0.49391382932662964,0.647838294506073,0.4829972982406616,0.6528258323669434,0.4831780195236206,0.6582858562469482,0.48354676365852356,0.6408815383911133,0.4835502505302429,0.6402149200439453,0.48403269052505493,0.6396125555038452,0.48452359437942505,0.6836514472961426,0.4928540587425232,0.6507289409637451,0.49324339628219604,0.6509265303611755,0.5080048441886902,0.6402773857116699,0.5078445672988892,0.7065944075584412,0.5579805374145508,0.6387307643890381,0.5389438271522522,0.6868470907211304,0.6238840222358704,0.5879799723625183,0.5937306880950928,0.6460892558097839,0.6607401371002197,0.5216357111930847,0.6319689154624939
mid_063.png,medio,0.6391212344169617,0.4781743884086609,0.6526269316673279,0.46806055307388306,0.6584625244140625,0.4683001637458801,0.6650756597518921,0.46862196922302246,0.6420233249664307,0.46788525581359863,0.6401147842407227,0.4678211808204651,0.6382378339767456,0.467967689037323,0.6904562711715698,0.47752267122268677,0.6483535766601562,0.47790247201919556,0.6523849964141846,0.4919382929801941,0.639053225517273,0.4904918372631073,0.7025693655014038,0.5370156764984131,0.6378065347671509,0.5213457345962524,0.6880764961242676,0.5949524641036987,0.5918484330177307,0.5732546448707581,0.6381416916847229,0.6395426988601685,0.5240393877029419,0.6123016476631165
mid_064.png,medio,0.6297656893730164,0.460357129573822,0.6450801491737366,0.45034754276275635,0.6499213576316833,0.4511270821094513,0.6564829349517822,0.4520750641822815,0.639428973197937,0.449418306350708,0.6398313641548157,0.4496375322341919,0.6403033137321472,0.4499046802520752,0.683460533618927,0.46110963821411133,0.6541495323181152,0.45884180068969727,0.6422817707061768,0.4742377996444702,0.635397732257843,0.4727027714252472,0.7054306864738464,0.5234634876251221,0.6391513347625732,0.5017343759536743,0.6877774000167847,0.5901923179626465,0.5961563587188721,0.5578446388244629,0.6373801231384277,0.6286033391952515,0.5258526802062988,0.5975963473320007
mid_065.png,medio,0.5810742974281311,0.47589442133903503,0.5933033227920532,0.46561700105667114,0.5970466732978821,0.46622633934020996,0.6012874245643616,0.46698740124702454,0.5881212949752808,0.46506446599960327,0.5875980257987976,0.4651314616203308,0.5873199701309204,0.46517664194107056,0.621425449848175,0.4767255485057831,0.5990633964538574,0.4721341133117676,0.5887721180915833,0.4884777069091797,0.5810574889183044,0.4866560697555542,0.624201238155365,0.5327433943748474,0.590304434299469,0.5175129771232605,0.588080108165741,0.6047009229660034,0.5410432815551758,0.569833517074585,0.5060743689537048,0.6321542859077454,0.47288277745246887,0.5938399434089661
mid_066.png,medio,0.5873466730117798,0.4762364327907562,0.5977155566215515,0.4654105305671692,0.6011449694633484,0.46528488397598267,0.6050758361816406,0.46528053283691406,0.5936692953109741,0.4654049575328827,0.5939425230026245,0.4652709662914276,0.594426155090332,0.465106725692749,0.6283973455429077,0.4719312787055969,0.6096730828285217,0.46965715289115906,0.596524715423584,0.48740869760513306,0.590793251991272,0.48673537373542786,0.6347813606262207,0.534003496170044,0.5942270755767822,0.5165930390357971,0.5949844121932983,0.6073868870735168,0.5436055660247803,0.5685257911682129,0.5149903297424316,0.6344931721687317,0.4813985228538513,0.5936447978019714
mid_067.png,medio,0.5939987897872925,0.4792749285697937,0.6054001450538635,0.46942833065986633,0.6090933680534363,0.4695846438407898,0.6132625341415405,0.4699021577835083,0.6007536053657532,0.4695037007331848,0.6008208990097046,0.469599187374115,0.6010320782661438,0.4696598947048187,0.636148989200592,0.4779331386089325,0.6156419515609741,0.47488951683044434,0.6035777926445007,0.49112653732299805,0.5964934229850769,0.49025359749794006,0.6442804336547852,0.5387364625930786,0.6046371459960938,0.5219888687133789,0.6043205261230469,0.612051784992218,0.5486369729042053,0.5741356611251831,0.5229247212409973,0.6408385038375854,0.47953569889068604,0.5991775989532471
mid_068.png,medio,0.5672487020492554,0.47729766368865967,0.5711652040481567,0.4717288315296173,0.5747112035751343,0.47247135639190674,0.5755899548530579,0.47275495529174805,0.5713387131690979,0.47147589921951294,0.5719521045684814,0.47149956226348877,0.5724335312843323,0.47170406579971313,0.5913559198379517,0.48085087537765503,0.5866838097572327,0.47488152980804443,0.5699108839035034,0.48318687081336975,0.5699776411056519,0.4830320179462433,0.5947625041007996,0.52199387550354,0.5734589099884033,0.521548867225647,0.5574115514755249,0.5754674077033997,0.5299772620201111,0.567082405090332,0.4905100464820862,0.6151586771011353,0.47220170497894287,0.5952630043029785
mid_069.png,medio,0.5434879064559937,0.4792660176753998,0.5487441420555115,0.47144630551338196,0.5516040921211243,0.4717675447463989,0.5520589351654053,0.47178250551223755,0.5522128939628601,0.4717080295085907,0.5535610318183899,0.4717584252357483,0.5549194812774658,0.4719528555870056,0.5648820996284485,0.4840701222419739,0.5692644715309143,0.482336163520813,0.5443408489227295,0.4879685342311859,0.5454821586608887,0.48845213651657104,0.5487982034683228,0.5330082178115845,0.5672325491905212,0.5319703817367554,0.5239381790161133,0.5980204343795776,0.5243675112724304,0.5712049007415771,0.4487907886505127,0.6338998675346375,0.46189913153648376,0.5999643206596375
mid_070.png,medio,0.5372638702392578,0.4832601249217987,0.5451008677482605,0.47476914525032043,0.5458787083625793,0.4748106896877289,0.5464447140693665,0.4750675857067108,0.5449329018592834,0.4743382930755615,0.5453925132751465,0.47420427203178406,0.5457808971405029,0.47432854771614075,0.5567274689674377,0.48014867305755615,0.5557971000671387,0.47580450773239136,0.5397567749023438,0.49014607071876526,0.5398707985877991,0.49057459831237793,0.5544533133506775,0.5299896001815796,0.5505800843238831,0.5260382890701294,0.516991138458252,0.5948514938354492,0.5098013877868652,0.5753915905952454,0.43396618962287903,0.6291888952255249,0.4517706334590912,0.6034164428710938
mid_071.png,medio,0.49068930745124817,0.5228369235992432,0.4975128471851349,0.5136404633522034,0.4993186891078949,0.513997495174408,0.5013824105262756,0.5145702958106995,0.49747133255004883,0.5126270055770874,0.49915435910224915,0.5123199820518494,0.5010581612586975,0.5121002793312073,0.5243990421295166,0.5227912068367004,0.5205619931221008,0.5174390077590942,0.49690818786621094,0.5336767435073853,0.4964476227760315,0.5332258343696594,0.5395835638046265,0.5941725969314575,0.5113000869750977,0.5671693086624146,0.4998614490032196,0.6691780686378479,0.46382200717926025,0.6207173466682434,0.41141578555107117,0.6919551491737366,0.4010649621486664,0.6391023397445679
fin_001.png,final,0.5134665369987488,0.46060124039649963,0.517715573310852,0.4555438160896301,0.5180135369300842,0.45633912086486816,0.5181087851524353,0.45711788535118103,0.5204044580459595,0.45097994804382324,0.5223253965377808,0.45008862018585205,0.5333982706069946,0.44800418615341187,0.5387433767318726,0.4649806022644043,0.550055742263794,0.4609217643737793,0.5170063376426697,0.47344422340393066,0.5188191533088684,0.4699802100658417,0.5680467486381531,0.5450882315635681,0.5324394702911377,0.5060074925422668,0.6074652671813965,0.6111351251602173,0.49374818801879883,0.552613377571106,0.6104387044906616,0.6748567223548889,0.46697646379470825,0.5742355585098267
fin_002.png,final,0.5197553038597107,0.46380746364593506,0.5242555141448975,0.4567409157752991,0.5242160558700562,0.4573994576931,0.5239443778991699,0.4579801857471466,0.5272051095962524,0.45458218455314636,0.5293350219726562,0.45377981662750244,0.5311526656150818,0.4529821276664734,0.54140704870224,0.4649437963962555,0.5467051267623901,0.45711207389831543,0.5223184823989868,0.47443515062332153,0.5247015357017517,0.47298023104667664,0.5712305307388306,0.5482866764068604,0.5402127504348755,0.5135441422462463,0.6228700876235962,0.6287442445755005,0.5148943662643433,0.5801621079444885,0.6130866408348083,0.6890803575515747,0.47403135895729065,0.6192761659622192
fin_003.png,final,0.5102939009666443,0.4681726396083832,0.5137693285942078,0.4606834948062897,0.5133953094482422,0.46131616830825806,0.5129769444465637,0.46191084384918213,0.516764223575592,0.45841097831726074,0.5195449590682983,0.45756271481513977,0.521689236164093,0.4567522704601288,0.5248540043830872,0.46880972385406494,0.5495407581329346,0.46468403935432434,0.5131493210792542,0.4778043329715729,0.5157305598258972,0.47662168741226196,0.5609793066978455,0.5482774972915649,0.5333393812179565,0.5108416676521301,0.5986703634262085,0.6146317720413208,0.5070197582244873,0.5836840867996216,0.6040882468223572,0.6846073865890503,0.47155526280403137,0.6394285559654236
fin_004.png,final,0.5192780494689941,0.4659634530544281,0.5252059102058411,0.4586013853549957,0.5248849987983704,0.4593863785266876,0.5254172086715698,0.4603009521961212,0.5286616086959839,0.4562795162200928,0.530845582485199,0.4555283784866333,0.5325410962104797,0.45485997200012207,0.5615613460540771,0.4731994867324829,0.5571234226226807,0.46605467796325684,0.5208908915519714,0.4767494201660156,0.5232179760932922,0.47489088773727417,0.5635321140289307,0.5502221584320068,0.532386302947998,0.5125969052314758,0.6032785773277283,0.6189233064651489,0.4905696213245392,0.5792073607444763,0.6144856214523315,0.6528444886207581,0.4542430639266968,0.6181017756462097
fin_005.png,final,0.5186548233032227,0.4682213366031647,0.5241402387619019,0.4636445939540863,0.5243517160415649,0.4645175039768219,0.5244303941726685,0.4654189348220825,0.5374346971511841,0.45534101128578186,0.5387885570526123,0.4558313488960266,0.5400887131690979,0.4563051164150238,0.5614607334136963,0.4769209921360016,0.5557419061660767,0.4707822799682617,0.5204737186431885,0.48166415095329285,0.5226165056228638,0.47795575857162476,0.5687122344970703,0.5529947280883789,0.5297024250030518,0.513002872467041,0.6189302802085876,0.6282312870025635,0.5064240097999573,0.5815850496292114,0.610296905040741,0.6925097107887268,0.47139620780944824,0.6264069676399231
fin_006.png,final,0.5154502987861633,0.4753533601760864,0.5199230909347534,0.46828779578208923,0.5201189517974854,0.46897298097610474,0.5201380252838135,0.46958306431770325,0.521990180015564,0.4659460186958313,0.5236951112747192,0.4649655520915985,0.525234580039978,0.4640483260154724,0.5594660043716431,0.47994235157966614,0.5509410500526428,0.47451022267341614,0.5196239948272705,0.4849788546562195,0.520667552947998,0.48372796177864075,0.5671767592430115,0.554916262626648,0.5416123270988464,0.5176341533660889,0.6065557599067688,0.6257474422454834,0.5093790292739868,0.5764721035957336,0.6088195443153381,0.6910068392753601,0.48393484950065613,0.6179019808769226
fin_007.png,final,0.5174698233604431,0.47434037923812866,0.5205926895141602,0.46576038002967834,0.5200274586677551,0.46615326404571533,0.5206787586212158,0.4667445123195648,0.5246556997299194,0.4641755223274231,0.5270467400550842,0.4634552597999573,0.5407366752624512,0.4601803719997406,0.5341506004333496,0.47309863567352295,0.5559671521186829,0.4712797999382019,0.5197852849960327,0.483357310295105,0.5228614807128906,0.4829287827014923,0.5606061816215515,0.5480272769927979,0.537574052810669,0.5224127173423767,0.5955069661140442,0.6100085973739624,0.513713002204895,0.5869513154029846,0.6144564151763916,0.6688619256019592,0.47979867458343506,0.640259325504303
fin_008.png,final,0.52153080701828,0.4803362190723419,0.5222581624984741,0.4777531027793884,0.5222998261451721,0.4780173599720001,0.522257924079895,0.47830119729042053,0.53523850440979,0.4724298417568207,0.5359723567962646,0.4725993871688843,0.5366904735565186,0.4727717638015747,0.5604149699211121,0.4902861714363098,0.550857424736023,0.48402151465415955,0.5176302194595337,0.494247704744339,0.5196951627731323,0.4934719204902649,0.5609138011932373,0.5546836853027344,0.5309849381446838,0.5295171737670898,0.6073517799377441,0.6290785074234009,0.52290940284729,0.6017370820045471,0.6081990599632263,0.6954015493392944,0.5015504956245422,0.6574062705039978
fin_009.png,final,0.5174425840377808,0.47998759150505066,0.5217427015304565,0.47467637062072754,0.5219561457633972,0.4750446379184723,0.5221216678619385,0.4754369854927063,0.5330540537834167,0.4721313714981079,0.5345425009727478,0.4724179208278656,0.535995602607727,0.4727209806442261,0.55440753698349,0.4900030195713043,0.5518763661384583,0.48457178473472595,0.5180571675300598,0.49138331413269043,0.5198255777359009,0.4907259941101074,0.5569722056388855,0.5593507289886475,0.5290287137031555,0.529908299446106,0.5986180901527405,0.6280126571655273,0.5237879753112793,0.606417179107666,0.6073469519615173,0.6654306054115295,0.5037568807601929,0.6491568088531494
fin_010.png,final,0.5137358903884888,0.4790455102920532,0.522499680519104,0.4761410653591156,0.5250588059425354,0.47707971930503845,0.5257863998413086,0.4777643084526062,0.5306893587112427,0.4728679656982422,0.5319933295249939,0.47310128808021545,0.5332554578781128,0.4733530282974243,0.5567158460617065,0.4948502480983734,0.5504649877548218,0.48677876591682434,0.5197113156318665,0.49375301599502563,0.5124841332435608,0.49237045645713806,0.5566920042037964,0.5605087876319885,0.5311429500579834,0.5305054187774658,0.6076958179473877,0.6288385987281799,0.5139335989952087,0.5999323725700378,0.6090892553329468,0.6842077970504761,0.48848509788513184,0.6352300643920898
fin_011.png,final,0.515525758266449,0.48650601506233215,0.5204686522483826,0.4806990623474121,0.5208895206451416,0.4827510714530945,0.521633505821228,0.4832019805908203,0.5301893949508667,0.47888797521591187,0.5312460660934448,0.4790940284729004,0.5322854518890381,0.4793020486831665,0.5544040203094482,0.4969354569911957,0.547437846660614,0.49073660373687744,0.5172608494758606,0.5002239942550659,0.5143897533416748,0.4996051788330078,0.5554876923561096,0.5589590072631836,0.5286719799041748,0.5329681038856506,0.6011282205581665,0.6235247254371643,0.520346462726593,0.6048251986503601,0.6046675443649292,0.6816371083259583,0.4934823215007782,0.6502091288566589
fin_012.png,final,0.5080395936965942,0.4831204414367676,0.5140040516853333,0.4750007092952728,0.5139327645301819,0.4753515124320984,0.5138535499572754,0.4757101237773895,0.5275871157646179,0.4688766598701477,0.5286691188812256,0.4689766764640808,0.5297142863273621,0.4690716564655304,0.5512362718582153,0.4859103262424469,0.5449574589729309,0.47950032353401184,0.5123535990715027,0.4920128881931305,0.5132229328155518,0.49214616417884827,0.5583294630050659,0.5523045063018799,0.5339066386222839,0.5233482718467712,0.587846040725708,0.613736629486084,0.5057833790779114,0.5837579965591431,0.6023873090744019,0.6737733483314514,0.4837246835231781,0.6299847364425659
fin_013.png,final,0.502455472946167,0.48603376746177673,0.5085992813110352,0.47756505012512207,0.5079808831214905,0.4798944592475891,0.5074264407157898,0.4800538122653961,0.5114685297012329,0.4765232801437378,0.513088583946228,0.47576704621315,0.52021324634552,0.47481802105903625,0.5248591899871826,0.48546406626701355,0.5353683829307556,0.48327767848968506,0.5103291273117065,0.4954327642917633,0.5089688897132874,0.4954277575016022,0.5534570813179016,0.5499529242515564,0.5280651450157166,0.5270863175392151,0.5826191306114197,0.6073790788650513,0.5306665301322937,0.6031528115272522,0.61087965965271,0.6724534630775452,0.5283316373825073,0.6525728106498718
fin_014.png,final,0.5069191455841064,0.48153364658355713,0.5126393437385559,0.4734306335449219,0.5131407380104065,0.47397488355636597,0.513412594795227,0.4745646119117737,0.5145895481109619,0.47190892696380615,0.5165277719497681,0.4712945818901062,0.5182972550392151,0.4707401394844055,0.5306775569915771,0.4825180172920227,0.5322977900505066,0.4758211672306061,0.5114585161209106,0.49148792028427124,0.5125371813774109,0.49184757471084595,0.5559589266777039,0.5566350817680359,0.5302517414093018,0.5244663953781128,0.6114323735237122,0.6315499544143677,0.526413083076477,0.6071799993515015,0.6126701831817627,0.6952114105224609,0.5061560869216919,0.6556840538978577
fin_015.png,final,0.5121534466743469,0.4778991937637329,0.5183811783790588,0.46955960988998413,0.5183393359184265,0.4722175598144531,0.5205876231193542,0.4732149541378021,0.5201692581176758,0.4673216938972473,0.5220237374305725,0.4663788676261902,0.5236499309539795,0.46552595496177673,0.5546109676361084,0.489661306142807,0.5494216084480286,0.48385244607925415,0.5180569887161255,0.4889132082462311,0.5126839876174927,0.4885227382183075,0.5612508654594421,0.5577427744865417,0.5376051068305969,0.5282294154167175,0.6171702742576599,0.6242933869361877,0.5314856767654419,0.6029312014579773,0.6125544309616089,0.6912415623664856,0.5053346157073975,0.6521910429000854
fin_016.png,final,0.5093644857406616,0.4757115840911865,0.5168204307556152,0.47324544191360474,0.5174376368522644,0.47381189465522766,0.5197087526321411,0.4747181534767151,0.5264132618904114,0.4701034426689148,0.5278860926628113,0.4704604148864746,0.529292643070221,0.47082462906837463,0.5514795780181885,0.49182185530662537,0.5464370250701904,0.48482030630111694,0.5132944583892822,0.49322816729545593,0.5083081722259521,0.4896021783351898,0.559744119644165,0.5593530535697937,0.537632167339325,0.5267865061759949,0.6092765927314758,0.6286001205444336,0.5227429866790771,0.6012561321258545,0.6113176941871643,0.6902828216552734,0.49778005480766296,0.6426385641098022
fin_017.png,final,0.5201353430747986,0.4736056327819824,0.5242876410484314,0.46814197301864624,0.525235652923584,0.46881622076034546,0.5250633955001831,0.46950042247772217,0.5281263589859009,0.4662091135978699,0.5399653911590576,0.46410197019577026,0.5409470796585083,0.4642309248447418,0.5643755793571472,0.48173579573631287,0.5566622614860535,0.4756084680557251,0.5254980325698853,0.4857441186904907,0.5283330082893372,0.485029399394989,0.5625401139259338,0.5524430274963379,0.5435659289360046,0.5252858996391296,0.5982045531272888,0.6131293773651123,0.5026832222938538,0.5810675621032715,0.6169302463531494,0.656811535358429,0.46919015049934387,0.6257867813110352
fin_018.png,final,0.5152966976165771,0.4668581783771515,0.5203907489776611,0.4592651128768921,0.5204538702964783,0.45986253023147583,0.5204027891159058,0.46042293310165405,0.5235443711280823,0.4573412835597992,0.5259051322937012,0.4566464126110077,0.5281186699867249,0.4559902250766754,0.5414950251579285,0.47067129611968994,0.546953022480011,0.46266162395477295,0.5191769599914551,0.47795966267585754,0.5213739275932312,0.476941853761673,0.5638646483421326,0.5551223158836365,0.5384858250617981,0.5182310342788696,0.6203534603118896,0.6343691945075989,0.5191115140914917,0.5916030406951904,0.6193426847457886,0.6903769373893738,0.48159438371658325,0.6351104378700256
fin_019.png,final,0.5220465660095215,0.4754117429256439,0.5276402831077576,0.46849003434181213,0.527753472328186,0.47059494256973267,0.5276603698730469,0.47158244252204895,0.5304193496704102,0.46616697311401367,0.5327110290527344,0.46540367603302,0.5346758961677551,0.46466487646102905,0.5467839241027832,0.48013827204704285,0.5546330809593201,0.4795924127101898,0.526623010635376,0.4870934784412384,0.5274604558944702,0.4849344491958618,0.5650805830955505,0.5588923692703247,0.5458811521530151,0.525384783744812,0.6299758553504944,0.638122022151947,0.5136208534240723,0.5872300863265991,0.6191372275352478,0.6957986354827881,0.4757389426231384,0.6268563270568848
fin_020.png,final,0.5211835503578186,0.47920122742652893,0.5264711976051331,0.4713361859321594,0.527898907661438,0.4722215533256531,0.5279829502105713,0.4729013442993164,0.5293146371841431,0.4694085419178009,0.5422250032424927,0.46855998039245605,0.5433670282363892,0.4689919352531433,0.5616368651390076,0.4881439208984375,0.5567980408668518,0.4826098382472992,0.5265414118766785,0.48951366543769836,0.5287231206893921,0.4886891841888428,0.5634980797767639,0.5581866502761841,0.5441025495529175,0.5262119174003601,0.6087835431098938,0.6232557892799377,0.5144062638282776,0.5846248865127563,0.6114596128463745,0.6913990378379822,0.4845249354839325,0.6290620565414429
fin_021.png,final,0.5496619939804077,0.4424947500228882,0.555748462677002,0.43331438302993774,0.5584878921508789,0.433440238237381,0.5612117648124695,0.43467092514038086,0.5553745627403259,0.43236494064331055,0.5570430159568787,0.4316912293434143,0.5589619278907776,0.430999219417572,0.5911722183227539,0.44613510370254517,0.5752254724502563,0.43517398834228516,0.5593599081039429,0.45202362537384033,0.5585107207298279,0.45302844047546387,0.611484169960022,0.5125600099563599,0.581335186958313,0.4880124628543854,0.6972341537475586,0.5734696388244629,0.5920832753181458,0.5550800561904907,0.6822283864021301,0.6543832421302795,0.5754430890083313,0.6158724427223206
fin_022.png,final,0.5515493750572205,0.4483739733695984,0.5570442080497742,0.44078582525253296,0.5593887567520142,0.4407586455345154,0.5618806481361389,0.44088757038116455,0.5548762083053589,0.4386058747768402,0.5561187863349915,0.4378553628921509,0.5590038299560547,0.4371532201766968,0.5812952518463135,0.44620847702026367,0.5753359794616699,0.4403574764728546,0.5595861077308655,0.4583064913749695,0.5582126379013062,0.45911717414855957,0.6113342642784119,0.5135197639465332,0.5846961140632629,0.4924215078353882,0.7014617323875427,0.5752569437026978,0.6119773983955383,0.5622185468673706,0.6851020455360413,0.6546565890312195,0.6048089265823364,0.6243720650672913
fin_023.png,final,0.5475539565086365,0.4338931143283844,0.5544503927230835,0.42753368616104126,0.5569115281105042,0.42800068855285645,0.5595397353172302,0.4286007881164551,0.5538377165794373,0.4259037971496582,0.5557506084442139,0.42515742778778076,0.5579704642295837,0.4244953989982605,0.5844293236732483,0.4368264377117157,0.5769699215888977,0.4274987578392029,0.5579236745834351,0.44579899311065674,0.5567899942398071,0.4445948600769043,0.6159480810165405,0.5129867196083069,0.5860860347747803,0.4829770624637604,0.7048368453979492,0.5790862441062927,0.5885419845581055,0.5526165962219238,0.6848489046096802,0.6602992415428162,0.5680834650993347,0.6083759665489197
fin_024.png,final,0.5523198843002319,0.4432297945022583,0.5578926205635071,0.4358558654785156,0.5609661340713501,0.4359383285045624,0.5635999441146851,0.4361765682697296,0.5571507215499878,0.43516820669174194,0.5586622357368469,0.43451470136642456,0.5612702965736389,0.434049129486084,0.5856878757476807,0.44407591223716736,0.5783337950706482,0.4389181137084961,0.5597904920578003,0.4527710974216461,0.5588574409484863,0.4537717401981354,0.6116138100624084,0.5142129063606262,0.5841195583343506,0.4925984740257263,0.7012218832969666,0.5791897773742676,0.6009746193885803,0.5639197826385498,0.6784369945526123,0.6612647771835327,0.5864429473876953,0.6230055689811707
fin_025.png,final,0.550589382648468,0.4340020716190338,0.5568681955337524,0.42740535736083984,0.5591514110565186,0.4278787672519684,0.5615941286087036,0.4285678267478943,0.5562095046043396,0.4243723452091217,0.5577850341796875,0.4238051772117615,0.5596396327018738,0.42326250672340393,0.5832840800285339,0.4378156363964081,0.57480388879776,0.428909569978714,0.5595228672027588,0.4434174597263336,0.5582299828529358,0.4437907338142395,0.614512026309967,0.509373128414154,0.5829600691795349,0.4832690358161926,0.7019738554954529,0.5753971934318542,0.5946491360664368,0.5541272163391113,0.6808539032936096,0.6580078601837158,0.5710229873657227,0.6208133697509766
fin_026.png,final,0.5510430932044983,0.43757039308547974,0.5572110414505005,0.4286561608314514,0.5593760013580322,0.42894884943962097,0.561619222164154,0.42939645051956177,0.5565899014472961,0.42745962738990784,0.5582407116889954,0.4268122613430023,0.5601522922515869,0.42618265748023987,0.5827236175537109,0.43779367208480835,0.5752536654472351,0.43028539419174194,0.5611603260040283,0.4473649859428406,0.5587994456291199,0.44792017340660095,0.6150490045547485,0.5122023820877075,0.5853448510169983,0.484527051448822,0.7031781077384949,0.5746272802352905,0.5830745100975037,0.5500098466873169,0.6863179206848145,0.6525044441223145,0.5579180121421814,0.6052378416061401
fin_027.png,final,0.5506532788276672,0.4334805905818939,0.5596745610237122,0.42705801129341125,0.56199711561203,0.42775407433509827,0.5650705695152283,0.42872095108032227,0.5589553117752075,0.42525237798690796,0.5606141686439514,0.42465072870254517,0.5624564290046692,0.4242590665817261,0.5854969024658203,0.43897485733032227,0.5770264267921448,0.43063804507255554,0.5591330528259277,0.4441159665584564,0.5568691492080688,0.4438977539539337,0.6148585677146912,0.5117794871330261,0.5851593613624573,0.48579972982406616,0.7062561511993408,0.5782037377357483,0.5881438255310059,0.5519452095031738,0.6837090849876404,0.6557872891426086,0.5668721795082092,0.6084833741188049
fin_028.png,final,0.5461181998252869,0.43479079008102417,0.5514894127845764,0.42803144454956055,0.5536695718765259,0.4284473657608032,0.556124210357666,0.4290335476398468,0.5517925024032593,0.42640823125839233,0.5539537072181702,0.4256807863712311,0.5564320087432861,0.42511212825775146,0.5791054368019104,0.4371810555458069,0.5737147331237793,0.4301379323005676,0.5556240081787109,0.44429120421409607,0.555721640586853,0.4445502460002899,0.6079561710357666,0.5094015002250671,0.5847172737121582,0.4839344918727875,0.6994836330413818,0.5748739838600159,0.5867500305175781,0.5462458729743958,0.6849233508110046,0.6525915861129761,0.5681291222572327,0.5973056554794312
fin_029.png,final,0.552246630191803,0.4292750358581543,0.5614134073257446,0.42097699642181396,0.5638789534568787,0.42179617285728455,0.5665229558944702,0.42351070046424866,0.5608351230621338,0.4191609025001526,0.5626699924468994,0.418721467256546,0.5646848082542419,0.41838884353637695,0.586968719959259,0.43350130319595337,0.5800360441207886,0.4248676002025604,0.5612173676490784,0.43995440006256104,0.5599331259727478,0.4395417869091034,0.6157281398773193,0.5091426968574524,0.586162805557251,0.48003676533699036,0.7018877267837524,0.5740481019020081,0.5754353404045105,0.5416041612625122,0.6851428151130676,0.6472309231758118,0.5492849946022034,0.5955042243003845
fin_030.png,final,0.5468589663505554,0.4340127110481262,0.5529589056968689,0.42747026681900024,0.5554954409599304,0.4278872311115265,0.5582845211029053,0.4284404516220093,0.5524194240570068,0.425923228263855,0.5544089078903198,0.4252244234085083,0.5567684769630432,0.42466798424720764,0.5829271078109741,0.43584755063056946,0.575688362121582,0.4273454546928406,0.5582073926925659,0.44390812516212463,0.5562326908111572,0.44379743933677673,0.6152265071868896,0.5092488527297974,0.5853024125099182,0.4802647829055786,0.7042152285575867,0.576913058757782,0.5877717733383179,0.5493124723434448,0.6855545043945312,0.655282735824585,0.5609476566314697,0.6099143028259277
fin_031.png,final,0.5486062169075012,0.43972867727279663,0.553473949432373,0.4311195909976959,0.5556512475013733,0.431393563747406,0.5580991506576538,0.43182069063186646,0.5527348518371582,0.42974793910980225,0.554966926574707,0.42901772260665894,0.5571057200431824,0.42825350165367126,0.5782188177108765,0.43975865840911865,0.5729559063911438,0.43239641189575195,0.5579124689102173,0.4494456648826599,0.5573886036872864,0.45009663701057434,0.615533173084259,0.5139020681381226,0.5827538371086121,0.4829421937465668,0.7043721079826355,0.5786802172660828,0.5783961415290833,0.5514606833457947,0.6889311075210571,0.6503052115440369,0.5528443455696106,0.607215940952301
fin_032.png,final,0.5500974655151367,0.4388250410556793,0.5567967295646667,0.43152743577957153,0.5590089559555054,0.4321799874305725,0.5613582730293274,0.4328865706920624,0.5564002990722656,0.42967551946640015,0.5581729412078857,0.428922176361084,0.5601792931556702,0.4281560182571411,0.5840874910354614,0.4424613416194916,0.5758942365646362,0.4334340989589691,0.5584135055541992,0.44916853308677673,0.5577498078346252,0.44925910234451294,0.6119629740715027,0.5140641927719116,0.5810341835021973,0.4840031862258911,0.7007195949554443,0.5767894983291626,0.5819615125656128,0.5471922159194946,0.6851462125778198,0.6531143188476562,0.5566232800483704,0.6048455238342285
fin_033.png,final,0.5386311411857605,0.4320235252380371,0.5448437929153442,0.4236910939216614,0.5470578670501709,0.4238569736480713,0.5494512319564819,0.42410632967948914,0.5452218651771545,0.42208075523376465,0.5475929379463196,0.4211474657058716,0.5502437949180603,0.4202863276004791,0.5730738043785095,0.4291771650314331,0.5711272954940796,0.4227876663208008,0.5505498051643372,0.44019222259521484,0.5508409738540649,0.44034379720687866,0.6118255853652954,0.5059245824813843,0.5812991261482239,0.4751858711242676,0.7020409107208252,0.573668897151947,0.5810226202011108,0.5469188690185547,0.6856701970100403,0.6520851254463196,0.552922785282135,0.6128107905387878
fin_034.png,final,0.54416823387146,0.43239307403564453,0.5501970648765564,0.4260421395301819,0.552351713180542,0.4265381097793579,0.5547267198562622,0.4272075891494751,0.549915611743927,0.4244067966938019,0.5517916083335876,0.4237367510795593,0.5540131330490112,0.4231562614440918,0.5749784708023071,0.43549221754074097,0.5707479119300842,0.42874038219451904,0.5527406930923462,0.44251158833503723,0.5521942973136902,0.4425452947616577,0.6091106534004211,0.5086702704429626,0.5806900262832642,0.481506884098053,0.6958959102630615,0.5701357126235962,0.5923861265182495,0.546358585357666,0.6832912564277649,0.6484996676445007,0.5689350366592407,0.6096351146697998
fin_035.png,final,0.5530908107757568,0.42732664942741394,0.563025712966919,0.4197745621204376,0.5653659105300903,0.4203372001647949,0.5679228901863098,0.42114490270614624,0.5622421503067017,0.41835105419158936,0.5643982887268066,0.41791778802871704,0.5665269494056702,0.4176951050758362,0.5883433818817139,0.43040210008621216,0.5827069282531738,0.4245789647102356,0.5612072944641113,0.43851348757743835,0.5601295232772827,0.43880659341812134,0.608771026134491,0.5090711116790771,0.5852302312850952,0.4823639690876007,0.696291446685791,0.5729946494102478,0.5936465263366699,0.5530378818511963,0.6794865131378174,0.6496440768241882,0.577938437461853,0.6076556444168091
fin_036.png,final,0.5452479720115662,0.4265007972717285,0.5526979565620422,0.41995272040367126,0.5546618700027466,0.42050495743751526,0.5567340850830078,0.4212174713611603,0.5527334809303284,0.41839152574539185,0.5547245144844055,0.41784346103668213,0.556990385055542,0.41740989685058594,0.5790322422981262,0.4295586943626404,0.574577808380127,0.423159658908844,0.5527244806289673,0.43723011016845703,0.5523747205734253,0.4373933970928192,0.6062342524528503,0.5053147077560425,0.5801379084587097,0.4795462489128113,0.6933904886245728,0.5702645778656006,0.6074874401092529,0.5454387068748474,0.6782752871513367,0.6490306854248047,0.5901796817779541,0.6057664155960083
fin_037.png,final,0.5507664680480957,0.4323163330554962,0.5585523843765259,0.4246285855770111,0.5611153841018677,0.4252634644508362,0.5642924904823303,0.42614102363586426,0.5580741167068481,0.42222297191619873,0.5600540637969971,0.4216586947441101,0.56224524974823,0.4211505055427551,0.5850918292999268,0.435269296169281,0.5781434178352356,0.4270995855331421,0.5610992312431335,0.44296106696128845,0.5588560700416565,0.44268256425857544,0.6150557994842529,0.5084109306335449,0.5849812030792236,0.4830087721347809,0.7044236063957214,0.5761113166809082,0.594943106174469,0.5511796474456787,0.6836430430412292,0.6558767557144165,0.5721426010131836,0.6081277132034302
fin_038.png,final,0.5487989783287048,0.438356876373291,0.5524330139160156,0.4299754798412323,0.5547282099723816,0.43016546964645386,0.5568060874938965,0.4305421710014343,0.5521876811981201,0.42796212434768677,0.5537552833557129,0.42715221643447876,0.5556227564811707,0.42628026008605957,0.5782425999641418,0.43846845626831055,0.5740180015563965,0.43020689487457275,0.5572813153266907,0.4482913315296173,0.5567090511322021,0.44927534461021423,0.6140350103378296,0.5126042366027832,0.5863396525382996,0.4833904504776001,0.7060288786888123,0.5751362442970276,0.5988821387290955,0.5538021922111511,0.6891824007034302,0.6515278816223145,0.5740306377410889,0.6089692115783691
fin_039.png,final,0.5497101545333862,0.43498170375823975,0.5553449988365173,0.42634451389312744,0.557470977306366,0.42660191655158997,0.5598299503326416,0.42703598737716675,0.5553160905838013,0.4252200722694397,0.5573201179504395,0.42456164956092834,0.5596931576728821,0.42396071553230286,0.5817383527755737,0.4348291754722595,0.5772201418876648,0.4284834861755371,0.5586909055709839,0.44500604271888733,0.5583397746086121,0.4458826184272766,0.6144009828567505,0.5099493861198425,0.5866172909736633,0.4856160879135132,0.7068320512771606,0.5760030150413513,0.5987993478775024,0.5530987977981567,0.6908954381942749,0.6524655818939209,0.5729655623435974,0.6102168560028076
fin_040.png,final,0.5405480861663818,0.43280816078186035,0.548481285572052,0.4237205684185028,0.5513113737106323,0.42454618215560913,0.5540335178375244,0.42470836639404297,0.5480658411979675,0.422409325838089,0.5500499606132507,0.4214383363723755,0.5522643327713013,0.420460045337677,0.5758333802223206,0.4291006922721863,0.5706957578659058,0.4233996868133545,0.5522695779800415,0.44091302156448364,0.5513975024223328,0.44109266996383667,0.6148722767829895,0.5075957179069519,0.5806835293769836,0.47879835963249207,0.6982349157333374,0.5718575716018677,0.5843658447265625,0.5480715036392212,0.6805639266967773,0.6542497873306274,0.5617178678512573,0.6110325455665588
fin_041.png,final,0.5878040790557861,0.48576706647872925,0.5933861136436462,0.4803914725780487,0.5948765277862549,0.4808964729309082,0.5962908267974854,0.48133528232574463,0.59235018491745,0.47715920209884644,0.5939783453941345,0.4765104651451111,0.5953129529953003,0.4756477475166321,0.6151942610740662,0.48894983530044556,0.6149895787239075,0.4814833998680115,0.5954705476760864,0.4963032305240631,0.5952229499816895,0.49609309434890747,0.6431164741516113,0.5635173320770264,0.6250171065330505,0.5420188307762146,0.7240317463874817,0.6323708891868591,0.620206892490387,0.6101799011230469,0.718454897403717,0.7130653858184814,0.5855910778045654,0.6644015908241272
fin_042.png,final,0.6271958947181702,0.45674148201942444,0.6362931728363037,0.44964832067489624,0.6384752988815308,0.45093435049057007,0.6405990719795227,0.45201408863067627,0.6359922885894775,0.44747865200042725,0.637579083442688,0.447126179933548,0.6399067640304565,0.44700753688812256,0.6597292423248291,0.464145302772522,0.6576155424118042,0.4574168920516968,0.6329199075698853,0.46836647391319275,0.6318116188049316,0.4686770439147949,0.6705684661865234,0.5339937806129456,0.6498569846153259,0.5215880274772644,0.7539089322090149,0.6000778675079346,0.6560587286949158,0.5919296741485596,0.7389533519744873,0.6836891770362854,0.6347076892852783,0.6515305638313293
fin_043.png,final,0.7225708961486816,0.4236733913421631,0.733759343624115,0.4203621745109558,0.7346001863479614,0.42487818002700806,0.7359119653701782,0.4273403584957123,0.7344790101051331,0.4148910343647003,0.7365529537200928,0.41340750455856323,0.7431333661079407,0.41465574502944946,0.7662917971611023,0.4341650605201721,0.7606800198554993,0.4216422438621521,0.7272033095359802,0.43887796998023987,0.7272539138793945,0.43453478813171387,0.7711573243141174,0.5126767158508301,0.7705121040344238,0.4567655324935913,0.6603309512138367,0.5203818082809448,0.7259374260902405,0.4230159521102905,0.6994309425354004,0.4666041433811188,0.7583644986152649,0.4275675117969513
fin_044.png,final,0.7229551076889038,0.42801886796951294,0.7337086796760559,0.42331400513648987,0.7363048195838928,0.4249419569969177,0.7390927672386169,0.42649373412132263,0.7318729758262634,0.4188571572303772,0.7331116795539856,0.41751375794410706,0.7342694997787476,0.41632673144340515,0.777752161026001,0.4342397451400757,0.747922956943512,0.4204825758934021,0.7280091047286987,0.43975597620010376,0.7231539487838745,0.4368906617164612,0.782637894153595,0.507631778717041,0.7469110488891602,0.4677426218986511,0.6787102222442627,0.5084498524665833,0.6929810643196106,0.45945557951927185,0.6980543732643127,0.46306300163269043,0.7215904593467712,0.45667964220046997
fin_045.png,final,0.7309035658836365,0.42680010199546814,0.7463153600692749,0.4231056272983551,0.7497636079788208,0.4277460277080536,0.7541738152503967,0.43081092834472656,0.7399774789810181,0.41660115122795105,0.7402958273887634,0.4148239195346832,0.740691065788269,0.41313809156417847,0.770465075969696,0.4402836859226227,0.7628666162490845,0.4183309078216553,0.7353233695030212,0.44305235147476196,0.727461576461792,0.43571770191192627,0.7794654369354248,0.512248158454895,0.7535764575004578,0.4540078043937683,0.6461082696914673,0.528541624546051,0.6737934947013855,0.46813538670539856,0.6960102319717407,0.46898478269577026,0.6976271271705627,0.470237672328949
fin_046.png,final,0.7130318284034729,0.4242764115333557,0.7245984077453613,0.41795188188552856,0.7278184294700623,0.42015838623046875,0.7295094132423401,0.4222607910633087,0.7241758108139038,0.4136068820953369,0.7253666520118713,0.4126640558242798,0.7258983254432678,0.4119752049446106,0.7551529407501221,0.44022703170776367,0.7506424784660339,0.4283767640590668,0.7155953049659729,0.4386492371559143,0.7114737629890442,0.43570229411125183,0.7627515196800232,0.5134539008140564,0.737684965133667,0.474976122379303,0.6793982982635498,0.5101537108421326,0.706520676612854,0.43734389543533325,0.6853753924369812,0.46987080574035645,0.7217628955841064,0.4273179769515991
fin_047.png,final,0.7216383218765259,0.4202810525894165,0.7361183762550354,0.4170488119125366,0.7412024736404419,0.4193653464317322,0.7542169094085693,0.4176449179649353,0.7421349287033081,0.40948766469955444,0.742058515548706,0.4082126021385193,0.7420620322227478,0.4069443345069885,0.7722388505935669,0.4264223575592041,0.7551859617233276,0.41218048334121704,0.7239295840263367,0.4327092468738556,0.7167470455169678,0.42783835530281067,0.7701235413551331,0.49907320737838745,0.7318143248558044,0.44813042879104614,0.6599177122116089,0.5347086191177368,0.6485415101051331,0.47054415941238403,0.6693699359893799,0.47228991985321045,0.672900378704071,0.46835729479789734
fin_048.png,final,0.7146944999694824,0.4273782968521118,0.7231825590133667,0.4241707921028137,0.7272548675537109,0.42620790004730225,0.7299045920372009,0.42792564630508423,0.722405195236206,0.4199022054672241,0.7237985730171204,0.41869789361953735,0.725104033946991,0.4175450801849365,0.760807991027832,0.43301230669021606,0.7489779591560364,0.41835013031959534,0.7178424000740051,0.4397132396697998,0.7161580324172974,0.4358120858669281,0.7572784423828125,0.5118712186813354,0.7439355850219727,0.4542168378829956,0.6374091506004333,0.5161131024360657,0.6753199696540833,0.44906705617904663,0.6797227263450623,0.4677472710609436,0.7250678539276123,0.45541566610336304
fin_049.png,final,0.7176612019538879,0.43211692571640015,0.7323023676872253,0.4274406433105469,0.7360348701477051,0.42950934171676636,0.741109311580658,0.43187975883483887,0.7278202772140503,0.4218403697013855,0.7289167046546936,0.4183288812637329,0.7286111116409302,0.4165879487991333,0.7747969627380371,0.4337191581726074,0.7401347756385803,0.4191356301307678,0.7215695381164551,0.44505900144577026,0.7149454951286316,0.43990659713745117,0.7750882506370544,0.5167704820632935,0.7270388603210449,0.4541722238063812,0.6524466872215271,0.5398275852203369,0.658885657787323,0.4658007025718689,0.6782193183898926,0.47572869062423706,0.6781437993049622,0.4677460491657257
fin_050.png,final,0.7436903715133667,0.41079092025756836,0.7507073879241943,0.40621668100357056,0.7498103380203247,0.40738168358802795,0.7485476732254028,0.40851184725761414,0.7610400319099426,0.41072380542755127,0.7621945738792419,0.40954121947288513,0.7633171081542969,0.40837299823760986,0.7781416177749634,0.43114742636680603,0.7783645391464233,0.41680002212524414,0.7458814382553101,0.4229472279548645,0.7478635907173157,0.42160069942474365,0.7596040964126587,0.49986574053764343,0.7678006887435913,0.45785826444625854,0.6755698323249817,0.5601405501365662,0.7078288197517395,0.5112422108650208,0.6616706848144531,0.549450695514679,0.6582637429237366,0.5290659666061401
fin_051.png,final,0.4602872133255005,0.48059868812561035,0.46279656887054443,0.47229743003845215,0.4616193473339081,0.4724738597869873,0.46043267846107483,0.47266873717308044,0.46854516863822937,0.47047799825668335,0.47095537185668945,0.469491183757782,0.47324231266975403,0.4686095714569092,0.46662047505378723,0.4794156551361084,0.49341803789138794,0.48079168796539307,0.4588989317417145,0.48928043246269226,0.4644460380077362,0.48886236548423767,0.4455971419811249,0.5314332842826843,0.48676425218582153,0.5333120822906494,0.3598252832889557,0.5373762249946594,0.44995319843292236,0.5674294829368591,0.29617607593536377,0.4912264347076416,0.4077174663543701,0.549206018447876
fin_052.png,final,0.6823573112487793,0.4614558517932892,0.6915802359580994,0.4540320336818695,0.6960321068763733,0.45529329776763916,0.700373649597168,0.45662710070610046,0.6857482194900513,0.4520576000213623,0.6851608753204346,0.45162272453308105,0.6847698092460632,0.45142123103141785,0.7185661792755127,0.4627857506275177,0.6931385397911072,0.4559321403503418,0.6942543983459473,0.47544577717781067,0.6870918273925781,0.47190290689468384,0.7527045011520386,0.5288177728652954,0.6824244856834412,0.4989786446094513,0.7277567386627197,0.5704496502876282,0.645456850528717,0.5617564916610718,0.7304388880729675,0.49355238676071167,0.6115381121635437,0.5907202959060669
fin_053.png,final,0.6310020685195923,0.3454667329788208,0.640306293964386,0.3357609510421753,0.6434057354927063,0.33667778968811035,0.6465663313865662,0.33766108751296997,0.6396215558052063,0.3333180546760559,0.6415022611618042,0.33262017369270325,0.6434701681137085,0.3319043219089508,0.6702109575271606,0.34430956840515137,0.6651484370231628,0.33644598722457886,0.6397947072982788,0.357990562915802,0.637988269329071,0.35586169362068176,0.6992810964584351,0.4093761444091797,0.6722555160522461,0.36246228218078613,0.6393096446990967,0.4266064465045929,0.6094769835472107,0.325076162815094,0.6386070847511292,0.40146929025650024,0.6089626550674438,0.29036185145378113
fin_054.png,final,0.6326201558113098,0.34306126832962036,0.6434922218322754,0.3323873281478882,0.6468746066093445,0.333171546459198,0.6503015160560608,0.3340206742286682,0.6433394551277161,0.33015120029449463,0.6454940438270569,0.3294767141342163,0.6477051973342896,0.3287816047668457,0.6762664318084717,0.33939310908317566,0.6719300746917725,0.3323981761932373,0.642198920249939,0.3556783199310303,0.640846848487854,0.3536396622657776,0.7101213335990906,0.404940128326416,0.6704689264297485,0.36186882853507996,0.6601402163505554,0.4213293492794037,0.6063516736030579,0.361587256193161,0.6388987898826599,0.40906012058258057,0.6022322177886963,0.3615322709083557
fin_055.png,final,0.567653477191925,0.4412775933742523,0.5713487267494202,0.4347740411758423,0.572287917137146,0.43499529361724854,0.5731411576271057,0.43463417887687683,0.5856021642684937,0.42766785621643066,0.5876681208610535,0.42754778265953064,0.5898410081863403,0.42742201685905457,0.6149430274963379,0.4351905584335327,0.6118183135986328,0.43173468112945557,0.5783668160438538,0.4499300718307495,0.579397976398468,0.45065027475357056,0.6444263458251953,0.488810658454895,0.6192293167114258,0.4724399447441101,0.6327387690544128,0.505623459815979,0.604037344455719,0.5138485431671143,0.5772846937179565,0.49650365114212036,0.5825651288032532,0.5410711169242859
fin_056.png,final,0.5646923184394836,0.44791552424430847,0.5677345395088196,0.44211429357528687,0.5687414407730103,0.44218048453330994,0.5694840550422668,0.4419303238391876,0.5671054720878601,0.4394771158695221,0.5680925250053406,0.43785637617111206,0.569166898727417,0.43634986877441406,0.6007208228111267,0.4458790719509125,0.6047844886779785,0.4390628933906555,0.5765232443809509,0.45595991611480713,0.5769122838973999,0.45610755681991577,0.6235172748565674,0.49388521909713745,0.632603645324707,0.4678803086280823,0.6143651008605957,0.5144840478897095,0.5987356901168823,0.47528040409088135,0.5797150731086731,0.500870406627655,0.5709990859031677,0.47781386971473694
fin_057.png,final,0.5773183703422546,0.4241296052932739,0.5827341675758362,0.41675084829330444,0.586947500705719,0.41701003909111023,0.5886892080307007,0.41734641790390015,0.5826711654663086,0.41503408551216125,0.5871085524559021,0.4142625629901886,0.5891658663749695,0.4137325584888458,0.6225211024284363,0.4265204668045044,0.6076701879501343,0.4186263680458069,0.5848357081413269,0.4337453544139862,0.5846564769744873,0.4335246682167053,0.6459508538246155,0.4916296899318695,0.6394845247268677,0.4572422504425049,0.6031579971313477,0.5326520204544067,0.5968148112297058,0.47697851061820984,0.5761139988899231,0.4974652826786041,0.5783874988555908,0.47583508491516113
fin_058.png,final,0.5615432858467102,0.42789047956466675,0.5639690160751343,0.4182296395301819,0.5667967796325684,0.41872549057006836,0.5674514174461365,0.41929948329925537,0.5633023381233215,0.4165460169315338,0.5660649538040161,0.4161238670349121,0.5668485164642334,0.4160569906234741,0.5824664235115051,0.42627769708633423,0.5832396149635315,0.41960251331329346,0.5721787810325623,0.4378747344017029,0.5710948705673218,0.4374431371688843,0.6312187910079956,0.47195321321487427,0.6260059475898743,0.4607107639312744,0.6351980566978455,0.504247784614563,0.611203670501709,0.4776431918144226,0.5778161287307739,0.5044405460357666,0.5870757102966309,0.4802386462688446
fin_059.png,final,0.6739015579223633,0.39645084738731384,0.6790291666984558,0.38598933815956116,0.6826736330986023,0.38631588220596313,0.6868340373039246,0.38683536648750305,0.6728402972221375,0.3844763934612274,0.6723156571388245,0.38376936316490173,0.6720485091209412,0.3832961320877075,0.7195268273353577,0.3897017240524292,0.6891373991966248,0.3860747218132019,0.6865817904472351,0.4043809473514557,0.6800166368484497,0.4041653275489807,0.7673490047454834,0.443822979927063,0.6980488896369934,0.42078447341918945,0.7509932518005371,0.4998573660850525,0.669709324836731,0.48328372836112976,0.7407803535461426,0.4533499777317047,0.6450426578521729,0.5219561457633972
fin_060.png,final,0.6576354503631592,0.4122288227081299,0.6662546992301941,0.40237611532211304,0.6705716848373413,0.403011679649353,0.6837881803512573,0.40245622396469116,0.6573944091796875,0.3991544544696808,0.656492292881012,0.39790862798690796,0.6561383008956909,0.3970203101634979,0.7062999606132507,0.4028800427913666,0.6712945103645325,0.39838719367980957,0.6762140393257141,0.4250994324684143,0.6616701483726501,0.4172768294811249,0.7516708970069885,0.4565940201282501,0.6776377558708191,0.42750120162963867,0.7286748290061951,0.516757607460022,0.6307349801063538,0.4941524267196655,0.7159035205841064,0.47371721267700195,0.6302366256713867,0.5327445268630981
fin_061.png,final,0.6427586078643799,0.4097703695297241,0.651427149772644,0.4029594659805298,0.6556258797645569,0.4035143256187439,0.6625219583511353,0.40468037128448486,0.6421923637390137,0.4003881812095642,0.6409119367599487,0.39934203028678894,0.6399596929550171,0.39876797795295715,0.6890648007392883,0.40675070881843567,0.6578245162963867,0.4030476212501526,0.6573994159698486,0.41935962438583374,0.6487210392951965,0.4183215796947479,0.7355677485466003,0.4599479138851166,0.6634007096290588,0.4391005039215088,0.7121696472167969,0.5133809447288513,0.6292468905448914,0.4972732663154602,0.7098966836929321,0.47759711742401123,0.6342177391052246,0.5255841016769409
fin_062.png,final,0.6585527658462524,0.4334409236907959,0.6685625910758972,0.4264828860759735,0.6759500503540039,0.431984543800354,0.6805619597434998,0.4322577714920044,0.6581723690032959,0.42367738485336304,0.6567782759666443,0.42304426431655884,0.6558140516281128,0.42278414964675903,0.7031596899032593,0.43328386545181274,0.6696317195892334,0.42719680070877075,0.6748078465461731,0.44762951135635376,0.6671343445777893,0.4464939832687378,0.7450175881385803,0.5004451274871826,0.676322340965271,0.45703986287117004,0.7105405926704407,0.547650933265686,0.6341264247894287,0.5169429183006287,0.7097296118736267,0.4924142360687256,0.6479985117912292,0.5358743071556091
fin_063.png,final,0.6688847541809082,0.4624311327934265,0.67990642786026,0.4539915919303894,0.6842232346534729,0.45485788583755493,0.6885966062545776,0.4557945132255554,0.6693728566169739,0.44864973425865173,0.6686166524887085,0.44803717732429504,0.6682836413383484,0.44764190912246704,0.7190378904342651,0.4600694477558136,0.6898505687713623,0.4533487558364868,0.6882327198982239,0.4845614433288574,0.6751136779785156,0.4744773805141449,0.7581788897514343,0.5147373676300049,0.6922197341918945,0.48290231823921204,0.7361932396888733,0.5682893395423889,0.6629678010940552,0.5630027651786804,0.7280570268630981,0.544914960861206,0.6533529162406921,0.5937641859054565
fin_064.png,final,0.7492176294326782,0.4085272550582886,0.7658049464225769,0.3981225788593292,0.7712865471839905,0.3990747034549713,0.7772046327590942,0.40021809935569763,0.7563318610191345,0.3967122733592987,0.7547832131385803,0.3965139091014862,0.7533968687057495,0.3963867723941803,0.7986969947814941,0.41301000118255615,0.7677331566810608,0.40644189715385437,0.7584658861160278,0.42682164907455444,0.7457329630851746,0.42465245723724365,0.7817097902297974,0.47550004720687866,0.755692183971405,0.46182042360305786,0.7557780146598816,0.5523805618286133,0.6919254660606384,0.5076825022697449,0.6899266839027405,0.5878526568412781,0.6178512573242188,0.524074912071228
fin_065.png,final,0.7524468302726746,0.410458505153656,0.7657608985900879,0.40023642778396606,0.7697731256484985,0.40111851692199707,0.7742197513580322,0.40218350291252136,0.7592817544937134,0.3990110754966736,0.758453369140625,0.3989255428314209,0.757768988609314,0.3988606035709381,0.794873058795929,0.4160735607147217,0.7707144021987915,0.4091736674308777,0.7591108083724976,0.4290081262588501,0.750142514705658,0.4265485107898712,0.7803938984870911,0.48318392038345337,0.755754828453064,0.46583452820777893,0.7459848523139954,0.5628134608268738,0.6896726489067078,0.5120061039924622,0.6652791500091553,0.595145583152771,0.6155087947845459,0.5313792824745178
fin_066.png,final,0.7579435110092163,0.41093769669532776,0.7762473225593567,0.4017581343650818,0.7814666628837585,0.40374958515167236,0.7872838973999023,0.4060446619987488,0.7683742642402649,0.39847421646118164,0.7675655484199524,0.3980075716972351,0.7668676376342773,0.39774584770202637,0.8061729073524475,0.4217059314250946,0.7775498628616333,0.41060715913772583,0.7628850936889648,0.4296179413795471,0.7537149786949158,0.42544883489608765,0.7818498611450195,0.4869339168071747,0.7563337087631226,0.4677731394767761,0.7395387887954712,0.5709989070892334,0.6893003582954407,0.5136981010437012,0.6666215062141418,0.5985737442970276,0.6134759783744812,0.5319077372550964
fin_067.png,final,0.764380693435669,0.41324517130851746,0.7798844575881958,0.4045870006084442,0.785492479801178,0.4059113562107086,0.7915394306182861,0.4074386656284332,0.7706887125968933,0.4026644825935364,0.769523024559021,0.4027237296104431,0.7685876488685608,0.40285414457321167,0.8129345774650574,0.42066389322280884,0.7778352499008179,0.4135257601737976,0.7723783254623413,0.4295056462287903,0.7609816193580627,0.42656391859054565,0.7944810390472412,0.47797656059265137,0.752812922000885,0.4707520604133606,0.7690634727478027,0.5525761246681213,0.6854930520057678,0.5162603855133057,0.7097431421279907,0.5922175645828247,0.6086077690124512,0.5327569842338562
fin_068.png,final,0.6779310703277588,0.42344415187835693,0.6929271221160889,0.4156109690666199,0.6963909268379211,0.41723886132240295,0.7005664706230164,0.41919609904289246,0.6890242695808411,0.4136400818824768,0.6893118619918823,0.4138405919075012,0.6898017525672913,0.4143052101135254,0.7201982736587524,0.4342816472053528,0.7031569480895996,0.4278949499130249,0.6810557246208191,0.4400820732116699,0.6764828562736511,0.43774962425231934,0.7172775864601135,0.4961738884449005,0.6741030812263489,0.4880405068397522,0.6952639818191528,0.5674194097518921,0.6140275597572327,0.5313979983329773,0.6287623047828674,0.6056257486343384,0.544381856918335,0.549277126789093
fin_069.png,final,0.6481519937515259,0.41525715589523315,0.6703769564628601,0.4083847403526306,0.6749369502067566,0.4106137156486511,0.6805007457733154,0.4131035804748535,0.6639019250869751,0.4037623405456543,0.6635310053825378,0.402849406003952,0.6635420322418213,0.4020347595214844,0.7022712230682373,0.42839792370796204,0.6812195777893066,0.41847240924835205,0.651713490486145,0.43505334854125977,0.6442080140113831,0.4295768737792969,0.7013952732086182,0.501783013343811,0.6533204317092896,0.4786219596862793,0.6722790598869324,0.5764176845550537,0.5898458361625671,0.5277346968650818,0.6181143522262573,0.6126925349235535,0.5146399140357971,0.5478503704071045
fin_070.png,final,0.6352174878120422,0.41513824462890625,0.6509342789649963,0.40739887952804565,0.6537551879882812,0.40884706377983093,0.6571407914161682,0.4105455279350281,0.649713933467865,0.40522301197052,0.6515178680419922,0.40528085827827454,0.6538417339324951,0.4055522680282593,0.6819236278533936,0.4252302050590515,0.6759154200553894,0.4193073511123657,0.6407988667488098,0.4328189492225647,0.6391680240631104,0.430080771446228,0.6885733008384705,0.5013042688369751,0.6579104661941528,0.4769553542137146,0.6472452878952026,0.5795751214027405,0.5959575176239014,0.5263648629188538,0.607370138168335,0.6045327186584473,0.5116695165634155,0.5489059090614319
fin_071.png,final,0.652192234992981,0.4482814073562622,0.6700974702835083,0.43845924735069275,0.673799991607666,0.439770370721817,0.6781781911849976,0.44133391976356506,0.6659687757492065,0.43628543615341187,0.6664583683013916,0.4361047148704529,0.6672696471214294,0.4360446333885193,0.7023930549621582,0.45514199137687683,0.6821085810661316,0.44882142543792725,0.6579750776290894,0.4641314148902893,0.6515981554985046,0.46212345361709595,0.7164134383201599,0.5199267864227295,0.6636362671852112,0.499268501996994,0.7014428377151489,0.5848413109779358,0.610565185546875,0.5524743795394897,0.6440704464912415,0.6242801547050476,0.5363898277282715,0.5745943188667297
fin_072.png,final,0.6430950164794922,0.4487443268299103,0.6608873605728149,0.4395400285720825,0.6643545627593994,0.4408677816390991,0.6684003472328186,0.44237327575683594,0.6578439474105835,0.4371833801269531,0.6588249206542969,0.4369387626647949,0.6600801944732666,0.4368094801902771,0.6925859451293945,0.45528480410575867,0.678264856338501,0.4498356580734253,0.6478837132453918,0.4638981223106384,0.6432379484176636,0.46167224645614624,0.7042428255081177,0.5140050649642944,0.657578706741333,0.4981836974620819,0.696179986000061,0.5839600563049316,0.5992046594619751,0.5503763556480408,0.6441640257835388,0.6240190863609314,0.5278121829032898,0.5749869346618652
fin_073.png,final,0.6401184797286987,0.4491015672683716,0.6582257747650146,0.4385226368904114,0.6621391773223877,0.43974441289901733,0.6668128967285156,0.4412534832954407,0.6544866561889648,0.4364532232284546,0.6554650664329529,0.436301589012146,0.6567239761352539,0.43627724051475525,0.6927274465560913,0.45452743768692017,0.6770384907722473,0.4494902789592743,0.6463620662689209,0.46598154306411743,0.6407042741775513,0.46346449851989746,0.7102640867233276,0.5309033989906311,0.656324565410614,0.502080500125885,0.6787973046302795,0.6004319787025452,0.5978928208351135,0.5560914278030396,0.6135789155960083,0.6302216649055481,0.527625322341919,0.5784459710121155
fin_074.png,final,0.6860736608505249,0.4542196989059448,0.6976549029350281,0.444533109664917,0.6989021301269531,0.4449191391468048,0.701238214969635,0.44561392068862915,0.6984243988990784,0.44413572549819946,0.6999607086181641,0.44433271884918213,0.7015109658241272,0.4446537494659424,0.7195121049880981,0.4572048783302307,0.7191877365112305,0.45434123277664185,0.6879489421844482,0.46637123823165894,0.6884912848472595,0.4670807719230652,0.7182291746139526,0.5248427391052246,0.6999630331993103,0.5092970132827759,0.687511146068573,0.5988779664039612,0.6369826793670654,0.545179545879364,0.5996121764183044,0.6267490983009338,0.5787715315818787,0.5726537108421326
fin_075.png,final,0.691071629524231,0.456191748380661,0.7054176330566406,0.44684478640556335,0.707983136177063,0.44751641154289246,0.7115485072135925,0.4484945833683014,0.7045058012008667,0.44563472270965576,0.7063874006271362,0.445451557636261,0.7085655927658081,0.4454391598701477,0.7336088418960571,0.46137094497680664,0.729582667350769,0.456428200006485,0.696545422077179,0.4718147814273834,0.6942970752716064,0.47012847661972046,0.7291073799133301,0.530201256275177,0.7070885896682739,0.5135427117347717,0.6862375736236572,0.6071104407310486,0.6387806534767151,0.5624587535858154,0.5937227010726929,0.635470986366272,0.5856507420539856,0.5826045274734497
fin_076.png,final,0.6937900185585022,0.45332399010658264,0.7059457898139954,0.44495031237602234,0.707755446434021,0.44547221064567566,0.709777295589447,0.44618767499923706,0.7066668272018433,0.44414111971855164,0.7089462876319885,0.44414404034614563,0.7114807367324829,0.44429150223731995,0.7313603162765503,0.4598807096481323,0.7320409417152405,0.4551313817501068,0.6985473036766052,0.4668850898742676,0.6974525451660156,0.46657922863960266,0.7286472916603088,0.5287790894508362,0.7113824486732483,0.5101660490036011,0.6924454569816589,0.6088525652885437,0.6491766571998596,0.561745285987854,0.5954947471618652,0.6348221898078918,0.586562991142273,0.5847942233085632
fin_077.png,final,0.7045606374740601,0.45493072271347046,0.7150347828865051,0.4449913203716278,0.7170343399047852,0.44531261920928955,0.7192743420600891,0.4459115266799927,0.715045690536499,0.44458115100860596,0.7170199155807495,0.4446186423301697,0.7192705869674683,0.4448581635951996,0.7425714135169983,0.4587341845035553,0.7397282719612122,0.4548904001712799,0.7101975083351135,0.4685189127922058,0.708593487739563,0.46854549646377563,0.7400820851325989,0.5299772024154663,0.7199872732162476,0.5140520334243774,0.7032651305198669,0.612880289554596,0.6568714380264282,0.5620116591453552,0.6055964231491089,0.6345759034156799,0.5917795300483704,0.5764065980911255
fin_078.png,final,0.7237434387207031,0.45791614055633545,0.7334508895874023,0.44871240854263306,0.7346022129058838,0.4490843713283539,0.735845685005188,0.4496862292289734,0.7351323962211609,0.44810864329338074,0.7372061014175415,0.4481338858604431,0.7392644882202148,0.4483931064605713,0.7557547688484192,0.46268829703330994,0.7575433254241943,0.45811253786087036,0.7277554869651794,0.46990928053855896,0.7292302846908569,0.4705052077770233,0.7504240870475769,0.520655632019043,0.7370542287826538,0.510964035987854,0.7145182490348816,0.5970100164413452,0.6705487370491028,0.5504651069641113,0.6279851794242859,0.6296496987342834,0.6170842051506042,0.5814542770385742
fin_079.png,final,0.7429937720298767,0.4619956314563751,0.751008152961731,0.4528946876525879,0.752185046672821,0.4529854953289032,0.7533891201019287,0.45315366983413696,0.7517945766448975,0.4525703191757202,0.7534841895103455,0.452520489692688,0.7552165389060974,0.4525604248046875,0.7728385925292969,0.46286100149154663,0.774199903011322,0.46116989850997925,0.7466800212860107,0.474260151386261,0.7476719617843628,0.4749948978424072,0.778399646282196,0.529460608959198,0.7618476748466492,0.517064094543457,0.7360795736312866,0.6102420687675476,0.6913405060768127,0.5508235096931458,0.6448264718055725,0.6379703283309937,0.6344306468963623,0.5797261595726013
fin_080.png,final,0.7104628086090088,0.4188411235809326,0.7308547496795654,0.4089900851249695,0.7381773591041565,0.4107401967048645,0.7465769648551941,0.4127363860607147,0.7194191813468933,0.40591174364089966,0.7172060608863831,0.4053936004638672,0.7152107954025269,0.405157208442688,0.7675948143005371,0.42680418491363525,0.725330114364624,0.41913604736328125,0.7204735279083252,0.43724489212036133,0.7054117918014526,0.4337237477302551,0.7576793432235718,0.48724034428596497,0.7095345258712769,0.4728279411792755,0.7443931698799133,0.5530571341514587,0.6487805247306824,0.5210092663764954,0.7089470028877258,0.5866748094558716,0.5794745087623596,0.542366623878479
fin_081.png,final,0.6926922798156738,0.4115830063819885,0.71043461561203,0.4050673544406891,0.7137173414230347,0.40721601247787476,0.7175632119178772,0.40969544649124146,0.7085784673690796,0.4018899202346802,0.7099030613899231,0.4018441438674927,0.7115282416343689,0.4020214080810547,0.7412447929382324,0.4267347455024719,0.7303371429443359,0.4189978241920471,0.696253776550293,0.42909377813339233,0.6925174593925476,0.42573899030685425,0.7450231909751892,0.4925450086593628,0.6993704438209534,0.4779205918312073,0.7311329245567322,0.559174656867981,0.6381075978279114,0.52225261926651,0.7034496068954468,0.5908528566360474,0.5693628787994385,0.5472419261932373
fin_082.png,final,0.5913046002388,0.3845064043998718,0.607255220413208,0.3732140064239502,0.6114899516105652,0.37411826848983765,0.6165577173233032,0.3752531409263611,0.6016097068786621,0.371868371963501,0.601235032081604,0.3718354105949402,0.6010442972183228,0.3719504177570343,0.6420698165893555,0.38801223039627075,0.6153109073638916,0.38384953141212463,0.5982508659362793,0.40111443400382996,0.5906209349632263,0.3992842733860016,0.6520892381668091,0.4488682746887207,0.6007890105247498,0.4350399374961853,0.640539288520813,0.5138459205627441,0.5395998358726501,0.4875829815864563,0.591469943523407,0.5498532652854919,0.4704710841178894,0.5123063325881958
fin_083.png,final,0.72054123878479,0.41741013526916504,0.7373836636543274,0.4079628586769104,0.7421509027481079,0.40926095843315125,0.7479333877563477,0.4108560383319855,0.7310963273048401,0.40639737248420715,0.7309694886207581,0.4065513014793396,0.7310618758201599,0.4068909287452698,0.7738528251647949,0.42407357692718506,0.7478227019309998,0.41952431201934814,0.7289345264434814,0.43455880880355835,0.7202287316322327,0.4318837821483612,0.7840287685394287,0.4915674328804016,0.7229164838790894,0.46969902515411377,0.7670329809188843,0.5603530406951904,0.6634987592697144,0.5203123688697815,0.7066594958305359,0.6055543422698975,0.5906715393066406,0.5436503887176514
fin_084.png,final,0.7241705060005188,0.41773784160614014,0.7417908310890198,0.4092860817909241,0.7474573254585266,0.41062718629837036,0.7541711926460266,0.4121886193752289,0.7327209115028381,0.4075503349304199,0.731433629989624,0.4076921343803406,0.7303289175033569,0.4080662727355957,0.778476357460022,0.4262334704399109,0.7449329495429993,0.4222148060798645,0.7344926595687866,0.43575069308280945,0.7220327258110046,0.4326407313346863,0.7885963916778564,0.49067509174346924,0.7246482968330383,0.4738439917564392,0.7741585969924927,0.5582833886146545,0.6672006845474243,0.5229799151420593,0.7143530249595642,0.6051936745643616,0.5981128215789795,0.5453251004219055
fin_085.png,final,0.8042044043540955,0.19013243913650513,0.8217563629150391,0.18149003386497498,0.8257995247840881,0.18338941037654877,0.8314951658248901,0.1860533505678177,0.816583514213562,0.17929421365261078,0.8163565397262573,0.17944668233394623,0.8163460493087769,0.1797678917646408,0.8530001640319824,0.20490971207618713,0.826897919178009,0.19408878684043884,0.8089128732681274,0.20958037674427032,0.800337553024292,0.20576509833335876,0.8427320718765259,0.2905147671699524,0.7864748239517212,0.25126025080680847,0.7775869369506836,0.3747372627258301,0.7003415822982788,0.306482195854187,0.6930527687072754,0.40419843792915344,0.6129420399665833,0.3260864019393921
fin_086.png,final,0.6753044128417969,0.4977979063987732,0.6911759972572327,0.4918915927410126,0.6944859623908997,0.49336230754852295,0.6983200907707214,0.4951580762863159,0.68692946434021,0.48953449726104736,0.6869657039642334,0.48929381370544434,0.6872061491012573,0.48938417434692383,0.7149930000305176,0.5099178552627563,0.697643518447876,0.5036218166351318,0.6767972707748413,0.5141352415084839,0.6716721653938293,0.5116562843322754,0.7029399275779724,0.5635663270950317,0.6629295945167542,0.5539723634719849,0.6866762638092041,0.6215626001358032,0.611772894859314,0.5934461355209351,0.6499406695365906,0.6570037603378296,0.5473208427429199,0.6067191958427429
fin_087.png,final,0.6803616881370544,0.5031133890151978,0.6930769085884094,0.49534693360328674,0.696124792098999,0.49589014053344727,0.7007624506950378,0.49675092101097107,0.6862334609031677,0.4951608180999756,0.6850816011428833,0.49535998702049255,0.6838759779930115,0.4956629276275635,0.716209352016449,0.5081130862236023,0.6945734620094299,0.5058702826499939,0.684850811958313,0.5166956186294556,0.6775327920913696,0.516097903251648,0.7048466801643372,0.5640385746955872,0.671890377998352,0.5557811260223389,0.6850522756576538,0.6321278214454651,0.6180034875869751,0.5916761755943298,0.6190589666366577,0.6599788069725037,0.5481926202774048,0.6066489815711975
fin_088.png,final,0.6840687394142151,0.5013524293899536,0.7044629454612732,0.49509647488594055,0.7109987139701843,0.4974876642227173,0.7189278602600098,0.5005297660827637,0.6921782493591309,0.49125587940216064,0.6894027590751648,0.490581214427948,0.6866790056228638,0.4901457726955414,0.7354790568351746,0.5151444673538208,0.6938332915306091,0.5027416348457336,0.6923282146453857,0.519404411315918,0.6758416891098022,0.5135032534599304,0.7137578129768372,0.5650011897087097,0.6700483560562134,0.5553251504898071,0.6970997452735901,0.6174363493919373,0.6141864657402039,0.5920799374580383,0.6762492656707764,0.6438394784927368,0.5496947169303894,0.6095919013023376
fin_089.png,final,0.670579195022583,0.4908260703086853,0.6896328926086426,0.48296332359313965,0.6931299567222595,0.48465198278427124,0.6972150802612305,0.48663049936294556,0.6865524053573608,0.47987666726112366,0.6874871850013733,0.4793652892112732,0.6887054443359375,0.4790199398994446,0.7193084955215454,0.501375675201416,0.7062303423881531,0.49330857396125793,0.6731441617012024,0.507766842842102,0.668748676776886,0.5049532651901245,0.7225507497787476,0.5687810182571411,0.6743512153625488,0.5450214743614197,0.6868197321891785,0.6313713788986206,0.6116614937782288,0.5877246260643005,0.6495279669761658,0.6539207100868225,0.5516607761383057,0.6007851362228394
fin_090.png,final,0.6791378855705261,0.495095819234848,0.6963250041007996,0.4871637225151062,0.7008593678474426,0.48849546909332275,0.70620197057724,0.490153968334198,0.6899669766426086,0.48501068353652954,0.689449667930603,0.48472678661346436,0.6892121434211731,0.4846591353416443,0.7262918949127197,0.5032362341880798,0.7031976580619812,0.4971175193786621,0.6836866736412048,0.5113207697868347,0.6752877235412598,0.5090029835700989,0.7141135931015015,0.5633153915405273,0.6775506138801575,0.5471711754798889,0.6846194267272949,0.628810703754425,0.6148621439933777,0.588195264339447,0.6329363584518433,0.6538252830505371,0.5456758737564087,0.601056694984436
fin_091.png,final,0.6563025116920471,0.4813721179962158,0.675993025302887,0.47481438517570496,0.6808872222900391,0.4769604504108429,0.6865172982215881,0.47945570945739746,0.6700880527496338,0.47084689140319824,0.6701538562774658,0.4700849652290344,0.6704695820808411,0.4695071578025818,0.7077181935310364,0.49448585510253906,0.6868976354598999,0.48469769954681396,0.6608416438102722,0.4987156391143799,0.653030514717102,0.49423766136169434,0.7054648399353027,0.5574934482574463,0.655788004398346,0.5346670150756836,0.6671863198280334,0.6284448504447937,0.5961872935295105,0.5807459950447083,0.6204451322555542,0.6454018950462341,0.5321309566497803,0.5946641564369202
fin_092.png,final,0.6571551561355591,0.47948795557022095,0.6750114560127258,0.47373831272125244,0.6789776086807251,0.4755103588104248,0.6837483644485474,0.47754019498825073,0.6714881062507629,0.4707099199295044,0.6725833415985107,0.4703180193901062,0.6740846633911133,0.4701252579689026,0.7047960162162781,0.49127548933029175,0.6912263631820679,0.483547568321228,0.660988986492157,0.49645787477493286,0.6558790802955627,0.49235981702804565,0.7024521827697754,0.5605834722518921,0.6566752791404724,0.534318208694458,0.6546961665153503,0.628808319568634,0.5974703431129456,0.5776017904281616,0.5981887578964233,0.6413891911506653,0.5282944440841675,0.5931546092033386
fin_093.png,final,0.656508207321167,0.4850727915763855,0.6769540309906006,0.47691863775253296,0.6821042895317078,0.47873568534851074,0.688288152217865,0.4808237552642822,0.6701402068138123,0.4736004173755646,0.6699784398078918,0.4730527997016907,0.6701563596725464,0.47268229722976685,0.708874523639679,0.4942551255226135,0.6845630407333374,0.4861539304256439,0.6615193486213684,0.5022366046905518,0.6529355049133301,0.4983702003955841,0.7064449787139893,0.5556772351264954,0.6559805870056152,0.5360485911369324,0.6753180027008057,0.6246061325073242,0.5980584025382996,0.5808067917823792,0.6313934922218323,0.6464390754699707,0.5311141014099121,0.5970885157585144
fin_094.png,final,0.6617027521133423,0.48449569940567017,0.6778897643089294,0.4766181707382202,0.6820331811904907,0.4779318571090698,0.6869316101074219,0.4795319736003876,0.6722275018692017,0.47450780868530273,0.6717575192451477,0.47425761818885803,0.6712884306907654,0.4741412103176117,0.7055649757385254,0.49262869358062744,0.6821216940879822,0.4867478311061859,0.667097270488739,0.5003256797790527,0.6595048308372498,0.49749380350112915,0.7013405561447144,0.5470507144927979,0.6602343320846558,0.5348557829856873,0.6850535869598389,0.6109116673469543,0.6046393513679504,0.5772744417190552,0.6342743635177612,0.6444529891014099,0.5340201258659363,0.5925807356834412
fin_095.png,final,0.6804035902023315,0.47454434633255005,0.7006725072860718,0.46724677085876465,0.7050795555114746,0.4689294695854187,0.7102074027061462,0.4708009660243988,0.6959366798400879,0.46428096294403076,0.6964977383613586,0.4638514518737793,0.6974667310714722,0.46353912353515625,0.731088399887085,0.48447489738464355,0.7145532965660095,0.4777444005012512,0.6842932105064392,0.491277277469635,0.6777904629707336,0.4878363609313965,0.7326146960258484,0.5523286461830139,0.6788306832313538,0.5282706022262573,0.6918298602104187,0.6223024725914001,0.6131511926651001,0.5756921172142029,0.6332377195358276,0.6476650834083557,0.5466172099113464,0.5916009545326233
fin_096.png,final,0.7825762033462524,0.49447619915008545,0.8008708357810974,0.4907029867172241,0.8055492043495178,0.4927500784397125,0.8106644153594971,0.4951709508895874,0.7943863868713379,0.48808908462524414,0.7934963703155518,0.4880272448062897,0.7924413681030273,0.48817476630210876,0.8233967423439026,0.5097658634185791,0.7988502979278564,0.5022609233856201,0.7845567464828491,0.5124778151512146,0.7754002213478088,0.5077900290489197,0.8026216626167297,0.5643475651741028,0.7632561922073364,0.5574119687080383,0.7785632610321045,0.6292238235473633,0.707934558391571,0.5968757271766663,0.7417970895767212,0.6609299182891846,0.6425133943557739,0.6110292673110962
fin_097.png,final,0.8514328598976135,0.5100212097167969,0.8730298280715942,0.504194974899292,0.8782323002815247,0.5064972639083862,0.883963942527771,0.5090771317481995,0.8637447357177734,0.500086784362793,0.8618971109390259,0.499350905418396,0.8603566288948059,0.49874311685562134,0.9011192321777344,0.5261977314949036,0.8700827360153198,0.513752818107605,0.8545567989349365,0.5284357070922852,0.8424360752105713,0.5227406024932861,0.8839758038520813,0.5850608348846436,0.8379234075546265,0.5673717856407166,0.8512170910835266,0.653754472732544,0.7754143476486206,0.6085554957389832,0.8001629114151001,0.6754530668258667,0.7067994475364685,0.6180922985076904
fin_098.png,final,0.635275661945343,0.5160504579544067,0.650900661945343,0.5072935223579407,0.653515636920929,0.5084755420684814,0.6568223834037781,0.5100487470626831,0.6485623121261597,0.5059376955032349,0.6491882801055908,0.5061615705490112,0.6499901413917542,0.5066150426864624,0.6748290061950684,0.5231599807739258,0.6633039712905884,0.5180211067199707,0.6377792954444885,0.5302401781082153,0.634639322757721,0.5288302898406982,0.6698685884475708,0.5825209617614746,0.6407129764556885,0.5632659196853638,0.627118706703186,0.6499185562133789,0.5780971050262451,0.5996420383453369,0.5741228461265564,0.671869158744812,0.5137659907341003,0.6191375851631165
fin_099.png,final,0.6473289728164673,0.5224062204360962,0.6645358800888062,0.5141011476516724,0.668157696723938,0.5155158042907715,0.6725067496299744,0.5173029899597168,0.6601687669754028,0.511868953704834,0.6602350473403931,0.5115803480148315,0.6605164408683777,0.5115299820899963,0.6919955015182495,0.531554639339447,0.6727306246757507,0.5234690308570862,0.6504709124565125,0.536931037902832,0.6444993019104004,0.5341849327087402,0.6810657978057861,0.5875567197799683,0.6435991525650024,0.5726528763771057,0.6487454771995544,0.6490324139595032,0.5852999687194824,0.6099836826324463,0.6159889101982117,0.670255184173584,0.5251022577285767,0.623504102230072
fin_100.png,final,0.6539980173110962,0.5222472548484802,0.6660996675491333,0.5152839422225952,0.6689838767051697,0.5157492756843567,0.6733545064926147,0.516815185546875,0.6620039343833923,0.5150924921035767,0.6618887186050415,0.5153628587722778,0.6618848443031311,0.5158854722976685,0.6829126477241516,0.5323759317398071,0.6739203333854675,0.526555061340332,0.6569059491157532,0.5358568429946899,0.6520185470581055,0.5357905030250549,0.672170102596283,0.5852514505386353,0.6458098292350769,0.5768039226531982,0.6395527124404907,0.6547203063964844,0.5942712426185608,0.6179233193397522,0.5702244639396667,0.6813565492630005,0.5285323262214661,0.6276086568832397
fin_101.png,final,0.6532546281814575,0.5283903479576111,0.6650610566139221,0.5205760598182678,0.6671488881111145,0.5213707685470581,0.6705933809280396,0.5227161645889282,0.6623383164405823,0.5197992324829102,0.6624961495399475,0.5199733972549438,0.662636935710907,0.5203293561935425,0.683996319770813,0.5372940897941589,0.675084114074707,0.5303094387054443,0.6562895178794861,0.5423509478569031,0.6526983976364136,0.5416669845581055,0.6732437610626221,0.5906988382339478,0.6449875235557556,0.5792797207832336,0.6384315490722656,0.6550899147987366,0.5892598628997803,0.6162437200546265,0.5959612131118774,0.6764556169509888,0.5291755199432373,0.630034327507019
fin_102.png,final,0.7360168695449829,0.5513318181037903,0.7524069547653198,0.5443412065505981,0.7556116580963135,0.5460414290428162,0.7592003345489502,0.548099935054779,0.7482665777206421,0.5423084497451782,0.7481994032859802,0.5424960255622864,0.7482855319976807,0.5428966283798218,0.7775915861129761,0.5658659338951111,0.76016765832901,0.5587941408157349,0.737812340259552,0.5688560009002686,0.7329283952713013,0.5666494369506836,0.7633827924728394,0.626515805721283,0.7333807349205017,0.6106846928596497,0.7362501621246338,0.6986567378044128,0.6686404943466187,0.6489459872245789,0.6774147748947144,0.7308899164199829,0.5958583354949951,0.6628262400627136
fin_103.png,final,0.7370340824127197,0.5545076131820679,0.7534757852554321,0.547971785068512,0.7587357759475708,0.5501483678817749,0.7641038298606873,0.552564799785614,0.7465474009513855,0.5455679297447205,0.7454743385314941,0.5455484390258789,0.7445166707038879,0.5456736087799072,0.7804884314537048,0.5683339238166809,0.7532100677490234,0.5591254830360413,0.7408535480499268,0.571563720703125,0.7325401306152344,0.5680981278419495,0.7657735347747803,0.6246618032455444,0.7301458716392517,0.6099647283554077,0.7392860651016235,0.6910607814788818,0.6624831557273865,0.650584876537323,0.6997581124305725,0.7227180004119873,0.5843590497970581,0.6645556092262268
fin_104.png,final,0.7302378416061401,0.5572747588157654,0.7503407001495361,0.5494029521942139,0.7574255466461182,0.5517301559448242,0.7653461694717407,0.5545077919960022,0.738720715045929,0.546314537525177,0.7360753417015076,0.546137809753418,0.733759343624115,0.5461248755455017,0.7820786833763123,0.570907711982727,0.7370148301124573,0.5590200424194336,0.7360885143280029,0.5758644342422485,0.7221574187278748,0.5714443325996399,0.757603645324707,0.627822756767273,0.7135950922966003,0.610995352268219,0.7298274040222168,0.692976713180542,0.6573212146759033,0.6486576199531555,0.6863565444946289,0.7243264317512512,0.5839978456497192,0.6628187894821167
fin_105.png,final,0.6782872676849365,0.5302797555923462,0.6880752444267273,0.5219325423240662,0.6886818408966064,0.5223560929298401,0.6891890168190002,0.522892415523529,0.689801037311554,0.5221075415611267,0.6915152668952942,0.5228992700576782,0.6931132078170776,0.5238935351371765,0.7045590281486511,0.53342205286026,0.7090137600898743,0.534462034702301,0.6791488528251648,0.5415363907814026,0.679876446723938,0.5425266027450562,0.7009119391441345,0.6003014445304871,0.6826839447021484,0.5921808481216431,0.6784401535987854,0.6587764024734497,0.618013322353363,0.6373415589332581,0.6411475539207458,0.6862111687660217,0.5533769130706787,0.643406331539154
fin_106.png,final,0.6780595779418945,0.5360592007637024,0.6910494565963745,0.530669629573822,0.6925592422485352,0.5315410494804382,0.6942595839500427,0.5326453447341919,0.692022442817688,0.5302818417549133,0.6941419243812561,0.5309746265411377,0.696475625038147,0.5318580865859985,0.7129344344139099,0.548047661781311,0.7139694094657898,0.5442931652069092,0.6794658899307251,0.5484804511070251,0.680368185043335,0.5484054684638977,0.7014999985694885,0.617508053779602,0.6867256164550781,0.5962039828300476,0.6603862047195435,0.695875883102417,0.6193938851356506,0.646775484085083,0.5898762345314026,0.7085512280464172,0.566664457321167,0.66315758228302
fin_107.png,final,0.6783214211463928,0.5445935130119324,0.6928860545158386,0.5366721749305725,0.6954559087753296,0.5377655625343323,0.6980621218681335,0.5390899181365967,0.6924372315406799,0.5354762077331543,0.6939858794212341,0.5356608629226685,0.6957032680511475,0.5360230207443237,0.7177607417106628,0.5525121688842773,0.7151774764060974,0.5468597412109375,0.6802307367324829,0.5579113960266113,0.6793821454048157,0.5565958023071289,0.7022460699081421,0.6169546246528625,0.6849945187568665,0.5977752208709717,0.6575899124145508,0.6952703595161438,0.6203460097312927,0.6431108117103577,0.5687513947486877,0.7107198238372803,0.5639891624450684,0.6529983282089233
fin_108.png,final,0.68453049659729,0.5406166911125183,0.6940217018127441,0.5315840840339661,0.6948272585868835,0.531867265701294,0.6956631541252136,0.5323669910430908,0.6952058672904968,0.5321088433265686,0.6966050863265991,0.5328739285469055,0.6980234980583191,0.5338190793991089,0.7096202969551086,0.5438814163208008,0.7094518542289734,0.5441250801086426,0.6841468811035156,0.5508334636688232,0.6851009130477905,0.5524663329124451,0.7024465799331665,0.6024911999702454,0.6722961068153381,0.6000544428825378,0.6771352887153625,0.6633685827255249,0.6124765276908875,0.6392207741737366,0.6006165146827698,0.690599262714386,0.5422523617744446,0.6564069986343384
