filename,label,kp_0,kp_1,kp_2,kp_3,kp_4,kp_5,kp_6,kp_7,kp_8,kp_9,kp_10,kp_11,kp_12,kp_13,kp_14,kp_15,kp_16,kp_17,kp_18,kp_19,kp_20,kp_21,kp_22,kp_23,kp_24,kp_25,kp_26,kp_27,kp_28,kp_29,kp_30,kp_31,kp_32,kp_33,kp_34,kp_35,kp_36,kp_37,kp_38,kp_39,kp_40,kp_41,kp_42,kp_43,kp_44,kp_45,kp_46,kp_47,kp_48,kp_49,kp_50,kp_51,kp_52,kp_53,kp_54,kp_55,kp_56,kp_57,kp_58,kp_59,kp_60,kp_61,kp_62,kp_63,kp_64,kp_65
ini_001.png,inicio,0.5158724188804626,0.4004358649253845,0.5258359313011169,0.3925183415412903,0.5279012322425842,0.3930359184741974,0.5305450558662415,0.3937261998653412,0.5237032175064087,0.39113497734069824,0.5242813229560852,0.39061763882637024,0.5249265432357788,0.39013227820396423,0.5572534203529358,0.40368592739105225,0.549694299697876,0.399313747882843,0.5247980356216431,0.41519755125045776,0.5203362107276917,0.4139367938041687,0.5677328705787659,0.48300623893737793,0.5585287809371948,0.4594639539718628,0.5681382417678833,0.575097382068634,0.5197125673294067,0.5188242197036743,0.5269138813018799,0.6524226665496826,0.473418653011322,0.5496837496757507,0.5183715224266052,0.6779276728630066,0.4593597948551178,0.5602258443832397,0.501371443271637,0.6733934879302979,0.4687659740447998,0.562970757484436,0.5012302398681641,0.6651174426078796,0.46131372451782227,0.5555058717727661,0.48783910274505615,0.6310211420059204,0.4801737368106842,0.6019787192344666,0.3112794756889343,0.6467974185943604,0.34110063314437866,0.5824260115623474,0.3024904727935791,0.7672845721244812,0.336873859167099,0.6762370467185974,0.3175883889198303,0.7916054725646973,0.35299375653266907,0.6945809125900269,0.2274794578552246,0.7908983826637268,0.2759230136871338,0.6943826675415039
ini_002.png,inicio,0.5203152894973755,0.40172186493873596,0.5278669595718384,0.3941952586174011,0.5297881364822388,0.3945336937904358,0.5313557982444763,0.3948325514793396,0.5272750854492188,0.3926889896392822,0.5284638404846191,0.3918769955635071,0.5296427607536316,0.39111924171447754,0.5553812384605408,0.40283066034317017,0.55225670337677,0.39909452199935913,0.5271754264831543,0.4138438105583191,0.5253762602806091,0.41320866346359253,0.5717771053314209,0.4841395616531372,0.555340051651001,0.46601802110671997,0.5725022554397583,0.5803584456443787,0.5185402631759644,0.5365580916404724,0.5306212902069092,0.6596161127090454,0.47637972235679626,0.5711809396743774,0.5217677354812622,0.6860610246658325,0.4647950530052185,0.5892990827560425,0.5033329725265503,0.6827372312545776,0.46613046526908875,0.5865882039070129,0.5041613578796387,0.6719709634780884,0.471655011177063,0.5804370045661926,0.49180373549461365,0.6302985548973083,0.48123639822006226,0.6040130257606506,0.3136902451515198,0.6356044411659241,0.34724941849708557,0.585561990737915,0.3104611933231354,0.7680784463882446,0.34249070286750793,0.692752480506897,0.32494205236434937,0.7915948629379272,0.35959434509277344,0.7011555433273315,0.23453445732593536,0.7910023927688599,0.2888444662094116,0.7005868554115295
ini_003.png,inicio,0.5208593606948853,0.38028964400291443,0.5311529040336609,0.37173518538475037,0.5327698588371277,0.3723335564136505,0.5342733860015869,0.3729334771633148,0.5309150815010071,0.3696915805339813,0.5324881672859192,0.36882486939430237,0.534037709236145,0.36804360151290894,0.5604327321052551,0.3832811713218689,0.5553189516067505,0.37910768389701843,0.5282309055328369,0.3964208960533142,0.527176558971405,0.3960956335067749,0.5751039385795593,0.4759621322154999,0.557941734790802,0.45231351256370544,0.5771968960762024,0.586444079875946,0.5190978646278381,0.5307663083076477,0.5321445465087891,0.6711570620536804,0.46628960967063904,0.5704405903816223,0.5272382497787476,0.6998646855354309,0.4499801993370056,0.5876930356025696,0.5060855150222778,0.6940959692001343,0.450348436832428,0.5859335660934448,0.5058249235153198,0.6839868426322937,0.45283329486846924,0.5768229961395264,0.48507165908813477,0.6462450623512268,0.4757772386074066,0.615384042263031,0.2893746495246887,0.6611992120742798,0.3250916004180908,0.5835082530975342,0.2904811501502991,0.7821713089942932,0.3270747661590576,0.7070930004119873,0.3030889630317688,0.8040176033973694,0.35194897651672363,0.730729341506958,0.21042238175868988,0.8027117252349854,0.25258636474609375,0.7367656230926514
ini_005.png,inicio,0.5109515190124512,0.4085848331451416,0.5240674018859863,0.3937043845653534,0.5290166735649109,0.3935820162296295,0.534561038017273,0.3935566246509552,0.5167215466499329,0.39256083965301514,0.5163231492042542,0.39152780175209045,0.5161479115486145,0.3905610740184784,0.569675624370575,0.3993696868419647,0.5446345806121826,0.3936927318572998,0.5266156196594238,0.42720624804496765,0.5183140635490417,0.4251779615879059,0.5883762836456299,0.5001327395439148,0.5386854410171509,0.45914289355278015,0.46008679270744324,0.5662410259246826,0.41251039505004883,0.4761975407600403,0.33237171173095703,0.5412535667419434,0.29019248485565186,0.4591250419616699,0.2838098406791687,0.5317938327789307,0.2529250979423523,0.4533527195453644,0.2903122901916504,0.5201057195663452,0.2484087496995926,0.4485965073108673,0.31085819005966187,0.5225120186805725,0.26172202825546265,0.45449405908584595,0.5145103931427002,0.7060315608978271,0.47285738587379456,0.6492750644683838,0.26094725728034973,0.7366526126861572,0.3080233335494995,0.6186241507530212,0.25461840629577637,0.8714303374290466,0.2888660132884979,0.7485910654067993,0.276396781206131,0.8876749277114868,0.30675554275512695,0.7718386650085449,0.16649147868156433,0.9364113807678223,0.21088439226150513,0.7697181105613708
ini_006.png,inicio,0.5135759115219116,0.3871442377567291,0.5291858315467834,0.37180474400520325,0.5336301326751709,0.37228068709373474,0.5393764972686768,0.3729165196418762,0.5238662362098694,0.3698166310787201,0.5244951844215393,0.3688417673110962,0.5252834558486938,0.3678726553916931,0.571762204170227,0.380887508392334,0.5500102043151855,0.3723227381706238,0.5278822183609009,0.40749457478523254,0.5198590755462646,0.40415793657302856,0.5885158777236938,0.48843660950660706,0.542668879032135,0.44141092896461487,0.5168405771255493,0.6046035289764404,0.4143202304840088,0.4560587704181671,0.36595457792282104,0.6441046595573425,0.29134058952331543,0.43687644600868225,0.33115068078041077,0.6563707590103149,0.25357672572135925,0.4280591607093811,0.3265804350376129,0.6407007575035095,0.24863335490226746,0.425640732049942,0.33608168363571167,0.634965181350708,0.2618989944458008,0.43050190806388855,0.4848437011241913,0.6915447115898132,0.4676069915294647,0.6359090805053711,0.24993222951889038,0.7171461582183838,0.32214415073394775,0.612976610660553,0.23914213478565216,0.8608928322792053,0.2818882465362549,0.7301397323608398,0.2599846124649048,0.8740479946136475,0.29610103368759155,0.7556067705154419,0.15132099390029907,0.9250075221061707,0.20073553919792175,0.746982991695404
ini_007.png,inicio,0.6096360683441162,0.38310155272483826,0.6366590857505798,0.3656180500984192,0.6490004658699036,0.36637619137763977,0.6624081134796143,0.3673400580883026,0.6109324097633362,0.3651899993419647,0.6051369905471802,0.3650360703468323,0.6000940799713135,0.3649083077907562,0.6830391883850098,0.37525153160095215,0.6109005212783813,0.3700442314147949,0.6317935585975647,0.40487074851989746,0.6035635471343994,0.39995381236076355,0.6849746108055115,0.4575080871582031,0.6022753715515137,0.43514350056648254,0.6373961567878723,0.5594268441200256,0.48785650730133057,0.4507714509963989,0.5105466842651367,0.611562967300415,0.37678366899490356,0.4382023811340332,0.4876776337623596,0.6407602429389954,0.334733784198761,0.4344463050365448,0.4719332754611969,0.6236187219619751,0.3334338665008545,0.431688129901886,0.4811457097530365,0.6158965826034546,0.3464798331260681,0.4340437352657318,0.6007204651832581,0.646748423576355,0.5567001700401306,0.6145303845405579,0.3917083442211151,0.7029942274093628,0.37540900707244873,0.6029719710350037,0.35779187083244324,0.8568695783615112,0.3755282163619995,0.7131003141403198,0.37178313732147217,0.8691659569740295,0.391143262386322,0.740140974521637,0.2889590263366699,0.920634925365448,0.28026703000068665,0.7269328236579895
ini_008.png,inicio,0.5912725925445557,0.3272433876991272,0.6052867770195007,0.3141847848892212,0.609225869178772,0.31465643644332886,0.6133599281311035,0.31536343693733215,0.5984509587287903,0.31398192048072815,0.5992099642753601,0.3142208755016327,0.6000382304191589,0.3143937289714813,0.6355409026145935,0.33359766006469727,0.6189678311347961,0.3244704008102417,0.6010302901268005,0.3472133278846741,0.5974997878074646,0.3478255271911621,0.6462306380271912,0.42596226930618286,0.5995241403579712,0.4009445011615753,0.5866526365280151,0.5375034213066101,0.4833856523036957,0.40338099002838135,0.4612410068511963,0.5823227763175964,0.363880455493927,0.38278937339782715,0.4455612301826477,0.6132085919380188,0.32415539026260376,0.375590443611145,0.4314344823360443,0.6001800894737244,0.3204442858695984,0.3735184669494629,0.4402104616165161,0.5801956057548523,0.33388903737068176,0.3765064477920532,0.5827234387397766,0.624771237373352,0.5461719036102295,0.5876687169075012,0.32476916909217834,0.6374364495277405,0.35546422004699707,0.555096447467804,0.29355818033218384,0.7527855634689331,0.3413757383823395,0.6806257367134094,0.31574252247810364,0.7709804773330688,0.3580407500267029,0.7018296718597412,0.2087095081806183,0.8095022439956665,0.271468847990036,0.7088984847068787
ini_009.png,inicio,0.5781260132789612,0.3579370975494385,0.6017205119132996,0.3414752781391144,0.6122564077377319,0.3414919376373291,0.6225395202636719,0.3416375517845154,0.581862211227417,0.34066951274871826,0.5777353644371033,0.34002557396888733,0.5739414095878601,0.33934280276298523,0.6517500281333923,0.35021212697029114,0.5939589142799377,0.34584662318229675,0.5967100858688354,0.37974515557289124,0.5767879486083984,0.3764365613460541,0.6576980352401733,0.446613609790802,0.5923877358436584,0.4159467816352844,0.6022306084632874,0.5614227652549744,0.46173062920570374,0.4298422038555145,0.455002099275589,0.6032902002334595,0.3406619131565094,0.4130931496620178,0.41512733697891235,0.6421664357185364,0.3013054132461548,0.408185750246048,0.40103691816329956,0.6254599094390869,0.29759106040000916,0.40497511625289917,0.41825100779533386,0.6120630502700806,0.3105887770652771,0.4085436165332794,0.5765953063964844,0.6445272564888,0.5471107363700867,0.6016277074813843,0.3350842595100403,0.6775448322296143,0.34446731209754944,0.595743715763092,0.3137837052345276,0.7825965285301208,0.3354150652885437,0.7160406112670898,0.32445478439331055,0.8077518939971924,0.3562341630458832,0.7405940294265747,0.2321300059556961,0.8570618629455566,0.25251200795173645,0.7418193221092224
ini_010.png,inicio,0.5446684956550598,0.31367361545562744,0.5656944513320923,0.29718559980392456,0.5726887583732605,0.29782912135124207,0.5817070603370667,0.29891106486320496,0.5558182001113892,0.29618677496910095,0.5550351142883301,0.2957419157028198,0.5546998381614685,0.2953028678894043,0.6149181127548218,0.30987533926963806,0.581000030040741,0.30276381969451904,0.5592226982116699,0.3353508412837982,0.5465247631072998,0.33190956711769104,0.6233001947402954,0.4067975580692291,0.564038097858429,0.37139201164245605,0.5616114139556885,0.5166091322898865,0.43667492270469666,0.38689374923706055,0.4255576431751251,0.5587458610534668,0.3181212544441223,0.3729107081890106,0.37986719608306885,0.5913144946098328,0.278522253036499,0.3656465411186218,0.377410888671875,0.5696417093276978,0.27062010765075684,0.36178749799728394,0.38717085123062134,0.5628717541694641,0.2874845862388611,0.36645787954330444,0.5424883961677551,0.6017724275588989,0.5037786960601807,0.5615522265434265,0.3299189805984497,0.6232012510299683,0.3357824683189392,0.55530846118927,0.3325330317020416,0.7647019624710083,0.33977192640304565,0.6619666814804077,0.3513452410697937,0.7832145094871521,0.3603583872318268,0.6837891340255737,0.2628721594810486,0.8381756544113159,0.25550293922424316,0.678392231464386
ini_011.png,inicio,0.6514059901237488,0.3686208128929138,0.6773229241371155,0.3527441918849945,0.6837935447692871,0.35425370931625366,0.6900286674499512,0.356173574924469,0.6637262105941772,0.34945377707481384,0.6618240475654602,0.34864091873168945,0.6598723530769348,0.34809643030166626,0.7142593860626221,0.36873865127563477,0.6642538905143738,0.3556099236011505,0.6611962914466858,0.3904412090778351,0.6458312273025513,0.3860343098640442,0.6979765892028809,0.4690920412540436,0.6422746181488037,0.410234659910202,0.6390975713729858,0.5841609835624695,0.5049589276313782,0.42549222707748413,0.49194151163101196,0.6253392100334167,0.37202176451683044,0.4134998321533203,0.4723202884197235,0.6578461527824402,0.32618701457977295,0.41188034415245056,0.45656687021255493,0.6384835243225098,0.32010990381240845,0.4100731611251831,0.46874409914016724,0.6236578822135925,0.3372493386268616,0.4130079746246338,0.603626549243927,0.6492167115211487,0.5745297074317932,0.6062541604042053,0.38380879163742065,0.7075455784797668,0.38169944286346436,0.6111366748809814,0.2284543812274933,0.8279138803482056,0.444167822599411,0.7448314428329468,0.22269800305366516,0.837641716003418,0.47345462441444397,0.7666494250297546,0.14281627535820007,0.8787599205970764,0.36267396807670593,0.7612006068229675
ini_012.png,inicio,0.6500599384307861,0.3626544177532196,0.6771137714385986,0.34853395819664,0.6843942403793335,0.3503257930278778,0.6912286281585693,0.3524833619594574,0.6615892052650452,0.34492573142051697,0.6593878269195557,0.3437597453594208,0.6570881605148315,0.3427993357181549,0.7020716071128845,0.3642455041408539,0.6633109450340271,0.3475731611251831,0.66229248046875,0.3849535286426544,0.6441277861595154,0.3787843585014343,0.7089704871177673,0.4612288475036621,0.6482563614845276,0.40594595670700073,0.6777027249336243,0.5559208393096924,0.514630913734436,0.4216519892215729,0.5725767612457275,0.6181338429450989,0.371152400970459,0.40847477316856384,0.5537347197532654,0.6445071697235107,0.32608717679977417,0.4055662453174591,0.5380865335464478,0.6281819939613342,0.31914979219436646,0.4026896357536316,0.5428981781005859,0.6186813712120056,0.3370853662490845,0.4058919847011566,0.5999100804328918,0.6470614075660706,0.5652494430541992,0.596413791179657,0.39228248596191406,0.705439567565918,0.3708246350288391,0.6045907735824585,0.23179958760738373,0.8225648403167725,0.4391499161720276,0.7312431335449219,0.2232172191143036,0.8380588293075562,0.4660801291465759,0.7521278262138367,0.1413983404636383,0.8740079402923584,0.369186669588089,0.7517001628875732
ini_013.png,inicio,0.5648308396339417,0.35874423384666443,0.5906968116760254,0.34306374192237854,0.6008692383766174,0.34439751505851746,0.6094167828559875,0.34597548842430115,0.5737367272377014,0.3420327305793762,0.5709070563316345,0.3418072462081909,0.5683087706565857,0.3415512144565582,0.6343834400177002,0.3610534965991974,0.5770272612571716,0.3490767776966095,0.582278847694397,0.3833102285861969,0.5610225200653076,0.3788861334323883,0.6245843172073364,0.45310336351394653,0.5553322434425354,0.4169609248638153,0.5619402527809143,0.5581997036933899,0.42893683910369873,0.42320847511291504,0.42792946100234985,0.6077898144721985,0.3059818744659424,0.39701348543167114,0.4029272198677063,0.6248730421066284,0.268008291721344,0.3896080255508423,0.3908470869064331,0.6155847907066345,0.265781968832016,0.3869723975658417,0.4015498757362366,0.6096627116203308,0.27848708629608154,0.3910595774650574,0.5203729867935181,0.6432161927223206,0.4786466658115387,0.6100718975067139,0.3207317590713501,0.7049449682235718,0.289181113243103,0.6314735412597656,0.31299591064453125,0.8353813886642456,0.3318759799003601,0.7475122809410095,0.3316209316253662,0.8631108999252319,0.36058568954467773,0.7579367160797119,0.21756532788276672,0.8586422801017761,0.2601783871650696,0.7788857817649841
ini_014.png,inicio,0.6371753811836243,0.34101441502571106,0.6655740141868591,0.3299468159675598,0.671679675579071,0.33216792345046997,0.6782098412513733,0.3349113464355469,0.6559752225875854,0.3272024393081665,0.6552903652191162,0.3271019458770752,0.6547166109085083,0.3269284665584564,0.704849898815155,0.3583887219429016,0.670806884765625,0.34221917390823364,0.6418219804763794,0.3643358647823334,0.6299721598625183,0.3589570224285126,0.6664401888847351,0.44262319803237915,0.6339935660362244,0.41001588106155396,0.587861955165863,0.5322964191436768,0.5097818970680237,0.3991583585739136,0.4491305947303772,0.5621490478515625,0.4079083204269409,0.35512417554855347,0.4148184061050415,0.5737802386283875,0.3729878067970276,0.3401384651660919,0.40681973099708557,0.5658134818077087,0.3680221438407898,0.3366301357746124,0.42142921686172485,0.5606989860534668,0.3806445002555847,0.3435821831226349,0.5477695465087891,0.6324465274810791,0.5143543481826782,0.595866322517395,0.3727231025695801,0.7180340886116028,0.33431828022003174,0.570686936378479,0.4105786383152008,0.8741915225982666,0.37624549865722656,0.6984379291534424,0.4400353729724884,0.9003450274467468,0.394672691822052,0.720215916633606,0.31702882051467896,0.9322167038917542,0.3007519245147705,0.7109866142272949
ini_015.png,inicio,0.6200156211853027,0.27852895855903625,0.6404824256896973,0.268951416015625,0.6461830139160156,0.2704869508743286,0.6521262526512146,0.27219584584236145,0.6294693350791931,0.2658887803554535,0.6270634531974792,0.26503172516822815,0.6245765686035156,0.2641332745552063,0.6754499077796936,0.28823915123939514,0.6426710486412048,0.27646926045417786,0.6284101009368896,0.3017463684082031,0.6128972172737122,0.29698288440704346,0.657096803188324,0.3771207928657532,0.622161865234375,0.3495979905128479,0.5815019607543945,0.4660691022872925,0.5479808449745178,0.4346073865890503,0.4582637548446655,0.5034874081611633,0.4605543613433838,0.4770016372203827,0.4271828532218933,0.5206143260002136,0.43424296379089355,0.4884747862815857,0.42106813192367554,0.5105981826782227,0.4281853437423706,0.4870629906654358,0.4342915415763855,0.504189133644104,0.4378891885280609,0.48338621854782104,0.5408958196640015,0.5489081740379333,0.49532565474510193,0.5175439119338989,0.3893926441669464,0.6469428539276123,0.32003170251846313,0.5198593139648438,0.41092410683631897,0.800236701965332,0.35663825273513794,0.6439849734306335,0.43181902170181274,0.8212661743164062,0.3712364435195923,0.6629046201705933,0.32185977697372437,0.8549236059188843,0.2724270224571228,0.6588228344917297
ini_016.png,inicio,0.5925164222717285,0.31942814588546753,0.6126142740249634,0.30876389145851135,0.6184114217758179,0.30979737639427185,0.6245249509811401,0.3109348714351654,0.6020919680595398,0.30719539523124695,0.6002557277679443,0.3068831264972687,0.5984846353530884,0.3063257932662964,0.6495683193206787,0.32796046137809753,0.6160833239555359,0.3180752992630005,0.6027402281761169,0.3431223928928375,0.5876973867416382,0.33939066529273987,0.6352053880691528,0.4158967137336731,0.5961927175521851,0.3945293426513672,0.5644776225090027,0.5090487003326416,0.5185510516166687,0.4779011607170105,0.4328552186489105,0.5470704436302185,0.42502090334892273,0.5229926705360413,0.40021857619285583,0.5616725087165833,0.3869306743144989,0.5327523350715637,0.39097079634666443,0.5525187253952026,0.3819170296192169,0.5299720764160156,0.4048570394515991,0.5465692281723022,0.39914804697036743,0.5279330611228943,0.5186631679534912,0.5983487963676453,0.4723922610282898,0.5653401613235474,0.36508262157440186,0.6937342882156372,0.28961610794067383,0.5554141402244568,0.3925109803676605,0.85414719581604,0.33382803201675415,0.6815755367279053,0.4129689931869507,0.8741177320480347,0.34791040420532227,0.7033382654190063,0.2969479560852051,0.9117631912231445,0.25252264738082886,0.6969390511512756
ini_017.png,inicio,0.5361959934234619,0.3653746545314789,0.5435990691184998,0.3516521453857422,0.550628125667572,0.3521207273006439,0.5567561388015747,0.35260599851608276,0.533841609954834,0.34948432445526123,0.5319044589996338,0.3482207953929901,0.5298522710800171,0.3471159040927887,0.5845025181770325,0.35975515842437744,0.5438331365585327,0.3470325767993927,0.5548492074012756,0.3821773827075958,0.5425808429718018,0.3798779845237732,0.625145673751831,0.4547216296195984,0.5731835961341858,0.40596407651901245,0.6331276297569275,0.5727480053901672,0.5233157873153687,0.48607155680656433,0.5323420763015747,0.6434895396232605,0.4402352273464203,0.5650713443756104,0.5134967565536499,0.667986273765564,0.4135555028915405,0.5886880159378052,0.4967648983001709,0.6540969014167786,0.41230371594429016,0.5887357592582703,0.5042984485626221,0.644547164440155,0.42571061849594116,0.5851876139640808,0.570818305015564,0.6617333292961121,0.5235239267349243,0.6090167760848999,0.3188208341598511,0.6930070519447327,0.3634282946586609,0.625787079334259,0.3707417845726013,0.7635993957519531,0.3492559492588043,0.7336251139640808,0.39913463592529297,0.7740536332130432,0.37147384881973267,0.7587888836860657,0.2811063826084137,0.792302131652832,0.2598360478878021,0.7665480375289917
ini_018.png,inicio,0.5441905856132507,0.36194905638694763,0.5558409094810486,0.34751829504966736,0.5627769827842712,0.34827128052711487,0.5727620124816895,0.3490922152996063,0.541159451007843,0.34494784474372864,0.538134753704071,0.34384283423423767,0.5350395441055298,0.34298577904701233,0.5973243713378906,0.35958337783813477,0.5493724942207336,0.3432914912700653,0.5660964250564575,0.37928497791290283,0.5483338236808777,0.3778074383735657,0.6281940340995789,0.4536459445953369,0.5665703415870667,0.40245166420936584,0.6238507032394409,0.5706725716590881,0.51502925157547,0.4857841730117798,0.5382564067840576,0.642648458480835,0.43841537833213806,0.5613443851470947,0.5248817801475525,0.6659808158874512,0.4094851016998291,0.5883371233940125,0.5113492608070374,0.6535183191299438,0.41009363532066345,0.589974045753479,0.5153504610061646,0.6438143849372864,0.42483463883399963,0.583855390548706,0.5735840797424316,0.6528844833374023,0.5252854228019714,0.6010895371437073,0.32328560948371887,0.6933152079582214,0.3607356548309326,0.593178927898407,0.36760038137435913,0.7568278908729553,0.3597049117088318,0.7136727571487427,0.3922499418258667,0.7657867074012756,0.3804333508014679,0.7370378971099854,0.28467249870300293,0.7872549295425415,0.27420949935913086,0.7437593340873718
ini_019.png,inicio,0.613099217414856,0.360300213098526,0.6309422254562378,0.3405739367008209,0.6439540982246399,0.33983278274536133,0.6555757522583008,0.3393547534942627,0.6056401133537292,0.34329286217689514,0.599025547504425,0.34411191940307617,0.5928241014480591,0.34482067823410034,0.6918535828590393,0.3440476655960083,0.6037904620170593,0.34867510199546814,0.6439967155456543,0.38133224844932556,0.6075829267501831,0.3814769387245178,0.711601972579956,0.4459381699562073,0.6097656488418579,0.41950979828834534,0.685368537902832,0.5551109313964844,0.549668550491333,0.4966728091239929,0.605478048324585,0.6315486431121826,0.4809144139289856,0.5638871192932129,0.5863885879516602,0.6572310924530029,0.45895159244537354,0.5914813280105591,0.5702818036079407,0.6464738845825195,0.46316468715667725,0.5926920771598816,0.5745804905891418,0.636292576789856,0.4748387336730957,0.5849375128746033,0.6064435243606567,0.6521952152252197,0.5446586012840271,0.6123084425926208,0.40155065059661865,0.7033896446228027,0.3584182858467102,0.6613983511924744,0.3705359101295471,0.7907092571258545,0.2504686117172241,0.7623528242111206,0.389379620552063,0.8084347248077393,0.25789472460746765,0.7872827649116516,0.29274508357048035,0.8221786618232727,0.14715632796287537,0.7673781514167786
ini_020.png,inicio,0.5869594812393188,0.3606913685798645,0.6088923811912537,0.34633445739746094,0.6186710596084595,0.3475043475627899,0.6282337307929993,0.34900546073913574,0.5881590843200684,0.3447045385837555,0.5833054184913635,0.34444883465766907,0.5784600973129272,0.34419146180152893,0.6685922145843506,0.3597235381603241,0.6028088331222534,0.35518181324005127,0.6122732758522034,0.38262128829956055,0.5870194435119629,0.37909919023513794,0.7118028998374939,0.45165497064590454,0.5827159881591797,0.41581201553344727,0.7179693579673767,0.5471251010894775,0.5283186435699463,0.4986472427845001,0.6755483150482178,0.6127614974975586,0.4583529531955719,0.5657017230987549,0.6632024049758911,0.6331263780593872,0.4353286921977997,0.5953827500343323,0.6482076644897461,0.6244524717330933,0.4404700994491577,0.5974500775337219,0.6507102251052856,0.6154046654701233,0.45182591676712036,0.5882903933525085,0.6025518178939819,0.6458042860031128,0.5250096321105957,0.6116805672645569,0.45206671953201294,0.7526130080223083,0.36145928502082825,0.6971220970153809,0.38915717601776123,0.8311902284622192,0.25513142347335815,0.8250729441642761,0.39877161383628845,0.840783953666687,0.2652684152126312,0.8529279828071594,0.29575058817863464,0.885610818862915,0.14025434851646423,0.8586652278900146
ini_021.png,inicio,0.5772971510887146,0.28836265206336975,0.5867812037467957,0.27639472484588623,0.5908017158508301,0.27666139602661133,0.5946826338768005,0.2770385444164276,0.581475019454956,0.2752144932746887,0.5812899470329285,0.274473637342453,0.5812378525733948,0.2738432288169861,0.627534806728363,0.285066157579422,0.6089771389961243,0.2818851172924042,0.5894513726234436,0.3070105314254761,0.5838795900344849,0.3064585030078888,0.6693664789199829,0.39372462034225464,0.5968441963195801,0.36720412969589233,0.6177691221237183,0.5184434056282043,0.5179558396339417,0.4536045491695404,0.48747938871383667,0.582055926322937,0.41878119111061096,0.5249070525169373,0.46305233240127563,0.6072922348976135,0.38827991485595703,0.5426473617553711,0.447433739900589,0.5922126173973083,0.38884761929512024,0.5458654761314392,0.45875608921051025,0.5831517577171326,0.40181466937065125,0.5430147647857666,0.5661561489105225,0.6205021739006042,0.5213836431503296,0.5721689462661743,0.31711024045944214,0.650862455368042,0.29168701171875,0.6059074997901917,0.3368419110774994,0.7989926338195801,0.2686105966567993,0.7430880069732666,0.36132189631462097,0.8302569389343262,0.28511959314346313,0.7666213512420654,0.24771857261657715,0.8287732005119324,0.164596825838089,0.7659695744514465
ini_022.png,inicio,0.5811308026313782,0.29087382555007935,0.596045970916748,0.2798702120780945,0.6015171408653259,0.27976152300834656,0.6068798899650574,0.2804364860057831,0.5861901044845581,0.27863970398902893,0.5845833420753479,0.27825015783309937,0.5831548571586609,0.2779662311077118,0.6390330195426941,0.2919100821018219,0.6056916117668152,0.2888105809688568,0.5943450927734375,0.30926138162612915,0.5832502841949463,0.30944955348968506,0.6759384870529175,0.3925148844718933,0.5876374840736389,0.37870413064956665,0.660256028175354,0.4908616542816162,0.5151022672653198,0.4555318355560303,0.5739184617996216,0.5515853762626648,0.42462700605392456,0.526534378528595,0.5596759915351868,0.57587730884552,0.39123713970184326,0.5485996603965759,0.5448082089424133,0.5602760314941406,0.39175349473953247,0.5496359467506409,0.5494619607925415,0.55305016040802,0.40630799531936646,0.5441476702690125,0.5557777881622314,0.6112090349197388,0.5041995644569397,0.5682241320610046,0.3248443007469177,0.6483930349349976,0.2954491376876831,0.607391893863678,0.33772116899490356,0.783183217048645,0.2707170248031616,0.7487667798995972,0.36572444438934326,0.8232650756835938,0.28252464532852173,0.7780988216400146,0.26245397329330444,0.8241368532180786,0.15954992175102234,0.7658191323280334
ini_023.png,inicio,0.5786752104759216,0.3977924585342407,0.5853605270385742,0.38732534646987915,0.5873327255249023,0.38768064975738525,0.5903440713882446,0.3886229693889618,0.5829761624336243,0.3856259882450104,0.5832453966140747,0.3849267065525055,0.5837388634681702,0.3843340575695038,0.623803973197937,0.40582212805747986,0.6101080179214478,0.40316134691238403,0.5846356153488159,0.4113820195198059,0.5828615427017212,0.4117876887321472,0.6357916593551636,0.49218207597732544,0.5828001499176025,0.4618549942970276,0.6112245321273804,0.5874500870704651,0.5092556476593018,0.5273923873901367,0.5560035109519958,0.6827537417411804,0.4301202893257141,0.5585641860961914,0.5472735166549683,0.7159160375595093,0.40109071135520935,0.5647422075271606,0.5246529579162598,0.7107588648796082,0.39903295040130615,0.5661990642547607,0.5259275436401367,0.6977318525314331,0.4115360379219055,0.566949725151062,0.5058451890945435,0.6595135927200317,0.475370854139328,0.6227596998214722,0.3141753077507019,0.7102779746055603,0.36131763458251953,0.6082561612129211,0.32159626483917236,0.8669261336326599,0.3317597508430481,0.6907700896263123,0.34619900584220886,0.8950718641281128,0.3286351263523102,0.7135288119316101,0.2307344526052475,0.9096119403839111,0.27840274572372437,0.6854777336120605
ini_024.png,inicio,0.6537842750549316,0.34016162157058716,0.6771160364151001,0.3294113278388977,0.6828540563583374,0.3327844738960266,0.6903420686721802,0.33681803941726685,0.6636331677436829,0.32150524854660034,0.659996509552002,0.3197159171104431,0.6560254693031311,0.3180100619792938,0.7094289660453796,0.35304221510887146,0.6642627716064453,0.3317652940750122,0.6613720655441284,0.36729171872138977,0.6431736350059509,0.35819700360298157,0.6829394102096558,0.45152193307876587,0.636097252368927,0.39984625577926636,0.6474360227584839,0.5652672052383423,0.5543341040611267,0.47582054138183594,0.5854655504226685,0.6554937362670898,0.46235814690589905,0.5143749117851257,0.57759690284729,0.6873375773429871,0.43271616101264954,0.5279021263122559,0.5579506754875183,0.6804212927818298,0.4285288155078888,0.5285891890525818,0.5562304258346558,0.667050302028656,0.4435524642467499,0.5279635190963745,0.5114483833312988,0.6209279298782349,0.48090070486068726,0.5754569172859192,0.3458050787448883,0.7003265619277954,0.38057661056518555,0.5703424215316772,0.35866254568099976,0.854174792766571,0.35020169615745544,0.656073808670044,0.3782522678375244,0.8780524730682373,0.3517678380012512,0.6742779612541199,0.25912579894065857,0.8940858840942383,0.2748429775238037,0.6523286700248718
ini_025.png,inicio,0.6662657856941223,0.35439813137054443,0.6948715448379517,0.3417920768260956,0.7051466703414917,0.3459329903125763,0.7147183418273926,0.3500537872314453,0.6723300218582153,0.33433932065963745,0.6666319370269775,0.33279386162757874,0.6610274910926819,0.33118194341659546,0.7332935929298401,0.37037837505340576,0.6660438776016235,0.3443506062030792,0.6783679723739624,0.38611340522766113,0.6505552530288696,0.37444761395454407,0.6907210350036621,0.4653262794017792,0.6353732347488403,0.418609082698822,0.6559035778045654,0.5748746991157532,0.551487147808075,0.4854700565338135,0.5922718048095703,0.6641827821731567,0.4636666774749756,0.5215619802474976,0.5847401022911072,0.7013000249862671,0.42957279086112976,0.5329575538635254,0.5599038004875183,0.690061092376709,0.426794171333313,0.5340524315834045,0.5599428415298462,0.6772421598434448,0.44089409708976746,0.5337136387825012,0.522552490234375,0.6297042369842529,0.49721598625183105,0.5907502770423889,0.34841227531433105,0.6966750621795654,0.38441193103790283,0.5763341784477234,0.36618736386299133,0.8573203086853027,0.35713574290275574,0.6718024015426636,0.3889206051826477,0.8836033940315247,0.3542904853820801,0.6897981762886047,0.2704516053199768,0.9015733003616333,0.2831704020500183,0.6591780781745911
ini_026.png,inicio,0.5652487277984619,0.35081028938293457,0.5724054574966431,0.34142839908599854,0.5752123594284058,0.3421999216079712,0.5781875252723694,0.3430101275444031,0.567976713180542,0.3389953374862671,0.5680521130561829,0.33837446570396423,0.5683833360671997,0.337805837392807,0.606383740901947,0.35656359791755676,0.591499924659729,0.3457113206386566,0.5739863514900208,0.3633105754852295,0.5697948336601257,0.3624314069747925,0.6245232224464417,0.43725770711898804,0.5856649875640869,0.42090117931365967,0.7205256819725037,0.5301234722137451,0.5711638927459717,0.5034470558166504,0.6785339117050171,0.6321805715560913,0.5327103137969971,0.5755122900009155,0.6764707565307617,0.6617866158485413,0.5188841223716736,0.5963878035545349,0.6614918112754822,0.6582492589950562,0.5142253041267395,0.5966101288795471,0.6600069403648376,0.6471359729766846,0.5219084620475769,0.5905782580375671,0.5168277025222778,0.6230712532997131,0.4950580596923828,0.5921662449836731,0.3007934093475342,0.6466550827026367,0.30047857761383057,0.6183498501777649,0.3424985110759735,0.7756028175354004,0.3240804672241211,0.7276113629341125,0.3648218512535095,0.8000282049179077,0.3398975133895874,0.7569711208343506,0.25676414370536804,0.7983320951461792,0.2485688477754593,0.7679915428161621
ini_027.png,inicio,0.5654594898223877,0.4905160963535309,0.5699706077575684,0.48247218132019043,0.5716779828071594,0.4829563498497009,0.57500159740448,0.48404356837272644,0.568337619304657,0.4814092516899109,0.5688813328742981,0.4812318682670593,0.5698243975639343,0.4812510907649994,0.5927280783653259,0.493577241897583,0.5839698314666748,0.4868697226047516,0.5704230070114136,0.4997541308403015,0.5679196119308472,0.4995722770690918,0.6179602146148682,0.5538846254348755,0.5828539729118347,0.5379264950752258,0.6883735656738281,0.6215660572052002,0.5801111459732056,0.6155697703361511,0.6658670902252197,0.6957252621650696,0.5524712800979614,0.6671096086502075,0.6600571274757385,0.7215652465820312,0.5430492758750916,0.6839121580123901,0.6494216322898865,0.7200546860694885,0.5392374992370605,0.682847261428833,0.6465546488761902,0.7121487855911255,0.5457888841629028,0.6774212718009949,0.5509414076805115,0.7005355954170227,0.5292471647262573,0.6727180480957031,0.3774462938308716,0.7080743908882141,0.37435221672058105,0.6913882493972778,0.39663106203079224,0.828813910484314,0.38664835691452026,0.7872719764709473,0.41436782479286194,0.846794605255127,0.39292046427726746,0.8029136657714844,0.32671093940734863,0.8415333032608032,0.3214011788368225,0.814242422580719
ini_028.png,inicio,0.59726482629776,0.36953502893447876,0.620887041091919,0.3583086133003235,0.6291394829750061,0.3598141372203827,0.637260377407074,0.3614293932914734,0.6035130023956299,0.3536779582500458,0.5997291207313538,0.35243815183639526,0.5957038402557373,0.3511910140514374,0.6608967185020447,0.3723108768463135,0.6001091003417969,0.3565678298473358,0.6064561605453491,0.38548633456230164,0.5895982980728149,0.3814569115638733,0.6340780258178711,0.4322851300239563,0.631539523601532,0.4160459637641907,0.5612398982048035,0.42884284257888794,0.5833918452262878,0.4748947024345398,0.5655572414398193,0.3689606785774231,0.5328850150108337,0.5119339227676392,0.566219687461853,0.35362085700035095,0.5028924942016602,0.520703911781311,0.5748918056488037,0.35154643654823303,0.505143940448761,0.5248345732688904,0.5753828883171082,0.36061474680900574,0.5117683410644531,0.5241786241531372,0.5316593647003174,0.606444776058197,0.5403661131858826,0.5861965417861938,0.3431652784347534,0.6314319968223572,0.3976069390773773,0.5681754946708679,0.2985864281654358,0.7569609880447388,0.3469841480255127,0.6858062744140625,0.315204381942749,0.7794735431671143,0.35517770051956177,0.7098219394683838,0.2192113995552063,0.7666218280792236,0.27283141016960144,0.7033072710037231
ini_029.png,inicio,0.6486135125160217,0.4361420273780823,0.6708989143371582,0.42309796810150146,0.6793786883354187,0.42588168382644653,0.6866658329963684,0.42846107482910156,0.6561151742935181,0.4180118143558502,0.6521822214126587,0.4162624776363373,0.6489936113357544,0.4151413142681122,0.7050872445106506,0.45215660333633423,0.6595423221588135,0.42486077547073364,0.6598657369613647,0.45960429310798645,0.6400847434997559,0.4537292420864105,0.7237970232963562,0.5468724370002747,0.6169912219047546,0.4837951064109802,0.6648268699645996,0.625603437423706,0.5345913171768188,0.5664862394332886,0.6684339642524719,0.5229451656341553,0.5127416253089905,0.590660810470581,0.6679465770721436,0.4980626702308655,0.5027003884315491,0.6019052863121033,0.6784101724624634,0.4860053062438965,0.5082666873931885,0.5953936576843262,0.6733139753341675,0.4943339228630066,0.5139645338058472,0.5941903591156006,0.5492281913757324,0.6918804049491882,0.49209511280059814,0.6411702036857605,0.29434555768966675,0.7004354596138,0.26519712805747986,0.6458811163902283,0.34003424644470215,0.7925084829330444,0.32495012879371643,0.7426499724388123,0.3705955743789673,0.8109228014945984,0.35688990354537964,0.7496645450592041,0.28906673192977905,0.8648396134376526,0.2538650333881378,0.7727705240249634
ini_030.png,inicio,0.6076188087463379,0.4169465899467468,0.6231818199157715,0.4063510298728943,0.6289811730384827,0.4084111452102661,0.6361205577850342,0.4111652076244354,0.6117889285087585,0.4038192331790924,0.6096242666244507,0.403967022895813,0.6074621081352234,0.40432414412498474,0.6564547419548035,0.4255528450012207,0.6214600801467896,0.4176906943321228,0.6229957938194275,0.43889132142066956,0.6087651252746582,0.43514180183410645,0.6769605278968811,0.5013946294784546,0.6038179397583008,0.45969223976135254,0.6293706297874451,0.5592905879020691,0.5442478656768799,0.5188190340995789,0.6752897500991821,0.48904576897621155,0.4939233362674713,0.5531025528907776,0.6925326585769653,0.47109121084213257,0.4643593728542328,0.569754958152771,0.7009873390197754,0.46418341994285583,0.4627539813518524,0.5698802471160889,0.6905542016029358,0.47055351734161377,0.4823774993419647,0.5706978440284729,0.5361976623535156,0.6219819784164429,0.4929165244102478,0.5879048705101013,0.36731085181236267,0.6718275547027588,0.3177933692932129,0.625842273235321,0.3839913308620453,0.7654803395271301,0.3521396815776825,0.7188476324081421,0.3985767364501953,0.7815902829170227,0.3663914203643799,0.7353130578994751,0.34795355796813965,0.8291829824447632,0.27559322118759155,0.7596352696418762
ini_031.png,inicio,0.6255901455879211,0.4265938401222229,0.6409966945648193,0.41674911975860596,0.6481553316116333,0.4184507131576538,0.655522346496582,0.42046183347702026,0.6266514658927917,0.41395148634910583,0.6239128112792969,0.41371312737464905,0.6211464405059814,0.41351181268692017,0.6810441613197327,0.43247443437576294,0.6307753920555115,0.4240042269229889,0.6411570310592651,0.4492325186729431,0.6258562803268433,0.4438011050224304,0.6880194544792175,0.5052044987678528,0.6060855984687805,0.4644703269004822,0.6720821857452393,0.5529602766036987,0.5491286516189575,0.519378662109375,0.700749397277832,0.4655323326587677,0.5042169094085693,0.5564336180686951,0.7288182377815247,0.45368337631225586,0.4814106225967407,0.5705229640007019,0.7316707372665405,0.44627565145492554,0.4877111315727234,0.5716789960861206,0.7220408320426941,0.4534645080566406,0.49466419219970703,0.5683474540710449,0.5493218302726746,0.6311160326004028,0.5050144195556641,0.5963824987411499,0.3757857084274292,0.6723185777664185,0.3298214077949524,0.6284932494163513,0.39350780844688416,0.7771207094192505,0.357120156288147,0.7143241763114929,0.40966543555259705,0.7896798849105835,0.3720235526561737,0.7319073677062988,0.35620740056037903,0.8374040126800537,0.2833592891693115,0.7614537477493286
ini_032.png,inicio,0.7031832337379456,0.46868008375167847,0.7233294248580933,0.45941853523254395,0.731036901473999,0.4612438678741455,0.739863395690918,0.4643095135688782,0.7054285407066345,0.45473772287368774,0.7117414474487305,0.4582861363887787,0.6965808272361755,0.45241010189056396,0.7648683786392212,0.4792259633541107,0.7138387560844421,0.4631425738334656,0.7196696996688843,0.49130815267562866,0.6999388933181763,0.4823954701423645,0.7861530780792236,0.5523795485496521,0.6824996471405029,0.505450427532196,0.7901977300643921,0.6082243323326111,0.6163405179977417,0.5707362294197083,0.7966173887252808,0.5131698846817017,0.5473276376724243,0.6137616038322449,0.819940984249115,0.4997723698616028,0.5208132863044739,0.6270691752433777,0.8039626479148865,0.4920967221260071,0.517128050327301,0.6273775696754456,0.7983013987541199,0.5008536577224731,0.5279527306556702,0.6273478269577026,0.6180517077445984,0.6807745695114136,0.5653290152549744,0.6409159302711487,0.44813328981399536,0.7461743354797363,0.38582921028137207,0.6867632865905762,0.4487902820110321,0.8451111912727356,0.41258230805397034,0.7848321199417114,0.45867154002189636,0.8611804246902466,0.4275064766407013,0.7985012531280518,0.4060656726360321,0.904646635055542,0.3379431366920471,0.8301069736480713
ini_033.png,inicio,0.6012487411499023,0.4872128963470459,0.6217513680458069,0.47928017377853394,0.627204418182373,0.4813166856765747,0.6350403428077698,0.48368388414382935,0.6103730797767639,0.47369545698165894,0.6080629825592041,0.47182968258857727,0.6057111024856567,0.46982496976852417,0.6537662744522095,0.4931305944919586,0.6197319626808167,0.4752005934715271,0.6101076602935791,0.5024341940879822,0.5891754627227783,0.4964447617530823,0.6529187560081482,0.5515207648277283,0.5936383605003357,0.5132308006286621,0.5960606336593628,0.5854858756065369,0.5382285118103027,0.5671150088310242,0.5808296799659729,0.5202670693397522,0.49580758810043335,0.6041919589042664,0.5735021829605103,0.5110863447189331,0.4830669164657593,0.6092789173126221,0.578086256980896,0.5059642791748047,0.4833199381828308,0.6077576875686646,0.5831500887870789,0.5125837326049805,0.49352550506591797,0.6053826808929443,0.5383899211883545,0.6718378067016602,0.5120174884796143,0.6270029544830322,0.3414252996444702,0.6711528897285461,0.3290843963623047,0.6273213028907776,0.37864935398101807,0.7615870833396912,0.3657417893409729,0.7093412280082703,0.39560365676879883,0.7765494585037231,0.39394068717956543,0.7195883393287659,0.3334087133407593,0.8144516348838806,0.316067636013031,0.7359560132026672
ini_034.png,inicio,0.6240366101264954,0.4526696801185608,0.631751298904419,0.4458959698677063,0.633996844291687,0.446573942899704,0.6354473233222961,0.44713661074638367,0.6306602358818054,0.4443059265613556,0.6315518617630005,0.4435988664627075,0.632144570350647,0.44299906492233276,0.6547839641571045,0.45197245478630066,0.6471695303916931,0.44770514965057373,0.6280186176300049,0.4632417559623718,0.6258084177970886,0.4611099362373352,0.6617514491081238,0.5230180621147156,0.6236914396286011,0.4939427375793457,0.5631750822067261,0.5478244423866272,0.5488121509552002,0.5445865392684937,0.5173901319503784,0.49743136763572693,0.50375896692276,0.5632892847061157,0.5034686326980591,0.4874984323978424,0.49779707193374634,0.566632866859436,0.518356442451477,0.48158353567123413,0.5153554677963257,0.5725791454315186,0.5204859972000122,0.4876851737499237,0.5163664817810059,0.5612204074859619,0.5306422710418701,0.6526752710342407,0.5056668519973755,0.6220323443412781,0.32667165994644165,0.6360685229301453,0.34352171421051025,0.6017617583274841,0.3913491368293762,0.7383652329444885,0.393038809299469,0.6976565718650818,0.4166019856929779,0.7545379996299744,0.426114022731781,0.7053653001785278,0.34169378876686096,0.7949792146682739,0.3579280376434326,0.7216758728027344
ini_035.png,inicio,0.5945611000061035,0.3606470227241516,0.5991588234901428,0.34869810938835144,0.6002580523490906,0.3486127555370331,0.6013832688331604,0.3486540615558624,0.5990591049194336,0.3477399945259094,0.5999897122383118,0.3469877541065216,0.6010059118270874,0.34639787673950195,0.6216539144515991,0.35400548577308655,0.618000864982605,0.35021764039993286,0.6003135442733765,0.37490928173065186,0.60162752866745,0.37512916326522827,0.6299720406532288,0.4387260377407074,0.6220993399620056,0.4218292236328125,0.5826519131660461,0.528156042098999,0.5631488561630249,0.4796767830848694,0.46891313791275024,0.5556936860084534,0.48269975185394287,0.5055420398712158,0.44402310252189636,0.5654432773590088,0.45482107996940613,0.5100929737091064,0.4382355809211731,0.5554181933403015,0.45209312438964844,0.5096355676651001,0.44821956753730774,0.5514411330223083,0.4614691436290741,0.5114344358444214,0.5518374443054199,0.6016277074813843,0.5379999876022339,0.5717849731445312,0.34894388914108276,0.6289589405059814,0.3684910237789154,0.5567940473556519,0.41862359642982483,0.781991183757782,0.37975358963012695,0.6733152866363525,0.4429646134376526,0.8048715591430664,0.40585705637931824,0.6865053176879883,0.34137359261512756,0.819288432598114,0.3241569399833679,0.6998805403709412
ini_036.png,inicio,0.5921255946159363,0.36636316776275635,0.5972175002098083,0.3550010919570923,0.5992717742919922,0.3551176190376282,0.6014890074729919,0.35541823506355286,0.5952437520027161,0.3538110554218292,0.5958858728408813,0.353630006313324,0.5968477129936218,0.3534349203109741,0.6233049631118774,0.36240798234939575,0.613799512386322,0.3593868613243103,0.6000065207481384,0.3800026476383209,0.5968596339225769,0.37983420491218567,0.6319471001625061,0.4365212321281433,0.6177714467048645,0.42589762806892395,0.5809564590454102,0.5192099213600159,0.5564171671867371,0.4851609468460083,0.4733606278896332,0.5481786131858826,0.48103955388069153,0.5083112716674805,0.4450908899307251,0.5627275705337524,0.4500017464160919,0.5115929841995239,0.4415486752986908,0.5506585836410522,0.4478006064891815,0.5119022727012634,0.44864994287490845,0.5466083288192749,0.4578591287136078,0.5148282051086426,0.5480203032493591,0.595401406288147,0.5350908041000366,0.5743764042854309,0.3494863212108612,0.6280641555786133,0.36924928426742554,0.5549609065055847,0.4191085994243622,0.7790858745574951,0.3811277449131012,0.6746566295623779,0.44240403175354004,0.8014243841171265,0.4073578715324402,0.6866093277931213,0.34343627095222473,0.8184187412261963,0.3244001269340515,0.6998376250267029
ini_037.png,inicio,0.5245993733406067,0.3408203721046448,0.5308647155761719,0.32921749353408813,0.5326066613197327,0.3292240500450134,0.5343517661094666,0.32939743995666504,0.5305644869804382,0.3280830383300781,0.531823456287384,0.3272565007209778,0.5336003303527832,0.32674074172973633,0.556315541267395,0.33629289269447327,0.5539658069610596,0.3343196511268616,0.5334905982017517,0.35511526465415955,0.5339056253433228,0.3553333282470703,0.577444314956665,0.4230620265007019,0.5594176054000854,0.40213656425476074,0.5236543416976929,0.5167227387428284,0.49628815054893494,0.4647061228752136,0.4185298681259155,0.5436925292015076,0.4212685227394104,0.49201011657714844,0.39343351125717163,0.5562160611152649,0.3893573582172394,0.49786052107810974,0.38713571429252625,0.5457589030265808,0.38640040159225464,0.49890732765197754,0.3976139426231384,0.5395997762680054,0.3985338509082794,0.5002989768981934,0.4878879487514496,0.5822347402572632,0.4692337214946747,0.5515682697296143,0.29512450098991394,0.6175635457038879,0.3043420910835266,0.5429696440696716,0.3738543689250946,0.7559138536453247,0.3316660225391388,0.6539523005485535,0.4008052349090576,0.778957188129425,0.35706663131713867,0.6735255718231201,0.30594706535339355,0.8047913312911987,0.281026691198349,0.690136730670929
ini_038.png,inicio,0.5298638343811035,0.3407095670700073,0.5373628735542297,0.3283799886703491,0.5391504764556885,0.3284062147140503,0.5410170555114746,0.32859426736831665,0.5363072156906128,0.3269176483154297,0.5372488498687744,0.32596713304519653,0.5383728742599487,0.3253028392791748,0.562335729598999,0.333781898021698,0.5582246780395508,0.331344336271286,0.5375204086303711,0.3544943630695343,0.537741482257843,0.3543636202812195,0.5780249238014221,0.4208562672138214,0.5655099749565125,0.3971751034259796,0.5267010927200317,0.5174098014831543,0.505312979221344,0.4650145471096039,0.41642603278160095,0.5424780249595642,0.42816370725631714,0.4914729595184326,0.38914206624031067,0.5563867688179016,0.3968069553375244,0.49679988622665405,0.37827780842781067,0.5484548211097717,0.3919774889945984,0.4999176859855652,0.3937523365020752,0.5411214232444763,0.40476900339126587,0.4996320605278015,0.4937165677547455,0.5814017653465271,0.47605186700820923,0.5478904247283936,0.2968156635761261,0.6211323142051697,0.3046250343322754,0.5370057821273804,0.3823084831237793,0.7702735662460327,0.33981266617774963,0.6534600853919983,0.40310943126678467,0.793252170085907,0.36260294914245605,0.6702079772949219,0.30320149660110474,0.8088760375976562,0.27766966819763184,0.6758362054824829
ini_039.png,inicio,0.5550679564476013,0.33943092823028564,0.5614511966705322,0.32822972536087036,0.5634377002716064,0.32859745621681213,0.5655307769775391,0.32904914021492004,0.5602725744247437,0.32680144906044006,0.5612372756004333,0.3261937201023102,0.5623284578323364,0.3257136344909668,0.589231550693512,0.3359726667404175,0.5829018354415894,0.33212795853614807,0.562698483467102,0.3545442819595337,0.5631043314933777,0.35459017753601074,0.6062023639678955,0.4161665439605713,0.585368812084198,0.39730241894721985,0.5474002957344055,0.5074857473373413,0.5179721713066101,0.4652830958366394,0.44546568393707275,0.5411288142204285,0.43927523493766785,0.4931715726852417,0.4214986264705658,0.5583391189575195,0.4104815423488617,0.49966076016426086,0.4141508936882019,0.5495765805244446,0.4077242612838745,0.503288984298706,0.41678979992866516,0.5481138825416565,0.41820022463798523,0.5041239857673645,0.5134643316268921,0.5798361897468567,0.48973262310028076,0.5508547425270081,0.32329505681991577,0.6299289464950562,0.3241890072822571,0.5386213660240173,0.4034092128276825,0.7732014060020447,0.35544300079345703,0.6559892296791077,0.4307088553905487,0.797031581401825,0.38135820627212524,0.6768409609794617,0.329527348279953,0.8144705891609192,0.2947394847869873,0.6872981786727905
ini_040.png,inicio,0.6697391867637634,0.3359013497829437,0.6817026138305664,0.32362037897109985,0.685303807258606,0.3239041268825531,0.6901871562004089,0.32433462142944336,0.6757462024688721,0.32192471623420715,0.6749216318130493,0.32094115018844604,0.674136757850647,0.31992337107658386,0.7159079313278198,0.331874281167984,0.694166898727417,0.32620900869369507,0.6795068979263306,0.3518778383731842,0.6737611293792725,0.3509238362312317,0.7243558764457703,0.42040300369262695,0.6915469765663147,0.3967946171760559,0.6631538271903992,0.5144756436347961,0.6191164255142212,0.46269160509109497,0.554796576499939,0.5490424633026123,0.5388475656509399,0.4938335716724396,0.5288850665092468,0.5630093812942505,0.5043708682060242,0.5057602524757385,0.5204954147338867,0.5541800856590271,0.5025395750999451,0.5061264038085938,0.5303210020065308,0.5470502972602844,0.5141080617904663,0.5050708055496216,0.6195697784423828,0.5905510783195496,0.5951269865036011,0.5618860721588135,0.4189300537109375,0.6407182812690735,0.4161307215690613,0.5461655259132385,0.5030055046081543,0.7880144119262695,0.4461832344532013,0.6706944704055786,0.5272859930992126,0.8079944252967834,0.47173401713371277,0.6888344287872314,0.4264240264892578,0.8330506682395935,0.36955076456069946,0.6978908181190491
ini_041.png,inicio,0.5875433683395386,0.3400636315345764,0.5986170768737793,0.326855331659317,0.6028143763542175,0.32713693380355835,0.6072747111320496,0.32751134037971497,0.592025101184845,0.32586926221847534,0.5916461944580078,0.3254895806312561,0.5913390517234802,0.32512331008911133,0.6293947696685791,0.33812665939331055,0.6104848384857178,0.3311803936958313,0.598480761051178,0.35741955041885376,0.5909274220466614,0.35552358627319336,0.641906201839447,0.4150659739971161,0.6050541400909424,0.3927987813949585,0.5901831388473511,0.5061565041542053,0.538110077381134,0.45725709199905396,0.4826135039329529,0.5444942116737366,0.46627843379974365,0.4917864203453064,0.4572997987270355,0.557934045791626,0.43300899863243103,0.5028229355812073,0.4446701407432556,0.5503340363502502,0.43090349435806274,0.5023888349533081,0.45450645685195923,0.5448828339576721,0.4432976245880127,0.5023773908615112,0.5521722435951233,0.5818760991096497,0.5247164964675903,0.5535799860954285,0.3537277579307556,0.6337187886238098,0.34004175662994385,0.5436487793922424,0.4403527081012726,0.780415415763855,0.3720661401748657,0.6627384424209595,0.46495604515075684,0.7983757853507996,0.40180209279060364,0.6791922450065613,0.3643731474876404,0.8299001455307007,0.30688348412513733,0.700613260269165
ini_042.png,inicio,0.5928903818130493,0.3322456479072571,0.6042845845222473,0.32036811113357544,0.6073369979858398,0.32093557715415955,0.6104470491409302,0.32156115770339966,0.5983955264091492,0.31914210319519043,0.5981032848358154,0.3189537823200226,0.5978494882583618,0.31875619292259216,0.631783127784729,0.3360278308391571,0.6155036687850952,0.32682186365127563,0.5999836325645447,0.351635217666626,0.593899130821228,0.3482967019081116,0.6367534399032593,0.42144083976745605,0.6059716939926147,0.39527806639671326,0.585634708404541,0.5093228220939636,0.5434363484382629,0.46138453483581543,0.482788622379303,0.5455709099769592,0.4676513969898224,0.49488401412963867,0.4540623128414154,0.5619966387748718,0.43762466311454773,0.5038553476333618,0.4440891444683075,0.5584543943405151,0.4355052709579468,0.5048328638076782,0.4531785249710083,0.5529833436012268,0.4452069401741028,0.5050368309020996,0.5539062023162842,0.5817517638206482,0.529095470905304,0.552139401435852,0.35444504022598267,0.6355489492416382,0.34273427724838257,0.5455054044723511,0.43936285376548767,0.7788091897964478,0.3698067367076874,0.660265326499939,0.4646492898464203,0.7987778782844543,0.40047788619995117,0.6755238175392151,0.36920443177223206,0.8308262228965759,0.30993539094924927,0.6995853185653687
ini_043.png,inicio,0.6616337895393372,0.34975773096084595,0.6781994104385376,0.33744046092033386,0.6835030913352966,0.3377421200275421,0.6891142725944519,0.33815696835517883,0.6687978506088257,0.3363502025604248,0.6672525405883789,0.33568015694618225,0.6657947301864624,0.3349510133266449,0.7179471850395203,0.3478485345840454,0.6864205598831177,0.34144750237464905,0.6735366582870483,0.367010235786438,0.6614673137664795,0.36566609144210815,0.7190967798233032,0.4301261305809021,0.6746336817741394,0.4048265218734741,0.6581700444221497,0.5189242362976074,0.6056100130081177,0.47146525979042053,0.5509516000747681,0.5595231056213379,0.5273643136024475,0.505250096321106,0.5285502076148987,0.5761131048202515,0.4939834475517273,0.5159634351730347,0.5195668935775757,0.5667501091957092,0.4913617968559265,0.5165238976478577,0.5262259244918823,0.5595183968544006,0.5025511980056763,0.5162286162376404,0.6083938479423523,0.5921376943588257,0.5731073021888733,0.5601956248283386,0.41718727350234985,0.658265233039856,0.4007575511932373,0.5616773366928101,0.5088019371032715,0.801089882850647,0.42735666036605835,0.6713029146194458,0.532171905040741,0.8165794610977173,0.46053704619407654,0.6930387020111084,0.43420344591140747,0.8485681414604187,0.3695927858352661,0.7129294276237488
ini_044.png,inicio,0.6080546975135803,0.4528862535953522,0.6189360618591309,0.4410140812397003,0.6229651570320129,0.44080930948257446,0.627249538898468,0.4407024681568146,0.6134249567985535,0.4407230615615845,0.6135541200637817,0.4405939280986786,0.6139186024665833,0.4401848018169403,0.6548179388046265,0.4482631981372833,0.6374030709266663,0.44687461853027344,0.6195103526115417,0.4681166112422943,0.6136976480484009,0.46762457489967346,0.66419917345047,0.51829993724823,0.6390669345855713,0.5059686303138733,0.6227196455001831,0.6033663153648376,0.5823283195495605,0.5709800720214844,0.5244753956794739,0.6435250043869019,0.5049002170562744,0.5985527038574219,0.4971069395542145,0.6590064764022827,0.47094395756721497,0.6092025637626648,0.49029019474983215,0.6492071747779846,0.46660730242729187,0.608517050743103,0.49836140871047974,0.6428788900375366,0.47914814949035645,0.6084980964660645,0.5717488527297974,0.6862378120422363,0.5575686693191528,0.6601935625076294,0.3593749701976776,0.6991946697235107,0.3848397433757782,0.6526032090187073,0.41428184509277344,0.847383975982666,0.40114378929138184,0.7748294472694397,0.44154608249664307,0.8756401538848877,0.4222058951854706,0.7954260110855103,0.3366815447807312,0.8725709319114685,0.33749622106552124,0.820706844329834
ini_045.png,inicio,0.6074389219284058,0.45598065853118896,0.6195589303970337,0.4439888596534729,0.6239434480667114,0.4440208375453949,0.6296956539154053,0.44410330057144165,0.612576961517334,0.44367197155952454,0.611974835395813,0.44353875517845154,0.6117216944694519,0.4433334767818451,0.653948962688446,0.45152392983436584,0.6341043710708618,0.449605256319046,0.6188049912452698,0.4717341661453247,0.6111606359481812,0.47110122442245483,0.663844645023346,0.5201361179351807,0.6350405812263489,0.5087079405784607,0.6247338056564331,0.60906982421875,0.5787419676780701,0.5752854347229004,0.524436891078949,0.6476487517356873,0.5042161345481873,0.6021181344985962,0.4975266754627228,0.6626948714256287,0.47051116824150085,0.6127701997756958,0.4898984432220459,0.6527073979377747,0.466338574886322,0.6102336645126343,0.4988304078578949,0.6467548608779907,0.48066914081573486,0.6098933219909668,0.5779003500938416,0.6920343637466431,0.5605955719947815,0.6627334952354431,0.3593636453151703,0.7062575221061707,0.3839784264564514,0.6664562821388245,0.4177801012992859,0.8508682250976562,0.40321701765060425,0.7849326729774475,0.44011467695236206,0.8796657919883728,0.425763338804245,0.8041362166404724,0.33572152256965637,0.8738365173339844,0.3431568145751953,0.8149960041046143
ini_046.png,inicio,0.5998352766036987,0.4334146976470947,0.6113485097885132,0.42301905155181885,0.6152245998382568,0.42339035868644714,0.6193658113479614,0.4239349663257599,0.604892373085022,0.42269718647003174,0.6045276522636414,0.42274829745292664,0.604277491569519,0.4227754771709442,0.6428972482681274,0.4382508099079132,0.6195880770683289,0.4326104521751404,0.608230471611023,0.45201432704925537,0.6019051671028137,0.44951263070106506,0.6490660905838013,0.5088468790054321,0.617882251739502,0.493498295545578,0.6128532290458679,0.6004359722137451,0.5662011504173279,0.5604288578033447,0.5084316730499268,0.6279057860374451,0.4923609495162964,0.5876119136810303,0.4839649796485901,0.6383674740791321,0.46012088656425476,0.595976710319519,0.4794960916042328,0.6270878911018372,0.45813071727752686,0.5941328406333923,0.48661306500434875,0.6227613687515259,0.46944165229797363,0.593121349811554,0.577983558177948,0.6794445514678955,0.5550187826156616,0.6487292051315308,0.35491427779197693,0.6913064122200012,0.35704857110977173,0.6640554070472717,0.41513779759407043,0.8337410092353821,0.39227890968322754,0.7783548831939697,0.43642622232437134,0.8605048656463623,0.40906453132629395,0.7966760396957397,0.3310350179672241,0.8605378270149231,0.3193821310997009,0.8229316473007202
ini_047.png,inicio,0.5889486074447632,0.4370357096195221,0.5986504554748535,0.42599090933799744,0.6022151708602905,0.42602136731147766,0.6059282422065735,0.4261991083621979,0.5939462184906006,0.4257272779941559,0.5941781401634216,0.4255301356315613,0.5946572422981262,0.42537635564804077,0.632195234298706,0.433981329202652,0.6148079633712769,0.43125656247138977,0.6008350253105164,0.4516015946865082,0.5958681106567383,0.45092108845710754,0.6454414129257202,0.5085119009017944,0.6165178418159485,0.49221372604370117,0.609914243221283,0.5983721613883972,0.5677004456520081,0.5626495480537415,0.5103668570518494,0.6299321055412292,0.4909980297088623,0.5910287499427795,0.48600271344184875,0.6433216333389282,0.4544730484485626,0.598747193813324,0.4781593978404999,0.6315857172012329,0.4505073130130768,0.5972585678100586,0.4871414005756378,0.6270202398300171,0.4654248356819153,0.5981332063674927,0.5654847621917725,0.6758230328559875,0.5468913912773132,0.6459012627601624,0.35167649388313293,0.6925278902053833,0.35918334126472473,0.6602090001106262,0.41048580408096313,0.8333456516265869,0.39272356033325195,0.7802155613899231,0.4343721866607666,0.8629205822944641,0.39934027194976807,0.7948424816131592,0.3304850459098816,0.8636515140533447,0.32376629114151,0.8203638792037964
ini_048.png,inicio,0.6061676144599915,0.4347648024559021,0.618412435054779,0.4245958626270294,0.6233173608779907,0.42484423518180847,0.6278087496757507,0.4250441789627075,0.6116776466369629,0.4241775572299957,0.6105625629425049,0.42398515343666077,0.6095207929611206,0.4236668050289154,0.6512795090675354,0.4337509870529175,0.6249385476112366,0.4306819438934326,0.6157961487770081,0.44911229610443115,0.6093735694885254,0.4487062990665436,0.6595877408981323,0.5043772459030151,0.627400815486908,0.4935706853866577,0.6200152635574341,0.592076301574707,0.5755245685577393,0.559584379196167,0.5251801609992981,0.631956934928894,0.4972917139530182,0.5904324054718018,0.49859529733657837,0.650744616985321,0.4665483236312866,0.6015017628669739,0.48739346861839294,0.6402547955513,0.4630480110645294,0.6016798615455627,0.5049910545349121,0.6325642466545105,0.4745665192604065,0.6003379225730896,0.5824333429336548,0.672157883644104,0.5560418963432312,0.644359827041626,0.36749953031539917,0.690515398979187,0.3651449680328369,0.6565039753913879,0.42370468378067017,0.834138035774231,0.39904987812042236,0.7761919498443604,0.44646018743515015,0.8598039746284485,0.41965675354003906,0.7916219830513,0.34047964215278625,0.8576772809028625,0.3338783383369446,0.8239250779151917
ini_049.png,inicio,0.5831077694892883,0.43817922472953796,0.5942938327789307,0.42770808935165405,0.6002281904220581,0.4280592203140259,0.6054075360298157,0.4284820556640625,0.587648332118988,0.42865949869155884,0.5869907736778259,0.42908552289009094,0.5867651104927063,0.4294223189353943,0.6211904883384705,0.4348849952220917,0.6025831699371338,0.4372652471065521,0.5933162569999695,0.4538459777832031,0.5866978764533997,0.45419514179229736,0.6356714963912964,0.5088133811950684,0.5914899706840515,0.4997270703315735,0.602904200553894,0.5954325199127197,0.5393154621124268,0.5675200819969177,0.5043752789497375,0.63150954246521,0.465679794549942,0.598318874835968,0.48146355152130127,0.6469217538833618,0.43637314438819885,0.609833836555481,0.4709439277648926,0.6369125843048096,0.4332565665245056,0.6066066026687622,0.4775351881980896,0.6316394209861755,0.4449526369571686,0.6054316759109497,0.5631873607635498,0.6790186166763306,0.531494677066803,0.651116132736206,0.34462103247642517,0.7013946771621704,0.3377055525779724,0.6719724535942078,0.41006672382354736,0.8453601598739624,0.381673127412796,0.7815039157867432,0.4323345720767975,0.8702298402786255,0.40119698643684387,0.8000363111495972,0.32639411091804504,0.8753555417060852,0.3146315813064575,0.8374114036560059
ini_050.png,inicio,0.5840855836868286,0.44557297229766846,0.595866858959198,0.43316876888275146,0.6004081964492798,0.4329354465007782,0.6061125993728638,0.4326082170009613,0.5882807374000549,0.4332263469696045,0.5875788331031799,0.43297410011291504,0.5872529745101929,0.4326523542404175,0.633549153804779,0.4402763843536377,0.6073309183120728,0.43801507353782654,0.5972744822502136,0.46067923307418823,0.5880849957466125,0.4596850872039795,0.6472221612930298,0.5142171382904053,0.6073298454284668,0.499872624874115,0.6125397682189941,0.6021071672439575,0.5562114119529724,0.5683450102806091,0.5174875855445862,0.6410439610481262,0.48168668150901794,0.5993483662605286,0.49315759539604187,0.655681848526001,0.45031797885894775,0.6098681688308716,0.48637789487838745,0.6462990641593933,0.44753047823905945,0.6084767580032349,0.49320441484451294,0.6407116651535034,0.4604240357875824,0.6075971126556396,0.5745402574539185,0.6820913553237915,0.544459879398346,0.6520196795463562,0.35277655720710754,0.7053840160369873,0.3501792848110199,0.6714603900909424,0.41870376467704773,0.8469387888908386,0.37443631887435913,0.7924904823303223,0.44460591673851013,0.8753470182418823,0.41419023275375366,0.8038214445114136,0.33841046690940857,0.882404088973999,0.3240179121494293,0.83664470911026
ini_051.png,inicio,0.5357002019882202,0.43759310245513916,0.5476018786430359,0.42603936791419983,0.5529306530952454,0.42512643337249756,0.5597535967826843,0.4240877628326416,0.5367252826690674,0.4282199442386627,0.5342345237731934,0.4287066161632538,0.5318713784217834,0.4290318489074707,0.5835850238800049,0.42908385396003723,0.5499941110610962,0.4336667060852051,0.5536859631538391,0.4507940411567688,0.5379493236541748,0.45249703526496887,0.6007770299911499,0.4997140169143677,0.5487920045852661,0.4949200749397278,0.5739667415618896,0.5839918255805969,0.5001960396766663,0.5627442002296448,0.4923878312110901,0.6322369575500488,0.42724713683128357,0.5941927433013916,0.47105592489242554,0.6491707563400269,0.3970814347267151,0.6069393754005432,0.46616920828819275,0.641315221786499,0.3940204977989197,0.6057614088058472,0.4699113368988037,0.6343907117843628,0.4047337770462036,0.6027836799621582,0.5174105763435364,0.6637135148048401,0.4815722405910492,0.6433697938919067,0.31984758377075195,0.7013200521469116,0.3006494641304016,0.6705323457717896,0.3795066177845001,0.8389093279838562,0.3359588384628296,0.7948157787322998,0.4089290201663971,0.8630122542381287,0.36867550015449524,0.8052533268928528,0.3087139427661896,0.8873134851455688,0.2798817753791809,0.8505401611328125
ini_052.png,inicio,0.586268961429596,0.4201948046684265,0.5999698638916016,0.41033560037612915,0.60840904712677,0.40979844331741333,0.6174547672271729,0.40918275713920593,0.5858463048934937,0.41144824028015137,0.5827572345733643,0.41190460324287415,0.5801162719726562,0.41238629817962646,0.6431413888931274,0.41653090715408325,0.595238983631134,0.4214227795600891,0.6039304137229919,0.43536102771759033,0.5853705406188965,0.43619847297668457,0.6533172726631165,0.4895683526992798,0.5890864133834839,0.4830949902534485,0.6194455027580261,0.5757923722267151,0.5410984754562378,0.54913729429245,0.5368995666503906,0.6221559047698975,0.47221145033836365,0.5853196978569031,0.5154996514320374,0.6399733424186707,0.44147050380706787,0.5977687239646912,0.5050256848335266,0.6320318579673767,0.43853023648262024,0.5967832803726196,0.5092817544937134,0.6244754195213318,0.45052585005760193,0.595538854598999,0.5697502493858337,0.6548410058021545,0.5243068933486938,0.6322548985481262,0.366146981716156,0.6924316883087158,0.34867367148399353,0.6645076870918274,0.43087446689605713,0.8288062810897827,0.39595240354537964,0.7858490347862244,0.4569525718688965,0.8528708219528198,0.4125729203224182,0.8062130212783813,0.35694918036460876,0.8771591186523438,0.3232778310775757,0.8395599722862244
ini_053.png,inicio,0.6402431130409241,0.43050283193588257,0.6551126837730408,0.41728875041007996,0.6625998020172119,0.41690701246261597,0.6723770499229431,0.4165530800819397,0.6392847299575806,0.41865402460098267,0.635110080242157,0.4188953638076782,0.6310210824012756,0.41915684938430786,0.692516028881073,0.4248737096786499,0.6412490010261536,0.42597633600234985,0.6572092771530151,0.44726744294166565,0.636002242565155,0.4460492730140686,0.7032745480537415,0.4957779347896576,0.6351460218429565,0.48646461963653564,0.670434296131134,0.5808340907096863,0.5900649428367615,0.5540769100189209,0.5768541097640991,0.6276951432228088,0.5163581371307373,0.5912675857543945,0.5564757585525513,0.6452072262763977,0.4879007637500763,0.6040374040603638,0.5518957376480103,0.6385987401008606,0.484937846660614,0.6025345921516418,0.5625036954879761,0.6305679082870483,0.4964355528354645,0.6003658771514893,0.610913872718811,0.6554632782936096,0.5718115568161011,0.6342188715934753,0.417860209941864,0.7019914388656616,0.39193734526634216,0.667339563369751,0.4809328019618988,0.836725115776062,0.44004687666893005,0.7893465757369995,0.5077832937240601,0.8606395125389099,0.46553635597229004,0.8001898527145386,0.41154491901397705,0.8826576471328735,0.3730892241001129,0.843927264213562
ini_054.png,inicio,0.6388218402862549,0.4242026209831238,0.6529622077941895,0.4134650230407715,0.6592932939529419,0.413674533367157,0.6652843952178955,0.41396889090538025,0.6390012502670288,0.41370266675949097,0.6355668306350708,0.4138150215148926,0.6323040723800659,0.4138600528240204,0.6893402338027954,0.4238610863685608,0.6463441252708435,0.4217953681945801,0.6532948017120361,0.441137433052063,0.6356586813926697,0.43961748480796814,0.7015541791915894,0.4955224394798279,0.6374515891075134,0.48479995131492615,0.6706027388572693,0.5807039141654968,0.591071605682373,0.5541266202926636,0.5893243551254272,0.6259422898292542,0.5185039043426514,0.5918096899986267,0.5744239687919617,0.6446561813354492,0.48848021030426025,0.6045354008674622,0.5684264898300171,0.6366080641746521,0.4868490993976593,0.6032127141952515,0.5718868374824524,0.628214418888092,0.4990169107913971,0.6008979082107544,0.6137945055961609,0.658292293548584,0.576749324798584,0.6346588134765625,0.4139114022254944,0.6935985684394836,0.38980725407600403,0.6655879616737366,0.47696006298065186,0.8357582688331604,0.4370691180229187,0.7852315902709961,0.5046836137771606,0.8606293201446533,0.4682214856147766,0.7990171313285828,0.4015616774559021,0.8828799724578857,0.37053418159484863,0.8425267338752747
ini_055.png,inicio,0.6722803711891174,0.4235079288482666,0.6869885325431824,0.4126192331314087,0.6938362121582031,0.4126901924610138,0.7039731740951538,0.4127758741378784,0.6702026128768921,0.41336506605148315,0.6657776236534119,0.4138508439064026,0.6615266799926758,0.4143311083316803,0.721291184425354,0.4224227964878082,0.6691843271255493,0.4234693646430969,0.6861106157302856,0.44158899784088135,0.6655570268630981,0.44116276502609253,0.7280411720275879,0.4990823268890381,0.6667726039886475,0.4883807897567749,0.697454571723938,0.5853980779647827,0.6239106059074402,0.5542591214179993,0.6127459406852722,0.6307600140571594,0.5509117245674133,0.5901594758033752,0.5954959988594055,0.6492394804954529,0.5209093689918518,0.603173553943634,0.5877838134765625,0.6429820656776428,0.5193928480148315,0.6018326282501221,0.5922368168830872,0.6351263523101807,0.5309410691261292,0.5988877415657043,0.6440197229385376,0.6626394987106323,0.6069109439849854,0.63889479637146,0.4419803023338318,0.6980595588684082,0.4210096597671509,0.6691434383392334,0.5061750411987305,0.8386775255203247,0.4705706536769867,0.7879912257194519,0.5328314304351807,0.8642382025718689,0.48875343799591064,0.8083932399749756,0.43187716603279114,0.8841828107833862,0.39524856209754944,0.8441630005836487
ini_056.png,inicio,0.7310662865638733,0.44744861125946045,0.7458449006080627,0.435349702835083,0.7537040710449219,0.4350811243057251,0.7614049315452576,0.43482106924057007,0.7322248816490173,0.4363401532173157,0.7285524606704712,0.43663638830184937,0.7247708439826965,0.43684500455856323,0.7874630093574524,0.4436456859111786,0.7394955158233643,0.44274330139160156,0.7482395172119141,0.46413570642471313,0.7278137803077698,0.4633916914463043,0.7934679388999939,0.5165555477142334,0.7352839112281799,0.5035545229911804,0.7562474012374878,0.6033246517181396,0.6843236088752747,0.5687808394432068,0.6654083728790283,0.6475831866264343,0.609121561050415,0.6006553173065186,0.6433733701705933,0.6637570261955261,0.5799832940101624,0.6132347583770752,0.6360642910003662,0.654673159122467,0.5781649351119995,0.6121091842651367,0.6415097117424011,0.6467833518981934,0.5891305208206177,0.610137403011322,0.6997904181480408,0.6768730282783508,0.6659027934074402,0.6505665183067322,0.49036431312561035,0.7066819071769714,0.48037177324295044,0.6750804781913757,0.5356566309928894,0.8474721312522888,0.514284610748291,0.7890612483024597,0.565594494342804,0.8734301328659058,0.5327326059341431,0.8121926188468933,0.4615325629711151,0.8862046003341675,0.44381698966026306,0.8452304601669312
ini_057.png,inicio,0.7140707969665527,0.44529932737350464,0.7272446155548096,0.43363049626350403,0.7342576384544373,0.4327765107154846,0.7429307699203491,0.43230658769607544,0.711890459060669,0.43664684891700745,0.7074993252754211,0.4376710057258606,0.7033873796463013,0.438541054725647,0.7667981386184692,0.4415181875228882,0.7147461175918579,0.4464647173881531,0.7329709529876709,0.4614458680152893,0.7101251482963562,0.46121346950531006,0.7781855463981628,0.5149935483932495,0.7125588655471802,0.5080083012580872,0.7382128834724426,0.6014993190765381,0.6597099304199219,0.5777570605278015,0.6464588046073914,0.6477026343345642,0.5911087989807129,0.6053954362869263,0.6201571822166443,0.6664647459983826,0.5568189024925232,0.6171001195907593,0.6126877665519714,0.6562345027923584,0.553777813911438,0.6157800555229187,0.6190250515937805,0.6482247710227966,0.5681347250938416,0.6131952404975891,0.6824355125427246,0.6801211833953857,0.6380331516265869,0.6556699872016907,0.4747798442840576,0.7168837785720825,0.45279228687286377,0.6808208227157593,0.5258009433746338,0.8569598197937012,0.49124884605407715,0.8068654537200928,0.5521793961524963,0.8815289735794067,0.5076234340667725,0.8234974145889282,0.4480024576187134,0.8984250426292419,0.4188508093357086,0.8558317422866821
ini_058.png,inicio,0.6246305108070374,0.4546169936656952,0.6391741037368774,0.4325858950614929,0.6393125057220459,0.43243029713630676,0.6392252445220947,0.4325929582118988,0.641228437423706,0.4322536289691925,0.6427925229072571,0.4320020079612732,0.644166111946106,0.4321460425853729,0.6623517274856567,0.45526665449142456,0.663491427898407,0.4496360421180725,0.6381187438964844,0.4594597816467285,0.6401628255844116,0.46126607060432434,0.6621648073196411,0.5313040614128113,0.6750361919403076,0.5215141773223877,0.6055195331573486,0.6210118532180786,0.6228086352348328,0.5824358463287354,0.4915238916873932,0.6464571952819824,0.5345176458358765,0.6064056158065796,0.46187034249305725,0.6557034850120544,0.5107419490814209,0.6085408329963684,0.4548456072807312,0.6461926102638245,0.5050039887428284,0.6083842515945435,0.46614861488342285,0.6425435543060303,0.5114327669143677,0.6104481816291809,0.5856621861457825,0.6991971135139465,0.5916150212287903,0.6658543944358826,0.380578875541687,0.677344024181366,0.4284568130970001,0.65276700258255,0.40953049063682556,0.8189657330513,0.42412570118904114,0.7816240191459656,0.43042615056037903,0.8535465002059937,0.44745609164237976,0.8073843717575073,0.3452354371547699,0.8267263770103455,0.37193089723587036,0.7994762659072876
ini_059.png,inicio,0.6428437232971191,0.43264785408973694,0.6510435938835144,0.42310282588005066,0.651532769203186,0.42329928278923035,0.6535986065864563,0.4238288998603821,0.6526175737380981,0.4224826395511627,0.6542807817459106,0.4222935736179352,0.6577821373939514,0.4224502742290497,0.6710317134857178,0.4347328841686249,0.6758471131324768,0.4332081079483032,0.6470675468444824,0.44747379422187805,0.6489974856376648,0.44740304350852966,0.6743274927139282,0.524754524230957,0.6851035356521606,0.5110768675804138,0.6101608872413635,0.6227053999900818,0.6289350986480713,0.5879523158073425,0.49135392904281616,0.6430229544639587,0.5282043218612671,0.6074713468551636,0.4599512219429016,0.6512295603752136,0.5033379793167114,0.6121389865875244,0.45986685156822205,0.6418346762657166,0.4999625086784363,0.6087841987609863,0.47000065445899963,0.6383805274963379,0.5085293054580688,0.6090545654296875,0.5909683108329773,0.704634428024292,0.6072443723678589,0.6816012859344482,0.38227134943008423,0.6768344640731812,0.4344784915447235,0.6493136882781982,0.4130519926548004,0.8268312811851501,0.43077176809310913,0.7865992188453674,0.43237388134002686,0.8511956334114075,0.4490550756454468,0.8141295909881592,0.34749075770378113,0.8297234773635864,0.3710457682609558,0.8039293885231018
ini_062.png,inicio,0.6746374368667603,0.44324618577957153,0.6852306127548218,0.4341060519218445,0.6865606307983398,0.4344419836997986,0.6878053545951843,0.4348307251930237,0.6871384978294373,0.4333968758583069,0.6891403794288635,0.43320268392562866,0.6912904977798462,0.4330334961414337,0.7004139423370361,0.44040024280548096,0.7065170407295227,0.4382845163345337,0.6766520738601685,0.4540950059890747,0.6769024729728699,0.453205406665802,0.6896389722824097,0.5036442875862122,0.7232514023780823,0.49852830171585083,0.6221563220024109,0.587473452091217,0.6614968776702881,0.5664706230163574,0.523066520690918,0.6082900166511536,0.5743668675422668,0.5859540700912476,0.5007321834564209,0.6105591654777527,0.5552562475204468,0.591254472732544,0.49788999557495117,0.6015797853469849,0.5497059226036072,0.5862542390823364,0.5066707134246826,0.6001062989234924,0.5558191537857056,0.585172712802887,0.6239904165267944,0.6529291868209839,0.6563706398010254,0.6458864212036133,0.4270738363265991,0.6384718418121338,0.47809794545173645,0.6245383024215698,0.44520285725593567,0.7803672552108765,0.46458664536476135,0.7502560615539551,0.4587707221508026,0.8070214986801147,0.48109057545661926,0.7701882123947144,0.38340848684310913,0.7794244289398193,0.4171149730682373,0.7634329795837402
ini_063.png,inicio,0.6293779611587524,0.4420544505119324,0.6358523964881897,0.4331832528114319,0.6456535458564758,0.4141489863395691,0.6448286771774292,0.4144614040851593,0.6372723579406738,0.4311620891094208,0.6389499306678772,0.43011969327926636,0.6407637596130371,0.4291045665740967,0.6520165205001831,0.43623781204223633,0.6559461355209351,0.4299425482749939,0.6340887546539307,0.4520924687385559,0.6339198350906372,0.4497993588447571,0.6547321677207947,0.49504631757736206,0.6986881494522095,0.4774191975593567,0.5878259539604187,0.5819962620735168,0.6414611339569092,0.5417065024375916,0.4853043854236603,0.6040091514587402,0.5646033883094788,0.5602168440818787,0.4626772105693817,0.6117568612098694,0.5410618185997009,0.5637120604515076,0.4584317207336426,0.6022717356681824,0.532741367816925,0.5635570287704468,0.46779584884643555,0.5981640815734863,0.534338653087616,0.5646672248840332,0.5887447595596313,0.6394230723381042,0.622355580329895,0.6347142457962036,0.39456188678741455,0.6348412036895752,0.44807538390159607,0.6283683180809021,0.41520801186561584,0.7765480279922485,0.43554484844207764,0.7502804398536682,0.42757314443588257,0.8029274940490723,0.44926393032073975,0.7715119123458862,0.356536328792572,0.7738962769508362,0.38195663690567017,0.7577722668647766
ini_065.png,inicio,0.6371398568153381,0.4129859209060669,0.6440348625183105,0.4038834869861603,0.6448186635971069,0.404013067483902,0.6454957723617554,0.40439942479133606,0.6467366218566895,0.40290021896362305,0.649178683757782,0.40279215574264526,0.6517723202705383,0.402728796005249,0.6621271371841431,0.41256216168403625,0.6708638668060303,0.41207155585289,0.6404962539672852,0.4279279410839081,0.6427136659622192,0.42846161127090454,0.655363142490387,0.4992997646331787,0.6791808009147644,0.4895644783973694,0.5855463743209839,0.5901843309402466,0.626587986946106,0.5589466691017151,0.48091667890548706,0.6042279005050659,0.5438114404678345,0.5666525363922119,0.45402660965919495,0.6089290380477905,0.5263800621032715,0.5670505166053772,0.45641300082206726,0.5985038876533508,0.5215478539466858,0.5622897148132324,0.46444493532180786,0.5961930155754089,0.5255977511405945,0.5637335181236267,0.5772276520729065,0.6647158265113831,0.5955921411514282,0.6496636271476746,0.38669726252555847,0.6379556655883789,0.4324876070022583,0.6420960426330566,0.4133651852607727,0.773138701915741,0.4266568124294281,0.7522695064544678,0.42974093556404114,0.8040794730186462,0.4495493471622467,0.7719792127609253,0.3557148575782776,0.774546205997467,0.3773709535598755,0.7620865106582642
ini_066.png,inicio,0.6278534531593323,0.43804696202278137,0.6349430680274963,0.42731234431266785,0.6360272169113159,0.42773038148880005,0.6376778483390808,0.4284299612045288,0.6348744630813599,0.4265507757663727,0.6360462307929993,0.42638227343559265,0.6371713280677795,0.42642942070961,0.6545349359512329,0.43524691462516785,0.6549835205078125,0.433896541595459,0.6325647830963135,0.4522038996219635,0.6331063508987427,0.4520130753517151,0.6781192421913147,0.5146681070327759,0.6596680879592896,0.5010368227958679,0.6281790733337402,0.6049442887306213,0.6072054505348206,0.5683243274688721,0.5396619439125061,0.6363244652748108,0.5313382744789124,0.5941563844680786,0.5134474039077759,0.6517578959465027,0.5037139654159546,0.5972339510917664,0.5109882950782776,0.6446452736854553,0.49815472960472107,0.5975319743156433,0.5191960334777832,0.6399566531181335,0.5103036165237427,0.5980710983276367,0.6003684401512146,0.679837703704834,0.5942180156707764,0.6546603441238403,0.38245803117752075,0.6729766726493835,0.4312092065811157,0.6367594599723816,0.40833646059036255,0.8187984228134155,0.42451873421669006,0.7698174715042114,0.4279288649559021,0.8440824151039124,0.44411471486091614,0.7944491505622864,0.3315061032772064,0.8256852030754089,0.34499794244766235,0.7984222769737244
ini_067.png,inicio,0.6290138959884644,0.44491299986839294,0.6356831789016724,0.4356550872325897,0.6371210217475891,0.43594974279403687,0.6391886472702026,0.4364813268184662,0.6344167590141296,0.43527570366859436,0.6350337266921997,0.43530532717704773,0.635792076587677,0.4354851543903351,0.6557042598724365,0.44294923543930054,0.65229332447052,0.44200873374938965,0.6332666873931885,0.4584835171699524,0.6335029602050781,0.4586915075778961,0.683147132396698,0.5128439664840698,0.6578022837638855,0.505561113357544,0.6306423544883728,0.5950363278388977,0.6018208265304565,0.5679773092269897,0.5434809923171997,0.6370713710784912,0.5332451462745667,0.5957790017127991,0.5270764231681824,0.6514723896980286,0.5017117857933044,0.5994974970817566,0.5197514295578003,0.6415231227874756,0.5013851523399353,0.5972911715507507,0.5262522101402283,0.6370031237602234,0.5139986276626587,0.5997136235237122,0.5996676087379456,0.665996253490448,0.5900851488113403,0.6498215198516846,0.3856225907802582,0.6701622605323792,0.43191859126091003,0.6321823596954346,0.40973788499832153,0.8128024935722351,0.43462711572647095,0.7622030377388,0.42852574586868286,0.8378779888153076,0.4540615677833557,0.7859091758728027,0.3319028317928314,0.8270456790924072,0.36807766556739807,0.782987117767334
ini_068.png,inicio,0.6362295150756836,0.44553616642951965,0.6433967351913452,0.43637004494667053,0.6452902555465698,0.43649953603744507,0.6479836702346802,0.43678462505340576,0.6412715911865234,0.43579214811325073,0.6417444348335266,0.43546944856643677,0.6422855854034424,0.43514955043792725,0.6672391295433044,0.4418202042579651,0.658697783946991,0.4392063617706299,0.64110267162323,0.45871835947036743,0.639792263507843,0.4583262801170349,0.6880183219909668,0.5125794410705566,0.6629493236541748,0.502390444278717,0.6424710750579834,0.5937947630882263,0.6023931503295898,0.5606745481491089,0.5472990274429321,0.6346398591995239,0.535041868686676,0.5889872312545776,0.5246315002441406,0.6482842564582825,0.5070648789405823,0.5925642251968384,0.5194017291069031,0.6420648097991943,0.5014323592185974,0.5925723314285278,0.5274900794029236,0.6324883699417114,0.514180064201355,0.5929722785949707,0.6023577451705933,0.6667910814285278,0.5890082716941833,0.6526898741722107,0.3853214383125305,0.6701661348342896,0.4206397533416748,0.650303065776825,0.41117486357688904,0.8173526525497437,0.4210101068019867,0.7792743444442749,0.4255865216255188,0.8435372114181519,0.4409133791923523,0.8030620813369751,0.33515188097953796,0.8217076659202576,0.3514837324619293,0.7995688319206238
ini_069.png,inicio,0.6357203125953674,0.43819108605384827,0.6434316039085388,0.4287399351596832,0.645746111869812,0.42898738384246826,0.6480122804641724,0.4294106364250183,0.6402820348739624,0.4281410276889801,0.6404500603675842,0.42790892720222473,0.6408018469810486,0.42777830362319946,0.6687281131744385,0.4374411404132843,0.658608078956604,0.43459880352020264,0.6417561769485474,0.45250391960144043,0.6397762298583984,0.4519004821777344,0.6847140192985535,0.5122500658035278,0.6685726046562195,0.4973328709602356,0.6397445201873779,0.5948899388313293,0.6078162789344788,0.5577213764190674,0.5448485612869263,0.6334001421928406,0.5333157777786255,0.587330162525177,0.5228245258331299,0.6478428840637207,0.498214989900589,0.5901578068733215,0.5182032585144043,0.636826753616333,0.4963180422782898,0.5900090336799622,0.525448203086853,0.6311710476875305,0.509443998336792,0.5932127237319946,0.6020329594612122,0.6727667450904846,0.5946838855743408,0.6491212248802185,0.3870978355407715,0.6694332361221313,0.4159706234931946,0.6390252113342285,0.41264328360557556,0.8083943128585815,0.41744697093963623,0.7630511522293091,0.43026959896087646,0.8334078788757324,0.4379802942276001,0.7846729755401611,0.3348759710788727,0.8206790089607239,0.3505430817604065,0.7977701425552368
ini_070.png,inicio,0.6007575392723083,0.436424195766449,0.6095940470695496,0.4290207028388977,0.613644003868103,0.4289174973964691,0.6173906922340393,0.4288867712020874,0.6056545972824097,0.43016451597213745,0.6058234572410583,0.43062254786491394,0.6063718795776367,0.43094515800476074,0.6374104022979736,0.438846230506897,0.6231293678283691,0.43794381618499756,0.6087116003036499,0.4483296871185303,0.6047828793525696,0.44946014881134033,0.6475479006767273,0.503624677658081,0.6144269704818726,0.4952765107154846,0.6126790046691895,0.5852452516555786,0.5688574910163879,0.5563694834709167,0.5208049416542053,0.6181775331497192,0.5007466673851013,0.5816155076026917,0.49967971444129944,0.6300868391990662,0.4721543788909912,0.5869740843772888,0.4946608245372772,0.6236237287521362,0.47018662095069885,0.5854871869087219,0.5014469623565674,0.6183111071586609,0.4817107319831848,0.5848987102508545,0.5752747058868408,0.6436357498168945,0.5511339902877808,0.6215856075286865,0.37388020753860474,0.6632487773895264,0.37918820977211,0.6490834951400757,0.4084281027317047,0.7962009310722351,0.3936750888824463,0.7582552433013916,0.4232947826385498,0.8180890083312988,0.4170520007610321,0.7756201028823853,0.32980072498321533,0.8117732405662537,0.33980321884155273,0.7891367673873901
ini_071.png,inicio,0.5958305597305298,0.4488809406757355,0.6062333583831787,0.43783771991729736,0.6103142499923706,0.43782976269721985,0.6162272691726685,0.43813157081604004,0.5998415350914001,0.4376276135444641,0.5992987751960754,0.4374309480190277,0.599111795425415,0.4372122585773468,0.6409651041030884,0.44665491580963135,0.6211398839950562,0.44249260425567627,0.6073563098907471,0.4631155729293823,0.5999000072479248,0.4613380432128906,0.6491221189498901,0.5143687129020691,0.6155161261558533,0.5003516674041748,0.6127625107765198,0.5909584760665894,0.5689874291419983,0.5593300461769104,0.5265617966651917,0.6247559189796448,0.5030981302261353,0.5816731452941895,0.5054924488067627,0.638568103313446,0.473678857088089,0.5876920223236084,0.4987253248691559,0.6316569447517395,0.4719858467578888,0.5861601829528809,0.5057626962661743,0.6261475682258606,0.48389312624931335,0.5856015086174011,0.5688729286193848,0.6543940901756287,0.5505852699279785,0.6324591636657715,0.3739379942417145,0.6630268692970276,0.3850220739841461,0.6471138596534729,0.4079514443874359,0.7995577454566956,0.4035547375679016,0.7560767531394958,0.4273224174976349,0.8243416547775269,0.4268413782119751,0.7797629833221436,0.3296571969985962,0.8183110356330872,0.3418853282928467,0.7897943258285522
ini_072.png,inicio,0.6545488834381104,0.44874879717826843,0.6652665734291077,0.4399833679199219,0.6691291332244873,0.4400767683982849,0.6754823923110962,0.44064730405807495,0.6576413512229919,0.44012245535850525,0.6559627652168274,0.44018232822418213,0.6543810963630676,0.44018030166625977,0.6866897344589233,0.4489881694316864,0.6664028167724609,0.4463525712490082,0.6631065011024475,0.4630656838417053,0.6544196605682373,0.46254557371139526,0.7006422281265259,0.5142208337783813,0.6608403921127319,0.5048266053199768,0.663502037525177,0.5880276560783386,0.6103506684303284,0.5625894069671631,0.5790882706642151,0.6268460750579834,0.5471178889274597,0.5862290859222412,0.5617664456367493,0.6410727500915527,0.5199375152587891,0.5940303206443787,0.5526684522628784,0.6347398161888123,0.5185814499855042,0.5931196808815002,0.5585295557975769,0.6291367411613464,0.5296921730041504,0.5915189981460571,0.6218845844268799,0.6677911877632141,0.6007744073867798,0.6441075801849365,0.4216899275779724,0.6649968028068542,0.4274313449859619,0.651349663734436,0.44530001282691956,0.7993322610855103,0.43963295221328735,0.7666375637054443,0.4660056233406067,0.8232455849647522,0.4605330228805542,0.7840254306793213,0.3691856861114502,0.8131647706031799,0.37581199407577515,0.7949213981628418
ini_073.png,inicio,0.6353748440742493,0.4201914072036743,0.6407118439674377,0.41088151931762695,0.6417997479438782,0.4109209477901459,0.6428539752960205,0.4110218584537506,0.640291154384613,0.41036999225616455,0.6413154602050781,0.41011613607406616,0.6433152556419373,0.4099927544593811,0.6602308750152588,0.4164823293685913,0.6596090197563171,0.41457486152648926,0.6398858428001404,0.4328952431678772,0.6400945782661438,0.4320580065250397,0.677478551864624,0.4898628890514374,0.669543445110321,0.4771435856819153,0.6379368901252747,0.5748995542526245,0.6198614239692688,0.5412071347236633,0.5459661483764648,0.602277398109436,0.5525937676429749,0.5598878264427185,0.5218045711517334,0.613945722579956,0.5274467468261719,0.5644209384918213,0.5173028111457825,0.603653073310852,0.523891031742096,0.5642850995063782,0.526134192943573,0.5989503860473633,0.5314009189605713,0.5654165744781494,0.6033792495727539,0.6441261768341064,0.6024036407470703,0.6226658225059509,0.4037235379219055,0.63042151927948,0.43902257084846497,0.6106125116348267,0.4224240481853485,0.7600591778755188,0.4281894266605377,0.7345843315124512,0.43970751762390137,0.7847339510917664,0.45787709951400757,0.7457900047302246,0.35433387756347656,0.7667182683944702,0.3739643096923828,0.7481281161308289
ini_074.png,inicio,0.5821928381919861,0.41545191407203674,0.5861063599586487,0.40559715032577515,0.5863839387893677,0.4055267870426178,0.587456226348877,0.40556472539901733,0.5877857208251953,0.4050925374031067,0.5892947316169739,0.4047940969467163,0.5907135009765625,0.4045634865760803,0.6028646230697632,0.4113682508468628,0.6086356043815613,0.41166016459465027,0.5867694020271301,0.4275805354118347,0.5889967679977417,0.42750394344329834,0.6183610558509827,0.48848772048950195,0.6174077987670898,0.4785449206829071,0.5854719877243042,0.5744273066520691,0.5711823105812073,0.5365800857543945,0.4958272874355316,0.5991212725639343,0.5148720145225525,0.561583399772644,0.473491370677948,0.6086336970329285,0.4896892309188843,0.5653825402259827,0.4682735204696655,0.5990948677062988,0.48998430371284485,0.5628487467765808,0.48003071546554565,0.5976362824440002,0.4953933358192444,0.5635847449302673,0.5465009808540344,0.637813150882721,0.5494521856307983,0.6220685243606567,0.3566814064979553,0.6296330690383911,0.38435935974121094,0.6129212975502014,0.3779330849647522,0.7555849552154541,0.3828352391719818,0.7343091368675232,0.39440208673477173,0.7794550657272339,0.395283043384552,0.7544822692871094,0.31262969970703125,0.7615219950675964,0.3304680287837982,0.7464920878410339
ini_075.png,inicio,0.6354448795318604,0.41822922229766846,0.6416776776313782,0.40689629316329956,0.6426539421081543,0.4068676233291626,0.6436491012573242,0.40704503655433655,0.6428319811820984,0.4062116742134094,0.6447172164916992,0.405813068151474,0.646793007850647,0.4056010842323303,0.6601837873458862,0.41393813490867615,0.6643551588058472,0.41070884466171265,0.6400201916694641,0.43014106154441833,0.6414220333099365,0.4302874803543091,0.6707953214645386,0.491997092962265,0.6739399433135986,0.47698676586151123,0.6317192912101746,0.5773048400878906,0.6213510036468506,0.5300799608230591,0.5429983139038086,0.5967101454734802,0.5626659989356995,0.5584391951560974,0.514051616191864,0.6079216599464417,0.5363878011703491,0.5630870461463928,0.5145218968391418,0.5978317260742188,0.5312569737434387,0.5639503002166748,0.5230134129524231,0.5933066606521606,0.5419631600379944,0.5643515586853027,0.5865485072135925,0.6432271003723145,0.5927813053131104,0.6261460781097412,0.400321364402771,0.6255077123641968,0.4396631419658661,0.6112111806869507,0.42327558994293213,0.7521328926086426,0.4264465272426605,0.7345204949378967,0.44062539935112,0.7789483666419983,0.4440566301345825,0.7555700540542603,0.35698840022087097,0.7603249549865723,0.3657206892967224,0.7486346960067749
ini_076.png,inicio,0.6438438892364502,0.41458410024642944,0.6491658091545105,0.4062589406967163,0.649703323841095,0.4062961935997009,0.650113046169281,0.40636545419692993,0.651129424571991,0.40563222765922546,0.6531458497047424,0.4053155779838562,0.6551148891448975,0.40504705905914307,0.6675567030906677,0.412594735622406,0.6741615533828735,0.4104188084602356,0.6493218541145325,0.4260703921318054,0.65215003490448,0.4258597195148468,0.6806105971336365,0.4906187653541565,0.6800154447555542,0.4765099287033081,0.6415562033653259,0.5758035778999329,0.6418563723564148,0.5420655012130737,0.5448782444000244,0.5986368656158447,0.5745030641555786,0.561405599117279,0.5218617916107178,0.6121324300765991,0.5497983694076538,0.565175473690033,0.5167633295059204,0.6025553941726685,0.5427951812744141,0.5662287473678589,0.5274353623390198,0.5972764492034912,0.5577085614204407,0.5620733499526978,0.5967091917991638,0.6432569622993469,0.6056845784187317,0.6205236315727234,0.40610796213150024,0.6272469162940979,0.44719573855400085,0.5963242053985596,0.42579275369644165,0.7549996376037598,0.44406044483184814,0.7153156995773315,0.43943148851394653,0.779233455657959,0.4603625535964966,0.7317360043525696,0.36066049337387085,0.7592777013778687,0.3808201849460602,0.738325834274292
ini_077.png,inicio,0.6343933939933777,0.42141151428222656,0.6399408578872681,0.41120266914367676,0.6409377455711365,0.4111959934234619,0.6420103311538696,0.4114765524864197,0.6401716470718384,0.41072744131088257,0.6413348913192749,0.41053009033203125,0.6427567005157471,0.41061514616012573,0.6675921678543091,0.4302930533885956,0.6586491465568542,0.4178068935871124,0.6379815936088562,0.43149739503860474,0.6381646990776062,0.43205273151397705,0.6610734462738037,0.49681055545806885,0.6661540865898132,0.48254895210266113,0.6213023662567139,0.5791878700256348,0.6224936842918396,0.5345542430877686,0.5209930539131165,0.6046799421310425,0.5556877255439758,0.5606147050857544,0.4991062581539154,0.6141267418861389,0.5383731722831726,0.5641325116157532,0.4914376139640808,0.6061036586761475,0.5353728532791138,0.5650731325149536,0.500544011592865,0.6017733812332153,0.5392385125160217,0.5657978653907776,0.5958921909332275,0.6426679491996765,0.605457603931427,0.6301219463348389,0.3977801203727722,0.6253798604011536,0.42787086963653564,0.6188021898269653,0.41046828031539917,0.7515488862991333,0.41677114367485046,0.7349426746368408,0.4255751073360443,0.7770077586174011,0.4336535632610321,0.755859375,0.34259742498397827,0.7550655603408813,0.36274340748786926,0.7419507503509521
ini_078.png,inicio,0.664559006690979,0.46137404441833496,0.6731632351875305,0.455596923828125,0.6747801899909973,0.455928236246109,0.6763290762901306,0.4562828838825226,0.6715465784072876,0.4549078345298767,0.6714780926704407,0.4545985460281372,0.6714786291122437,0.4543415307998657,0.6836919784545898,0.4611402153968811,0.6787809133529663,0.4578774571418762,0.6656269431114197,0.46935415267944336,0.6622738242149353,0.4682164788246155,0.6777676939964294,0.4892759919166565,0.6731694340705872,0.4956044852733612,0.6424593925476074,0.5569645762443542,0.6356963515281677,0.5424194931983948,0.5566701889038086,0.5966846346855164,0.5951336622238159,0.5576843023300171,0.5592332482337952,0.6018059849739075,0.5741111636161804,0.5652531981468201,0.5554340481758118,0.5987026691436768,0.572302520275116,0.5618812441825867,0.5607715845108032,0.5943565964698792,0.5817897319793701,0.5624114871025085,0.6337961554527283,0.6113321185112,0.6320832967758179,0.6101584434509277,0.4870205521583557,0.6350396871566772,0.5093697905540466,0.5747683048248291,0.44433751702308655,0.7468394637107849,0.5070424675941467,0.6568435430526733,0.45781081914901733,0.7679624557495117,0.5210438370704651,0.6734314560890198,0.3851146697998047,0.7573928833007812,0.4608527421951294,0.6741297841072083
ini_079.png,inicio,0.6546229124069214,0.462100088596344,0.6631038188934326,0.4551839530467987,0.6640936732292175,0.45530134439468384,0.6650457978248596,0.455449640750885,0.6639602184295654,0.45498496294021606,0.6650402545928955,0.4547663927078247,0.6661829948425293,0.4545769691467285,0.6740550994873047,0.4596558213233948,0.6772640943527222,0.45786216855049133,0.6554956436157227,0.47011372447013855,0.6549147963523865,0.46945929527282715,0.6793717741966248,0.4925309419631958,0.6879825592041016,0.500292181968689,0.6279537081718445,0.562349259853363,0.6381769180297852,0.55061936378479,0.5494792461395264,0.5984333157539368,0.5912864804267883,0.5695247054100037,0.5347018241882324,0.6052640080451965,0.5687630772590637,0.5748957395553589,0.5405214428901672,0.5954844951629639,0.5633556246757507,0.5734413266181946,0.5465545058250427,0.591433048248291,0.5671151876449585,0.5754427909851074,0.6246965527534485,0.6114860773086548,0.6355762481689453,0.6161090731620789,0.4436919093132019,0.6268872022628784,0.4838476777076721,0.6145513653755188,0.4417165219783783,0.7472900152206421,0.4823586940765381,0.7092995047569275,0.4517475366592407,0.7705652713775635,0.49648019671440125,0.7251560688018799,0.3865240216255188,0.7516617178916931,0.43833523988723755,0.729405403137207
ini_082.png,inicio,0.564754068851471,0.4737737774848938,0.5710979700088501,0.4677775502204895,0.5722318887710571,0.4678748846054077,0.5733046531677246,0.46800264716148376,0.571223258972168,0.4675186276435852,0.571770429611206,0.46726691722869873,0.5724019408226013,0.46705442667007446,0.5808042883872986,0.4704820215702057,0.5811811685562134,0.46882373094558716,0.5663121342658997,0.47967880964279175,0.5648152828216553,0.479026198387146,0.5738717913627625,0.4907880425453186,0.5981841683387756,0.4999920129776001,0.5485626459121704,0.5544385313987732,0.5646082162857056,0.543221116065979,0.48407629132270813,0.5813050866127014,0.5120104551315308,0.5632821321487427,0.46759024262428284,0.587916374206543,0.491547167301178,0.567034125328064,0.46852874755859375,0.5855033993721008,0.493449866771698,0.5613723993301392,0.47330597043037415,0.5815388560295105,0.4978897273540497,0.5621195435523987,0.5303986668586731,0.5950815677642822,0.5455265641212463,0.5988279581069946,0.3999107778072357,0.6442745327949524,0.41701358556747437,0.6009142398834229,0.36974722146987915,0.7474527359008789,0.4093741774559021,0.6976764798164368,0.381457656621933,0.7661076188087463,0.4224911630153656,0.7155073881149292,0.32165688276290894,0.7472466230392456,0.35883039236068726,0.7165058255195618
ini_083.png,inicio,0.607780933380127,0.48033419251441956,0.608302652835846,0.47857019305229187,0.6083513498306274,0.47817832231521606,0.6084198951721191,0.4778377115726471,0.6091468334197998,0.4784460663795471,0.6097283959388733,0.4779145419597626,0.610388994216919,0.477372944355011,0.6124348044395447,0.47456246614456177,0.6145025491714478,0.47369247674942017,0.6090644001960754,0.4799005091190338,0.6100482940673828,0.4796406924724579,0.6135125756263733,0.4766552448272705,0.6288634538650513,0.47051018476486206,0.5795380473136902,0.5124204754829407,0.6166805624961853,0.49131473898887634,0.5433933734893799,0.5354734659194946,0.5935095548629761,0.47802138328552246,0.5308213233947754,0.5415462255477905,0.5899150371551514,0.4754472076892853,0.5315322875976562,0.5406150221824646,0.5815908908843994,0.47244763374328613,0.5362899303436279,0.5363204479217529,0.5827766060829163,0.4724109470844269,0.6190340518951416,0.5136585831642151,0.6266770958900452,0.5140621066093445,0.5579310059547424,0.5422797799110413,0.5687010884284973,0.5282444953918457,0.5111131072044373,0.5796968936920166,0.5089889168739319,0.5724852681159973,0.510297417640686,0.5916194319725037,0.5045075416564941,0.5850450992584229,0.48514384031295776,0.5750049352645874,0.48535826802253723,0.5720257759094238
ini_085.png,inicio,0.6083706617355347,0.4310658872127533,0.6189747452735901,0.420013964176178,0.6242423057556152,0.41947418451309204,0.6317858695983887,0.41912251710891724,0.6086416840553284,0.42148730158805847,0.6064993143081665,0.42177197337150574,0.6045190095901489,0.42198485136032104,0.6520865559577942,0.4258577227592468,0.6156532168388367,0.42752641439437866,0.6217377781867981,0.44299960136413574,0.6094491481781006,0.4434479773044586,0.6646973490715027,0.4830407500267029,0.6171106696128845,0.47679024934768677,0.633294939994812,0.5569515824317932,0.5787762999534607,0.5324469804763794,0.5555949807167053,0.596625804901123,0.5146867036819458,0.5620839595794678,0.5358389019966125,0.6118782162666321,0.48735329508781433,0.5715985894203186,0.5266719460487366,0.5986989736557007,0.48395979404449463,0.5708248615264893,0.5340427160263062,0.5938701033592224,0.4940493106842041,0.5701448321342468,0.5913565158843994,0.6197987198829651,0.564513087272644,0.6008532047271729,0.4150877594947815,0.638446033000946,0.40237006545066833,0.6198855638504028,0.4477085769176483,0.7662756443023682,0.4346195459365845,0.7220780849456787,0.46465983986854553,0.7858900427818298,0.45276114344596863,0.7431225776672363,0.3767109215259552,0.7904161214828491,0.37647756934165955,0.7646797299385071
ini_086.png,inicio,0.6065503358840942,0.43527016043663025,0.6181297898292542,0.42434120178222656,0.6241350769996643,0.42377594113349915,0.6306623220443726,0.4232698082923889,0.6070504188537598,0.42607519030570984,0.6042764186859131,0.42655545473098755,0.6016441583633423,0.42688751220703125,0.6529293060302734,0.42957836389541626,0.6138938069343567,0.43099382519721985,0.6215674877166748,0.44868290424346924,0.6061927676200867,0.4480929970741272,0.6628453731536865,0.48617926239967346,0.612350344657898,0.481032133102417,0.6384708881378174,0.5558169484138489,0.5732784271240234,0.5351488590240479,0.5629057288169861,0.5937015414237976,0.5135558247566223,0.5592733025550842,0.5426110029220581,0.6054881811141968,0.4880971610546112,0.5685251355171204,0.5399225354194641,0.6000564694404602,0.48582348227500916,0.5677878260612488,0.5478802919387817,0.5958282947540283,0.4969998300075531,0.565325140953064,0.5831629037857056,0.6201550364494324,0.558451771736145,0.6027345657348633,0.4156308174133301,0.6412743926048279,0.4043824076652527,0.6243372559547424,0.44982457160949707,0.7680776119232178,0.4356663227081299,0.7381637692451477,0.4670436680316925,0.7899225354194641,0.4433635473251343,0.7468892931938171,0.37895581126213074,0.7918853163719177,0.37733182311058044,0.7698483467102051
ini_087.png,inicio,0.6170513033866882,0.45320990681648254,0.627586841583252,0.44217729568481445,0.6325579881668091,0.44166865944862366,0.638340175151825,0.44108864665031433,0.6192729473114014,0.4429497718811035,0.6178533434867859,0.4429916739463806,0.6166282296180725,0.4429943561553955,0.6627017259597778,0.44642147421836853,0.6330544948577881,0.44719910621643066,0.6288411617279053,0.46501588821411133,0.6183927655220032,0.46508631110191345,0.6746983528137207,0.5020086765289307,0.6281737685203552,0.4979570209980011,0.6463274359703064,0.5706230998039246,0.5865287780761719,0.5516365766525269,0.5843188762664795,0.6099631786346436,0.526519775390625,0.578174352645874,0.5676388740539551,0.6263039112091064,0.5010174512863159,0.5869373679161072,0.5597525835037231,0.6215953230857849,0.49650949239730835,0.5846121907234192,0.5659512281417847,0.6163045167922974,0.5065326690673828,0.583726704120636,0.6024196743965149,0.6393834352493286,0.5797292590141296,0.6220009922981262,0.42825695872306824,0.6568281054496765,0.4203876256942749,0.6393915414810181,0.4627588391304016,0.7841027975082397,0.44168880581855774,0.757061779499054,0.47971686720848083,0.8050202131271362,0.45093420147895813,0.7648215293884277,0.3916395902633667,0.808265209197998,0.3810911178588867,0.7906169295310974
ini_088.png,inicio,0.5939386487007141,0.4611378312110901,0.5987498760223389,0.45303598046302795,0.6002385020256042,0.4531923830509186,0.601862370967865,0.45345112681388855,0.5979618430137634,0.45263564586639404,0.598875880241394,0.4525284171104431,0.6000892519950867,0.4525194764137268,0.6208256483078003,0.459492951631546,0.6168723106384277,0.45833757519721985,0.600784420967102,0.47313427925109863,0.6007634401321411,0.4732823371887207,0.6360256671905518,0.5231536030769348,0.6233160495758057,0.5144960284233093,0.6005669236183167,0.5976049900054932,0.573665976524353,0.5684042572975159,0.5251742005348206,0.6248774528503418,0.5095123648643494,0.5929114818572998,0.5023102760314941,0.6370002627372742,0.4830859899520874,0.5962111949920654,0.4958023130893707,0.6306752562522888,0.48147642612457275,0.5959244966506958,0.5023733377456665,0.6264173984527588,0.4904744327068329,0.5958285331726074,0.5662097334861755,0.6634480357170105,0.5575059652328491,0.6485520601272583,0.38221025466918945,0.6607084274291992,0.4012935161590576,0.647222101688385,0.4032290279865265,0.7890816330909729,0.40337613224983215,0.7628279328346252,0.41531193256378174,0.8117862939834595,0.4289635419845581,0.7806775569915771,0.3343602418899536,0.7968150973320007,0.34987080097198486,0.7796739339828491
ini_089.png,inicio,0.6734266877174377,0.43841469287872314,0.6748194098472595,0.4287493824958801,0.6769048571586609,0.4289894104003906,0.6769011616706848,0.42907971143722534,0.6756973266601562,0.4279312491416931,0.6787516474723816,0.42788243293762207,0.6796820163726807,0.42776989936828613,0.6868028044700623,0.4333394169807434,0.6918007135391235,0.43383246660232544,0.6750895380973816,0.4481962323188782,0.6771038174629211,0.44779065251350403,0.6978846192359924,0.5055209398269653,0.6994888782501221,0.5052684545516968,0.6516887545585632,0.5876777768135071,0.6397412419319153,0.553584635257721,0.5741068124771118,0.6180493235588074,0.588114321231842,0.5829504728317261,0.5691767334938049,0.6289705634117126,0.5640769600868225,0.585923433303833,0.5616301894187927,0.6208818554878235,0.559413492679596,0.5828208923339844,0.5645517110824585,0.6164581775665283,0.5696179866790771,0.5845748782157898,0.6263037919998169,0.6420776844024658,0.6359311938285828,0.6332550644874573,0.4305826723575592,0.643941342830658,0.4931350350379944,0.6205940246582031,0.4398656487464905,0.7740801572799683,0.45561501383781433,0.7410338521003723,0.4527823328971863,0.7994189858436584,0.5020691156387329,0.7549635171890259,0.37355637550354004,0.7770622968673706,0.4005955159664154,0.7608026266098022
ini_090.png,inicio,0.6063263416290283,0.44106096029281616,0.6180775165557861,0.43734556436538696,0.6196681261062622,0.4382273554801941,0.6212053298950195,0.43914180994033813,0.6090075373649597,0.43476182222366333,0.6090732216835022,0.4349747896194458,0.6095080971717834,0.43545493483543396,0.6300597786903381,0.45021456480026245,0.6229109168052673,0.4426521062850952,0.6052119135856628,0.45270636677742004,0.6032545566558838,0.4516862630844116,0.6292014122009277,0.506130576133728,0.6275954842567444,0.5065092444419861,0.5945746898651123,0.5819684863090515,0.5846930742263794,0.5572302937507629,0.5055925846099854,0.6133953332901001,0.5359144806861877,0.5813361406326294,0.4973374307155609,0.6194866299629211,0.5143089890480042,0.586808979511261,0.48897722363471985,0.612140417098999,0.5091848373413086,0.586932897567749,0.4922535717487335,0.6082909107208252,0.523635983467102,0.5817885994911194,0.5630099177360535,0.6411839127540588,0.5659310221672058,0.637008786201477,0.3737417459487915,0.6467731595039368,0.40363672375679016,0.640736997127533,0.38322654366493225,0.774802565574646,0.3891424238681793,0.7577207088470459,0.3986285924911499,0.7994807958602905,0.41486355662345886,0.78209388256073,0.31897294521331787,0.7799310088157654,0.3401256799697876,0.7815151810646057
ini_091.png,inicio,0.6012680530548096,0.4484837055206299,0.6029556393623352,0.43763887882232666,0.6053903698921204,0.43812358379364014,0.6059504151344299,0.43850651383399963,0.6036823987960815,0.4365771412849426,0.6044899225234985,0.43613606691360474,0.60781329870224,0.4364275336265564,0.6200687885284424,0.4418576657772064,0.6225133538246155,0.4408795237541199,0.6035453081130981,0.45942145586013794,0.6051783561706543,0.4589068293571472,0.6290263533592224,0.5140843391418457,0.6334092617034912,0.5089937448501587,0.5875136852264404,0.5915448069572449,0.5821067690849304,0.5605592727661133,0.5068917870521545,0.6219372153282166,0.5291230082511902,0.582328200340271,0.4909241199493408,0.6315128207206726,0.5076749920845032,0.5865727663040161,0.48324570059776306,0.6202943325042725,0.5062426328659058,0.5871727466583252,0.4910426139831543,0.6181594729423523,0.5103397965431213,0.5879335403442383,0.5543869733810425,0.6574925184249878,0.5612783432006836,0.6418761610984802,0.3762487471103668,0.6520866751670837,0.4295622706413269,0.6126397848129272,0.39012351632118225,0.7802784442901611,0.44339391589164734,0.7123422026634216,0.40377771854400635,0.800377607345581,0.45875340700149536,0.7295327186584473,0.32742467522621155,0.7832703590393066,0.3973306715488434,0.7317431569099426
ini_092.png,inicio,0.5957376956939697,0.45791560411453247,0.6077979207038879,0.4517258405685425,0.6099648475646973,0.4522289037704468,0.6120710968971252,0.4527575969696045,0.6067228317260742,0.44560325145721436,0.6069122552871704,0.44560784101486206,0.6073983907699585,0.4459858536720276,0.6246765851974487,0.46109694242477417,0.621491551399231,0.45633256435394287,0.5981281399726868,0.4688372313976288,0.5953269600868225,0.4681292772293091,0.6312056183815002,0.5137589573860168,0.6261458396911621,0.5169062614440918,0.5816718339920044,0.5932483077049255,0.5764352083206177,0.5755527019500732,0.4997286796569824,0.6259680986404419,0.522968053817749,0.5917553901672363,0.4871881902217865,0.6349217891693115,0.5058863162994385,0.5973064303398132,0.48219141364097595,0.6287842392921448,0.5035508871078491,0.5921347737312317,0.4879838228225708,0.6222435235977173,0.5138264298439026,0.5923841595649719,0.5557003617286682,0.6520467400550842,0.5581085085868835,0.6447030901908875,0.37748730182647705,0.6505060195922852,0.42208895087242126,0.6224594712257385,0.3883250057697296,0.7786728143692017,0.4376818537712097,0.7240318655967712,0.4013899266719818,0.7982937097549438,0.4537501633167267,0.7413317561149597,0.32702332735061646,0.784579336643219,0.39042240381240845,0.7455096244812012
ini_093.png,inicio,0.6049875617027283,0.44465282559394836,0.6093375086784363,0.4375843405723572,0.6120048761367798,0.4380820095539093,0.6135937571525574,0.4382340610027313,0.6090409755706787,0.43764007091522217,0.6098553538322449,0.43773791193962097,0.6110525131225586,0.4377392530441284,0.6393533945083618,0.4487724304199219,0.635787844657898,0.44669288396835327,0.6079514622688293,0.4572330415248871,0.610055685043335,0.45947265625,0.6368052959442139,0.5138014554977417,0.6339288353919983,0.5113991498947144,0.5928198099136353,0.5953224301338196,0.5868998169898987,0.5704267621040344,0.5056243538856506,0.6190494298934937,0.5288428068161011,0.5820612907409668,0.48462435603141785,0.6327038407325745,0.5054994821548462,0.5880644917488098,0.48467153310775757,0.6248812675476074,0.503643274307251,0.5882850289344788,0.49100086092948914,0.6206024289131165,0.5137088298797607,0.583562433719635,0.5496341586112976,0.6600409746170044,0.5548597574234009,0.650410532951355,0.3701123297214508,0.6497588753700256,0.3947080075740814,0.64360111951828,0.38447168469429016,0.7779421806335449,0.3923525810241699,0.7581159472465515,0.39761364459991455,0.801006019115448,0.40309563279151917,0.7797622680664062,0.32154789566993713,0.7806648015975952,0.3345063328742981,0.7699204683303833
ini_094.png,inicio,0.5934584736824036,0.45718830823898315,0.6037219762802124,0.44515636563301086,0.6042938232421875,0.4453772008419037,0.6074510216712952,0.4463920593261719,0.6038966774940491,0.4446670413017273,0.60457444190979,0.4446689486503601,0.6053032875061035,0.44489434361457825,0.6251140236854553,0.4583202302455902,0.6227195858955383,0.45565134286880493,0.5964083075523376,0.46859192848205566,0.5938607454299927,0.46759164333343506,0.6302985548973083,0.5156147480010986,0.628668487071991,0.5154491662979126,0.5874479413032532,0.5919421911239624,0.5796910524368286,0.5653479695320129,0.5014076828956604,0.6216183304786682,0.5268493890762329,0.5882371664047241,0.48256349563598633,0.6319756507873535,0.5038706064224243,0.5926960706710815,0.4735880196094513,0.6218014359474182,0.5002044439315796,0.587785005569458,0.4790419340133667,0.6196852326393127,0.5097504258155823,0.5887241959571838,0.551417887210846,0.6501997113227844,0.5629671812057495,0.6466169357299805,0.37080997228622437,0.650890052318573,0.39951425790786743,0.6481019258499146,0.3852567672729492,0.7848668098449707,0.39324215054512024,0.7624319195747375,0.39778900146484375,0.8113240599632263,0.4251651167869568,0.7817472219467163,0.31955236196517944,0.7836092710494995,0.34746402502059937,0.7772474884986877
ini_095.png,inicio,0.5825555324554443,0.44979041814804077,0.5946229100227356,0.4350467920303345,0.59441739320755,0.4350578486919403,0.5939331650733948,0.4352499842643738,0.5955401659011841,0.43425247073173523,0.5959168076515198,0.4339393973350525,0.5960798263549805,0.43394461274147034,0.6039469838142395,0.44028276205062866,0.6075317859649658,0.4476313591003418,0.5841644406318665,0.45975008606910706,0.5829764008522034,0.45910724997520447,0.6160839796066284,0.5019575357437134,0.60732102394104,0.4960525631904602,0.5848535895347595,0.5757890939712524,0.5749425292015076,0.5533972978591919,0.49609360098838806,0.6165072321891785,0.5274588465690613,0.5823671817779541,0.49367064237594604,0.6257448792457581,0.5103557109832764,0.5832135081291199,0.4761870503425598,0.6167702674865723,0.5070046186447144,0.5826312899589539,0.48207008838653564,0.6132785677909851,0.5108236074447632,0.5830544233322144,0.5512294769287109,0.6387125253677368,0.556100606918335,0.6348792910575867,0.3673838973045349,0.649915874004364,0.4035262167453766,0.6384198665618896,0.37655913829803467,0.7775370478630066,0.38399264216423035,0.7587718367576599,0.3906373083591461,0.8028620481491089,0.42000603675842285,0.7727199196815491,0.3071763217449188,0.7822874784469604,0.34795939922332764,0.7723109126091003
ini_096.png,inicio,0.587068498134613,0.4554004371166229,0.5879726409912109,0.4453994035720825,0.5905300974845886,0.44581031799316406,0.5911067724227905,0.44603168964385986,0.5891281962394714,0.4445551037788391,0.5902085304260254,0.4440852999687195,0.5912081003189087,0.4438937306404114,0.6048527359962463,0.45133689045906067,0.6073068380355835,0.45715251564979553,0.5903267860412598,0.46632978320121765,0.5917447209358215,0.4654146432876587,0.6160175800323486,0.5244066119194031,0.6187291145324707,0.5212435722351074,0.5676334500312805,0.6082194447517395,0.5659031867980957,0.5742902755737305,0.48208993673324585,0.6357521414756775,0.5092484951019287,0.5912836790084839,0.4609661102294922,0.6451374292373657,0.48817306756973267,0.5965234637260437,0.4514964818954468,0.6366177201271057,0.48907697200775146,0.5940205454826355,0.4616754651069641,0.6344606280326843,0.4941858649253845,0.5941531658172607,0.5410857796669006,0.6672715544700623,0.5444433093070984,0.6553271412849426,0.35927191376686096,0.6575332880020142,0.3830837607383728,0.6450805068016052,0.3746156692504883,0.7853987812995911,0.38067418336868286,0.7633542418479919,0.3858158588409424,0.8038197159767151,0.38751304149627686,0.7838352918624878,0.31529343128204346,0.7884856462478638,0.3302322030067444,0.7748502492904663
ini_097.png,inicio,0.5844541788101196,0.3736006021499634,0.5911141633987427,0.3658316135406494,0.5929625630378723,0.3662102520465851,0.5950450301170349,0.3667027950286865,0.5889838337898254,0.3650907874107361,0.5896319150924683,0.3650502860546112,0.5914846658706665,0.3653181791305542,0.6139276623725891,0.37553566694259644,0.6069765090942383,0.373324453830719,0.5874464511871338,0.38564181327819824,0.5865126252174377,0.38579660654067993,0.6207149028778076,0.4394545555114746,0.600671112537384,0.42968136072158813,0.5799742341041565,0.5156378746032715,0.5515965223312378,0.48483988642692566,0.4981693625450134,0.5431942343711853,0.4884360432624817,0.5084960460662842,0.4733942747116089,0.5542343258857727,0.4667244553565979,0.5126743912696838,0.4631173610687256,0.5454314351081848,0.464171826839447,0.5124534368515015,0.47198498249053955,0.5410272479057312,0.47233346104621887,0.5119590163230896,0.5356948971748352,0.5786435604095459,0.528599739074707,0.558862566947937,0.35219332575798035,0.5797837972640991,0.3643794655799866,0.5621755123138428,0.37391674518585205,0.7128332853317261,0.3899729549884796,0.6721177697181702,0.39136239886283875,0.7351345419883728,0.40847307443618774,0.6901354789733887,0.3114238977432251,0.7323111891746521,0.3411146402359009,0.6915298104286194
ini_098.png,inicio,0.5752454400062561,0.38045191764831543,0.5795515775680542,0.37020692229270935,0.5803775191307068,0.37000977993011475,0.5812407732009888,0.36988019943237305,0.5798859596252441,0.36987626552581787,0.5809813737869263,0.3694419860839844,0.5822058916091919,0.36909037828445435,0.5981166362762451,0.3743745684623718,0.5981479287147522,0.3730531930923462,0.580374538898468,0.39068251848220825,0.5799841284751892,0.39115771651268005,0.6145595908164978,0.441173255443573,0.5999689102172852,0.4329978823661804,0.5825816988945007,0.5164492726325989,0.5545915961265564,0.4877369999885559,0.49803176522254944,0.5479236841201782,0.48728862404823303,0.511481523513794,0.4754960834980011,0.5582655668258667,0.4635895788669586,0.5165780186653137,0.4693686366081238,0.5518280863761902,0.46092846989631653,0.5161884427070618,0.4819785952568054,0.5456637144088745,0.47059765458106995,0.5156128406524658,0.5385582447052002,0.5736690759658813,0.5351993441581726,0.5646747946739197,0.35565921664237976,0.5795769095420837,0.3712213635444641,0.5660682916641235,0.37858983874320984,0.7086784839630127,0.386228084564209,0.6758002042770386,0.39762744307518005,0.7323011159896851,0.40812742710113525,0.6914149522781372,0.31548789143562317,0.7303268909454346,0.3393963873386383,0.698562741279602
ini_099.png,inicio,0.5767566561698914,0.3874718248844147,0.5824848413467407,0.37825098633766174,0.5837567448616028,0.3784862458705902,0.5849863290786743,0.3788514733314514,0.5808026790618896,0.37739646434783936,0.5813369750976562,0.3771268129348755,0.582955539226532,0.37718039751052856,0.5999695658683777,0.3841648995876312,0.5986596345901489,0.38259756565093994,0.5797610282897949,0.39848387241363525,0.5799368023872375,0.3985769748687744,0.6142078042030334,0.4480045437812805,0.6000569462776184,0.43931686878204346,0.5787323117256165,0.5230093598365784,0.5478636026382446,0.4975450932979584,0.4978673756122589,0.5543525815010071,0.4818395674228668,0.5196270942687988,0.47651106119155884,0.5660009980201721,0.45837515592575073,0.5231953859329224,0.4714323580265045,0.5571081638336182,0.4553607702255249,0.5235371589660645,0.47957825660705566,0.5516958236694336,0.462258905172348,0.5243391990661621,0.544717013835907,0.5882951021194458,0.5334834456443787,0.5758935213088989,0.3534850776195526,0.5880674719810486,0.3738265931606293,0.5748552083969116,0.37401440739631653,0.723690390586853,0.3965146541595459,0.6847904920578003,0.3916027843952179,0.7441402077674866,0.4129219949245453,0.7040426135063171,0.3118656873703003,0.7419326901435852,0.3439001142978668,0.7027146816253662
ini_100.png,inicio,0.580510675907135,0.38174259662628174,0.5868350267410278,0.3730204701423645,0.5879323482513428,0.3732292354106903,0.588999330997467,0.37355101108551025,0.5864484310150146,0.3724285364151001,0.5873504281044006,0.3721466064453125,0.5883429050445557,0.3719105124473572,0.6061257123947144,0.3812218904495239,0.6035986542701721,0.3788139820098877,0.5846397280693054,0.39405807852745056,0.5831696391105652,0.39361560344696045,0.6144238710403442,0.44974976778030396,0.6042727828025818,0.43694108724594116,0.5773577094078064,0.5256197452545166,0.5535097122192383,0.4940527379512787,0.4936172664165497,0.5544512271881104,0.483653724193573,0.5160430073738098,0.4712185859680176,0.564649760723114,0.4583559036254883,0.5197408199310303,0.46692755818367004,0.5570409297943115,0.4562247395515442,0.5186519026756287,0.47852516174316406,0.5513596534729004,0.4654518961906433,0.5200284719467163,0.5420374870300293,0.5912273526191711,0.5408706665039062,0.5758447647094727,0.3508951961994171,0.5894672274589539,0.3888842761516571,0.5788140296936035,0.3737485110759735,0.7261742949485779,0.3964986503124237,0.6837564706802368,0.3921223282814026,0.747450053691864,0.41471394896507263,0.7018444538116455,0.31065797805786133,0.743243932723999,0.3493996560573578,0.6972582936286926
ini_101.png,inicio,0.5670132637023926,0.3861270546913147,0.573947548866272,0.3755296468734741,0.5758243203163147,0.3751952648162842,0.577729344367981,0.37508291006088257,0.572708785533905,0.3749377727508545,0.5735822916030884,0.37443649768829346,0.5745935440063477,0.37400174140930176,0.5977281332015991,0.37992340326309204,0.5939854979515076,0.3780631422996521,0.5732924938201904,0.3976392149925232,0.5727871656417847,0.3979366719722748,0.6077365279197693,0.4495101273059845,0.5975419282913208,0.43503934144973755,0.57365882396698,0.5308771133422852,0.5492167472839355,0.4903903901576996,0.4855886399745941,0.5556644201278687,0.48430919647216797,0.5145576596260071,0.46212244033813477,0.5656993389129639,0.46013855934143066,0.5201932191848755,0.45799046754837036,0.557333767414093,0.4574125111103058,0.5215325355529785,0.4675435423851013,0.5533021092414856,0.4663700461387634,0.5223437547683716,0.5336405634880066,0.588822603225708,0.5266968607902527,0.5654066205024719,0.3411727547645569,0.5893179774284363,0.36821499466896057,0.5760826468467712,0.36771878600120544,0.7220913171768188,0.3881714940071106,0.6838463544845581,0.38486915826797485,0.7444688081741333,0.40584784746170044,0.7000873684883118,0.3066186308860779,0.7407233715057373,0.3415316939353943,0.6983906030654907
ini_102.png,inicio,0.5626911520957947,0.39302927255630493,0.5688282251358032,0.38148027658462524,0.5705968737602234,0.3812692165374756,0.5723462700843811,0.3812105655670166,0.5688608884811401,0.3812938928604126,0.5702499151229858,0.3809666633605957,0.5717666149139404,0.380757212638855,0.5932461023330688,0.38688746094703674,0.5919526219367981,0.3856561779975891,0.5692481994628906,0.4041081964969635,0.5699028372764587,0.40484902262687683,0.6038775444030762,0.4551243185997009,0.5944819450378418,0.4433634281158447,0.5711184740066528,0.5329133868217468,0.5447450876235962,0.4972569942474365,0.4823666512966156,0.5627189874649048,0.4798547625541687,0.5213159918785095,0.4605170488357544,0.572050154209137,0.454787939786911,0.5266404747962952,0.4536636173725128,0.5644374489784241,0.4532523453235626,0.5269331932067871,0.46454423666000366,0.5592225193977356,0.46332401037216187,0.5258893370628357,0.5363922715187073,0.5930509567260742,0.5316202044487,0.5794810652732849,0.341378778219223,0.5931240320205688,0.3667849898338318,0.5798344612121582,0.36428970098495483,0.7275009751319885,0.38633614778518677,0.687329888343811,0.38201141357421875,0.7509818077087402,0.4038607180118561,0.7038736939430237,0.30281364917755127,0.7408503293991089,0.3394990563392639,0.70238196849823
ini_103.png,inicio,0.5733749866485596,0.46505606174468994,0.5797430276870728,0.4551425874233246,0.5817187428474426,0.4551863670349121,0.5841986536979675,0.4554128348827362,0.5783252716064453,0.45458561182022095,0.5792056918144226,0.45426124334335327,0.5802578330039978,0.4540374279022217,0.60578852891922,0.46132129430770874,0.6021170020103455,0.45971494913101196,0.5805780291557312,0.47763967514038086,0.5801762342453003,0.4779496192932129,0.6206545829772949,0.5281731486320496,0.6052383780479431,0.5203427672386169,0.583451509475708,0.6105918288230896,0.5513477325439453,0.5799642205238342,0.49691393971443176,0.643449604511261,0.47983765602111816,0.6000962853431702,0.47437402606010437,0.6578336954116821,0.45002469420433044,0.6070037484169006,0.46890702843666077,0.6493410468101501,0.44725272059440613,0.6064509749412537,0.4772064685821533,0.643744170665741,0.45831841230392456,0.6066288352012634,0.5293374061584473,0.6747896075248718,0.5246931314468384,0.6559126377105713,0.3389025926589966,0.680963397026062,0.3564658463001251,0.6586399674415588,0.3643266260623932,0.8234984278678894,0.3748529553413391,0.7780216932296753,0.3856557607650757,0.8497275114059448,0.40394914150238037,0.7988677024841309,0.2957128882408142,0.848723292350769,0.33191412687301636,0.8020538091659546
ini_104.png,inicio,0.5789046883583069,0.4610878825187683,0.5842490196228027,0.4524860978126526,0.5861482620239258,0.4528142213821411,0.5882031321525574,0.4533239006996155,0.5823508501052856,0.4515923857688904,0.5828931331634521,0.4512169361114502,0.5836583375930786,0.4509441554546356,0.6100286245346069,0.4624037742614746,0.6024908423423767,0.456773966550827,0.5854427218437195,0.47413313388824463,0.5843871831893921,0.47372522950172424,0.6203416585922241,0.5286154747009277,0.6088641881942749,0.5139948725700378,0.584845781326294,0.6055898666381836,0.5540786385536194,0.5725338459014893,0.5002021789550781,0.6402086615562439,0.48387694358825684,0.5989525318145752,0.47921374440193176,0.6533645391464233,0.4530397057533264,0.6040659546852112,0.4739178717136383,0.6439011096954346,0.4499693512916565,0.6035772562026978,0.4845952093601227,0.6383997797966003,0.46108323335647583,0.6036348938941956,0.5370367765426636,0.6746687889099121,0.5310542583465576,0.6527143716812134,0.33900898694992065,0.6802337765693665,0.36103710532188416,0.6583960056304932,0.36285465955734253,0.8217841386795044,0.373715877532959,0.7806404232978821,0.3808091878890991,0.8475000858306885,0.3959316611289978,0.8005454540252686,0.2946677803993225,0.8449815511703491,0.3253839612007141,0.7952988743782043
ini_105.png,inicio,0.6079652905464172,0.4557696580886841,0.6181426644325256,0.4458460807800293,0.6231628060340881,0.44590747356414795,0.6282618045806885,0.4460983872413635,0.6084093451499939,0.4462856352329254,0.6062977313995361,0.44645628333091736,0.6042987108230591,0.44659745693206787,0.6473341584205627,0.45418572425842285,0.6143590211868286,0.452603280544281,0.6201726794242859,0.4691336154937744,0.6072378754615784,0.4683576822280884,0.6516836881637573,0.5102720856666565,0.6129307150840759,0.5022009015083313,0.6166282296180725,0.576962411403656,0.5695158839225769,0.5556367635726929,0.5430847406387329,0.6147602200508118,0.5097499489784241,0.577489972114563,0.5248126983642578,0.626594066619873,0.4849563539028168,0.5845550894737244,0.5239303708076477,0.6202221512794495,0.48310405015945435,0.5831113457679749,0.5294554233551025,0.6151838898658752,0.49270814657211304,0.582275390625,0.5786367654800415,0.6424189805984497,0.5553639531135559,0.6192290186882019,0.4046536087989807,0.6532822847366333,0.4050145149230957,0.6357963681221008,0.43652233481407166,0.780315637588501,0.42999395728111267,0.7366405725479126,0.45433446764945984,0.8009330034255981,0.43981558084487915,0.7448738813400269,0.371590256690979,0.8133276700973511,0.37493160367012024,0.7654527425765991
ini_106.png,inicio,0.6057168841362,0.4610479474067688,0.6169548034667969,0.451337993144989,0.6238985657691956,0.4516223073005676,0.6310989856719971,0.4520547389984131,0.605060875415802,0.4515617787837982,0.6021227240562439,0.45163702964782715,0.5994033217430115,0.4516602158546448,0.6500027179718018,0.45971930027008057,0.6089612245559692,0.45740240812301636,0.6187875866889954,0.47484004497528076,0.6030879020690918,0.47326362133026123,0.6506616473197937,0.5117770433425903,0.6091698408126831,0.5034432411193848,0.6156629323959351,0.5771268010139465,0.5668253302574158,0.5571306943893433,0.5474346876144409,0.6146857142448425,0.5091333389282227,0.5797454714775085,0.53130042552948,0.6286329030990601,0.4844159185886383,0.5871904492378235,0.5279334783554077,0.6241426467895508,0.48142310976982117,0.585138201713562,0.5346549153327942,0.618536114692688,0.4913645088672638,0.5844087600708008,0.5702050924301147,0.6364020109176636,0.5470633506774902,0.615593671798706,0.40339395403862,0.6527798175811768,0.40405207872390747,0.6361679434776306,0.43488427996635437,0.7770588994026184,0.4277206063270569,0.7341252565383911,0.45686599612236023,0.7989820837974548,0.44186627864837646,0.7536947727203369,0.3719806969165802,0.8136173486709595,0.3712616264820099,0.7644952535629272
ini_107.png,inicio,0.6017683148384094,0.4559561014175415,0.6140511631965637,0.4465787410736084,0.6185745000839233,0.4466004967689514,0.624182939529419,0.4467530846595764,0.6052132844924927,0.4467775821685791,0.6033823490142822,0.44679689407348633,0.6017706394195557,0.44682714343070984,0.6448906660079956,0.453482985496521,0.6163892149925232,0.45238661766052246,0.6132689714431763,0.46833235025405884,0.6016055941581726,0.46859484910964966,0.6548748016357422,0.5136206150054932,0.6134104132652283,0.5026206970214844,0.6208264231681824,0.5839412808418274,0.5733778476715088,0.556282639503479,0.5427796840667725,0.6180074214935303,0.5143141150474548,0.5812931656837463,0.5234172940254211,0.631985604763031,0.4884854555130005,0.5891866683959961,0.5164647102355957,0.6241551041603088,0.4856685400009155,0.5877184867858887,0.5226619839668274,0.6185940504074097,0.49568548798561096,0.5870620608329773,0.5796096324920654,0.6408266425132751,0.5538439154624939,0.6181628704071045,0.4066193699836731,0.6534978747367859,0.4031904637813568,0.6335844397544861,0.43202173709869385,0.7766588926315308,0.42261990904808044,0.7400115728378296,0.44765663146972656,0.7971869111061096,0.43542927503585815,0.758212149143219,0.3718235194683075,0.8120495080947876,0.37115615606307983,0.7700191736221313
ini_108.png,inicio,0.6056427955627441,0.45932263135910034,0.6169343590736389,0.44887062907218933,0.6216329336166382,0.44876426458358765,0.6266816258430481,0.44878438115119934,0.6088988184928894,0.44935736060142517,0.607189953327179,0.4493049383163452,0.6055973172187805,0.4491620659828186,0.6471789479255676,0.45592281222343445,0.6207364797592163,0.45459145307540894,0.6174596548080444,0.47136998176574707,0.6057513356208801,0.47131800651550293,0.6575578451156616,0.512566328048706,0.6130936145782471,0.5021044611930847,0.623806357383728,0.5826511979103088,0.567679226398468,0.5570024251937866,0.5476662516593933,0.617080807685852,0.5094989538192749,0.5823037028312683,0.5296066403388977,0.632107138633728,0.48198840022087097,0.5904242396354675,0.5245944857597351,0.6257596015930176,0.4777999818325043,0.5898612141609192,0.5300413370132446,0.6194242835044861,0.486935555934906,0.5881873965263367,0.5790886878967285,0.6395758390426636,0.552742600440979,0.6186496615409851,0.40667998790740967,0.6548784375190735,0.4037262797355652,0.6339552402496338,0.4318827986717224,0.7739830017089844,0.4198773205280304,0.7334823608398438,0.44837698340415955,0.7948265075683594,0.4381844997406006,0.7459287047386169,0.3698376417160034,0.8109900951385498,0.3694714605808258,0.7685467600822449
ini_109.png,inicio,0.6040691137313843,0.4590435028076172,0.6159840226173401,0.44840672612190247,0.6224623322486877,0.4479745030403137,0.6298721432685852,0.4476320147514343,0.6040545701980591,0.44975411891937256,0.6010481119155884,0.4501335620880127,0.5983157753944397,0.45044487714767456,0.6528607606887817,0.4541407525539398,0.6077248454093933,0.4554884135723114,0.6186639070510864,0.4711640179157257,0.6024391651153564,0.4716823697090149,0.6563013792037964,0.5086807608604431,0.6113378405570984,0.5017514228820801,0.622857928276062,0.5760180950164795,0.5728859305381775,0.5546796321868896,0.548673152923584,0.6143032312393188,0.5150403380393982,0.5815569758415222,0.5313448905944824,0.6296628713607788,0.4895172417163849,0.5906640291213989,0.5244176983833313,0.6231130361557007,0.48536917567253113,0.5901690721511841,0.5312241315841675,0.6163612008094788,0.49559637904167175,0.5891757011413574,0.579531729221344,0.6387779712677002,0.555466890335083,0.6193187236785889,0.4049224853515625,0.6519697904586792,0.39893877506256104,0.6331075429916382,0.4317094087600708,0.7759009003639221,0.42010244727134705,0.7404084801673889,0.4486727714538574,0.7966817021369934,0.43719276785850525,0.7536718845367432,0.3710034489631653,0.8147470951080322,0.36666297912597656,0.7736256122589111
ini_110.png,inicio,0.5525261759757996,0.48643413186073303,0.5578556060791016,0.4775412678718567,0.5595442056655884,0.4776018261909485,0.5613919496536255,0.47787365317344666,0.557299792766571,0.476989209651947,0.5585293173789978,0.47665873169898987,0.5599081516265869,0.47650301456451416,0.5794240832328796,0.4847419261932373,0.5763605833053589,0.48269379138946533,0.5588440895080566,0.497367799282074,0.5583930015563965,0.4977441430091858,0.5886600017547607,0.5537848472595215,0.5796284079551697,0.5408006906509399,0.5541454553604126,0.6304386258125305,0.5427480340003967,0.5968093872070312,0.4703976809978485,0.6487262845039368,0.4771621823310852,0.6124688386917114,0.4463792145252228,0.6549548506736755,0.4564403295516968,0.6164560317993164,0.44360479712486267,0.6471923589706421,0.45570123195648193,0.6154650449752808,0.45428451895713806,0.6432664394378662,0.4615023136138916,0.6157587766647339,0.5113081932067871,0.6768903732299805,0.505329966545105,0.6593486070632935,0.3420071601867676,0.674777090549469,0.36312252283096313,0.6563957333564758,0.35979437828063965,0.8037442564964294,0.3819243311882019,0.7683203220367432,0.3770230710506439,0.8257757425308228,0.3988170027732849,0.7903996706008911,0.29845231771469116,0.820793867111206,0.34018000960350037,0.7880293130874634
ini_111.png,inicio,0.553914487361908,0.48937106132507324,0.5576580762863159,0.47979816794395447,0.5592541694641113,0.479627788066864,0.5611342191696167,0.47969821095466614,0.5570787787437439,0.47950828075408936,0.5582990050315857,0.4791344404220581,0.5604565739631653,0.4787167012691498,0.5829914212226868,0.4851750135421753,0.5794880390167236,0.48356831073760986,0.5609812140464783,0.4990905225276947,0.5600321292877197,0.49937117099761963,0.5979021787643433,0.5463955998420715,0.5833635330200195,0.53923499584198,0.5639267563819885,0.6235293745994568,0.5412319898605347,0.5955386757850647,0.48064351081848145,0.6461153626441956,0.48207589983940125,0.6113039255142212,0.46057599782943726,0.6572882533073425,0.46213003993034363,0.6154787540435791,0.4556836783885956,0.6502643823623657,0.4615339934825897,0.6155644059181213,0.45907413959503174,0.6423839330673218,0.4675619900226593,0.6159734129905701,0.523427426815033,0.6712998747825623,0.5150772929191589,0.6633842587471008,0.34968820214271545,0.6749585270881653,0.36873579025268555,0.6680452823638916,0.3656727075576782,0.8033782243728638,0.38573092222213745,0.7733457684516907,0.38176214694976807,0.8244129419326782,0.4027474522590637,0.7912831902503967,0.3015788793563843,0.822331964969635,0.3260108232498169,0.8019112944602966
ini_112.png,inicio,0.5623863935470581,0.48494449257850647,0.5685760974884033,0.47749412059783936,0.5709683299064636,0.4776173233985901,0.5743463635444641,0.47812002897262573,0.5660974383354187,0.47704827785491943,0.5666152834892273,0.4767882823944092,0.567350447177887,0.47672125697135925,0.5980392694473267,0.4874512851238251,0.5818003416061401,0.48388028144836426,0.5690773725509644,0.49540355801582336,0.5660256147384644,0.49586254358291626,0.5974996089935303,0.5511535406112671,0.5768815875053406,0.5429808497428894,0.5600816011428833,0.6242973208427429,0.5329145193099976,0.5945798754692078,0.47933754324913025,0.6477281451225281,0.4773111045360565,0.6139940619468689,0.45818760991096497,0.6595999598503113,0.45831528306007385,0.6175484657287598,0.4504093527793884,0.652830183506012,0.45711490511894226,0.6171473264694214,0.46128717064857483,0.6470426321029663,0.46367326378822327,0.6180751323699951,0.5185384154319763,0.6718891859054565,0.5149875283241272,0.6645216941833496,0.3494117259979248,0.6735354065895081,0.3723125457763672,0.6739879846572876,0.3673853278160095,0.7916879653930664,0.38574308156967163,0.7755322456359863,0.383792519569397,0.8175877332687378,0.4022085666656494,0.7961529493331909,0.3078860640525818,0.8167932033538818,0.3426564931869507,0.7978739738464355
ini_113.png,inicio,0.5573058724403381,0.48557406663894653,0.5620530247688293,0.4764338731765747,0.5631453990936279,0.47642701864242554,0.5643863081932068,0.476601243019104,0.5626336336135864,0.475954532623291,0.5641616582870483,0.4756086468696594,0.5659245848655701,0.47542670369148254,0.582539975643158,0.4829890727996826,0.5826102495193481,0.4809827208518982,0.5619412064552307,0.49683910608291626,0.5615695714950562,0.4973105192184448,0.5946860909461975,0.5499639511108398,0.5837198495864868,0.5400427579879761,0.563275933265686,0.6272067427635193,0.5451964735984802,0.5985353589057922,0.48071399331092834,0.6473691463470459,0.4837501049041748,0.6111721992492676,0.45696088671684265,0.6591183543205261,0.46218496561050415,0.6161370277404785,0.45350804924964905,0.6512147188186646,0.4603651762008667,0.61672443151474,0.45768189430236816,0.6440864205360413,0.46655306220054626,0.6153846979141235,0.5178239345550537,0.677000880241394,0.514209508895874,0.6627004146575928,0.3481084406375885,0.6754017472267151,0.36030736565589905,0.6675790548324585,0.3652411103248596,0.8028132319450378,0.3874620199203491,0.7755030989646912,0.3836992383003235,0.8261904120445251,0.4086112082004547,0.7917908430099487,0.3035133183002472,0.8205996751785278,0.3483981192111969,0.7948967218399048
ini_114.png,inicio,0.5578705072402954,0.48527657985687256,0.5624988675117493,0.4764471650123596,0.5643725991249084,0.4764654040336609,0.5662513971328735,0.4766371548175812,0.5625254511833191,0.47579225897789,0.5638769865036011,0.4753328561782837,0.5653648376464844,0.4750251770019531,0.5862848162651062,0.4831070899963379,0.5827608108520508,0.48118552565574646,0.5644456744194031,0.4956769347190857,0.5638676881790161,0.49518316984176636,0.5985338687896729,0.5469274520874023,0.583768367767334,0.5366723537445068,0.5660898685455322,0.61995929479599,0.5457279086112976,0.5930606126785278,0.48257333040237427,0.6485601663589478,0.4891260862350464,0.6082435250282288,0.45827874541282654,0.6596215963363647,0.46705353260040283,0.6131064891815186,0.45340001583099365,0.6521064639091492,0.465853750705719,0.6129611730575562,0.4612157940864563,0.6482869386672974,0.474057674407959,0.6131768822669983,0.5212589502334595,0.6727469563484192,0.5112752318382263,0.6564295887947083,0.34813106060028076,0.6728253960609436,0.3661990165710449,0.6634253263473511,0.36421701312065125,0.8016594052314758,0.3870627284049988,0.7695059776306152,0.38037994503974915,0.8236680626869202,0.4069167971611023,0.7900171875953674,0.30267098546028137,0.8218937516212463,0.34101319313049316,0.7942665219306946
mid_001.png,medio,0.7159857749938965,0.46829819679260254,0.7218414545059204,0.45987552404403687,0.7227746844291687,0.4597078859806061,0.7235819697380066,0.4596303701400757,0.7216600179672241,0.4596231281757355,0.7224871516227722,0.4594956636428833,0.723369300365448,0.45960733294487,0.7434460520744324,0.4615543484687805,0.7395468950271606,0.4668538570404053,0.7259654402732849,0.4743560552597046,0.7250142097473145,0.47488266229629517,0.778156578540802,0.540370762348175,0.7290925979614258,0.5225752592086792,0.7563164830207825,0.6349737048149109,0.6925565600395203,0.5929558277130127,0.7050197720527649,0.7399982213973999,0.6617247462272644,0.6188881993293762,0.6955510973930359,0.7709127068519592,0.635405957698822,0.6431757211685181,0.6757994294166565,0.7659183740615845,0.6300655603408813,0.6392630934715271,0.6762169003486633,0.7558863162994385,0.643449068069458,0.6368058919906616,0.6921866536140442,0.6983386874198914,0.6460713744163513,0.6771956086158752,0.537300169467926,0.6972820162773132,0.46587494015693665,0.6986032724380493,0.43722769618034363,0.8097141981124878,0.3277833163738251,0.7740369439125061,0.44095805287361145,0.8309541940689087,0.3210178315639496,0.7983623147010803,0.3367278575897217,0.8355132937431335,0.24908429384231567,0.7490363121032715
mid_002.png,medio,0.6801431179046631,0.4509117305278778,0.6923110485076904,0.44571512937545776,0.6961178779602051,0.4466642439365387,0.6998682618141174,0.44765421748161316,0.68475741147995,0.43739208579063416,0.6838002800941467,0.4374614655971527,0.682901918888092,0.43771734833717346,0.7123111486434937,0.4556790888309479,0.6914647221565247,0.44793379306793213,0.6856462955474854,0.46212008595466614,0.6763545274734497,0.45928338170051575,0.7296556234359741,0.5066429376602173,0.6710463166236877,0.4985937178134918,0.7057819366455078,0.5894824266433716,0.6273316144943237,0.5551004409790039,0.639589250087738,0.6832065582275391,0.6025198698043823,0.5919841527938843,0.6320337653160095,0.7082003355026245,0.5801787376403809,0.6055448651313782,0.6142202615737915,0.7047443985939026,0.5890340209007263,0.5972071290016174,0.6157583594322205,0.7015127539634705,0.5917853713035583,0.5964014530181885,0.6500073075294495,0.6453956961631775,0.5974925756454468,0.6344268321990967,0.5405027270317078,0.6292364001274109,0.42194056510925293,0.6542641520500183,0.47993797063827515,0.7303549647331238,0.302213191986084,0.7300252914428711,0.48397645354270935,0.7493445873260498,0.28239405155181885,0.7495298385620117,0.4138491451740265,0.7606725692749023,0.22606489062309265,0.7090559005737305
mid_003.png,medio,0.6628220677375793,0.48060211539268494,0.6762431859970093,0.46125608682632446,0.6764265298843384,0.4612914025783539,0.6795847415924072,0.46319779753685,0.6759672164916992,0.46148306131362915,0.6760331392288208,0.4617365002632141,0.6759985089302063,0.4625679850578308,0.6958688497543335,0.4829152822494507,0.6840822696685791,0.476818323135376,0.6738862991333008,0.4781496822834015,0.6619735360145569,0.48888230323791504,0.7156302332878113,0.5344651937484741,0.6693827509880066,0.5251321792602539,0.6950721144676208,0.6203514933586121,0.6243507266044617,0.5950639247894287,0.6390585899353027,0.7034845948219299,0.5912010073661804,0.6363388299942017,0.6283770203590393,0.7275859713554382,0.5807583332061768,0.6521741151809692,0.6095492243766785,0.7238641381263733,0.5764124989509583,0.6483361124992371,0.6140663027763367,0.7138444185256958,0.5822552442550659,0.6440967917442322,0.6280900835990906,0.6649813652038574,0.5866727232933044,0.6517988443374634,0.48518383502960205,0.6713525056838989,0.42267268896102905,0.6651583909988403,0.3113934099674225,0.7744433879852295,0.30057740211486816,0.7330194115638733,0.3066929876804352,0.801813006401062,0.2935159504413605,0.752005934715271,0.22741277515888214,0.7774555683135986,0.23115944862365723,0.7103732228279114
mid_006.png,medio,0.672130286693573,0.4226284921169281,0.6823787689208984,0.4146609306335449,0.682780921459198,0.4150121212005615,0.6866418719291687,0.41748902201652527,0.6834122538566589,0.41378462314605713,0.6845178008079529,0.4137478768825531,0.6855970025062561,0.41428452730178833,0.7002859115600586,0.42474016547203064,0.7041234970092773,0.4312000870704651,0.6777867674827576,0.4334554076194763,0.677996039390564,0.4333438277244568,0.7202609777450562,0.5164248943328857,0.6814885139465332,0.49230021238327026,0.6750249862670898,0.6210839748382568,0.6260726451873779,0.5736955404281616,0.6161603927612305,0.7133848071098328,0.5701912045478821,0.6220741868019104,0.5995378494262695,0.7434586882591248,0.5550948977470398,0.6372648477554321,0.5806733965873718,0.7351343631744385,0.5469847917556763,0.6325223445892334,0.5860382318496704,0.724723219871521,0.5548107624053955,0.6296289563179016,0.5833296179771423,0.67560213804245,0.5658205151557922,0.6426730751991272,0.3872302770614624,0.6715072989463806,0.3914068639278412,0.6477711200714111,0.26457110047340393,0.7631403803825378,0.2864495515823364,0.7150618433952332,0.25463905930519104,0.7896369099617004,0.2676871716976166,0.7393800020217896,0.17794734239578247,0.7585580945014954,0.19695523381233215,0.6896229386329651
mid_007.png,medio,0.6774377226829529,0.41407400369644165,0.6881119608879089,0.4062509834766388,0.6884962320327759,0.4065476953983307,0.6933817863464355,0.40898871421813965,0.6890137195587158,0.4053792953491211,0.6899334788322449,0.40528804063796997,0.6911023855209351,0.4056745171546936,0.7075555324554443,0.41726434230804443,0.7137433290481567,0.4232137203216553,0.6837154626846313,0.4247303605079651,0.6835269331932068,0.42430663108825684,0.7263773083686829,0.5122929215431213,0.6824322938919067,0.48601359128952026,0.696715772151947,0.6149601340293884,0.625498354434967,0.5647342801094055,0.6203332543373108,0.7137861251831055,0.5716847777366638,0.6196955442428589,0.6039648056030273,0.7446891665458679,0.5558868050575256,0.6360471844673157,0.5826374292373657,0.7359424829483032,0.549915611743927,0.6329460740089417,0.5896295309066772,0.7237678170204163,0.5581530928611755,0.6301453113555908,0.5987184643745422,0.6704721450805664,0.5699576735496521,0.636141836643219,0.38143473863601685,0.6661040782928467,0.3879891633987427,0.642772912979126,0.2607072591781616,0.7605974674224854,0.2724904417991638,0.7143298387527466,0.255281925201416,0.7906195521354675,0.2682352066040039,0.7361336946487427,0.17672191560268402,0.7562350034713745,0.19171175360679626,0.6924518942832947
mid_008.png,medio,0.6684991717338562,0.4411294162273407,0.6830928921699524,0.43111395835876465,0.6864823698997498,0.4318755865097046,0.6898218989372253,0.4326924681663513,0.6803138256072998,0.42900732159614563,0.6808354258537292,0.42812812328338623,0.6813083291053772,0.4272398054599762,0.7080718278884888,0.43756991624832153,0.69855135679245,0.4304082989692688,0.6748549938201904,0.4533017575740814,0.6699426174163818,0.4507268965244293,0.7303377389907837,0.5060892701148987,0.6883820295333862,0.4798056483268738,0.6825149059295654,0.6046761870384216,0.632485032081604,0.5479080677032471,0.6154729127883911,0.7129320502281189,0.5902219414710999,0.593834400177002,0.6000098586082458,0.7443520426750183,0.5673457384109497,0.6074579358100891,0.5766187310218811,0.7371204495429993,0.56006920337677,0.603846549987793,0.579775333404541,0.7270955443382263,0.5680195689201355,0.6011844873428345,0.6187991499900818,0.651250422000885,0.5877238512039185,0.6235598921775818,0.4155878722667694,0.654344916343689,0.39997974038124084,0.6402298212051392,0.28124749660491943,0.7537602186203003,0.2837845981121063,0.7174756526947021,0.2736074924468994,0.7825741171836853,0.2687704861164093,0.7305862307548523,0.1847289651632309,0.7590909004211426,0.19501090049743652,0.6892247200012207
mid_009.png,medio,0.6846151351928711,0.4116721749305725,0.6925927400588989,0.40544557571411133,0.6929540038108826,0.4059409499168396,0.6933353543281555,0.40672868490219116,0.6938754916191101,0.4045500159263611,0.6950583457946777,0.40458250045776367,0.7057803869247437,0.4090575873851776,0.7128130197525024,0.4199591279029846,0.718428909778595,0.42473551630973816,0.6901381015777588,0.42347776889801025,0.6882410049438477,0.42238566279411316,0.7123706936836243,0.5153687596321106,0.6845194697380066,0.4899272918701172,0.6773325204849243,0.6226553320884705,0.6277533173561096,0.5671824216842651,0.6203725934028625,0.7172776460647583,0.568600594997406,0.597541868686676,0.6002069711685181,0.7465484142303467,0.5542764067649841,0.6106064915657043,0.5807180404663086,0.735977053642273,0.5495250225067139,0.6065109968185425,0.5874717831611633,0.7242814898490906,0.5560829043388367,0.6041764616966248,0.5985425710678101,0.6766695976257324,0.5684651136398315,0.6415055394172668,0.3924221098423004,0.667039692401886,0.393024742603302,0.6473584175109863,0.2643313407897949,0.7609641551971436,0.2840286195278168,0.7169570326805115,0.25778380036354065,0.7904880046844482,0.2763836979866028,0.7457627058029175,0.17540428042411804,0.756928563117981,0.19441747665405273,0.6943444013595581
mid_010.png,medio,0.6755933165550232,0.41244298219680786,0.6807807087898254,0.4042196273803711,0.6840691566467285,0.40562647581100464,0.6848247051239014,0.4063425362110138,0.6817159652709961,0.4034503698348999,0.6828666925430298,0.4033523201942444,0.6839708685874939,0.40363219380378723,0.6994197368621826,0.4170517325401306,0.7058035731315613,0.42632752656936646,0.6807991862297058,0.42366522550582886,0.6806188225746155,0.4235941767692566,0.7102588415145874,0.5171968936920166,0.6816930174827576,0.496874064207077,0.6790001392364502,0.6238241791725159,0.6306069493293762,0.57680344581604,0.6120893955230713,0.7161292433738708,0.5731284618377686,0.6281532645225525,0.5942456126213074,0.7443505525588989,0.5576959848403931,0.643822431564331,0.5761319994926453,0.7362465858459473,0.5509205460548401,0.6398417353630066,0.5819054841995239,0.7270822525024414,0.5580838322639465,0.6368585824966431,0.5836765170097351,0.6842560768127441,0.5622938871383667,0.6472922563552856,0.3832157850265503,0.6689977645874023,0.38983866572380066,0.6450600624084473,0.2632133662700653,0.7642554044723511,0.27832549810409546,0.7147216796875,0.25626876950263977,0.789730429649353,0.27185750007629395,0.7393883466720581,0.17794206738471985,0.7571215629577637,0.19580292701721191,0.6865922212600708
mid_012.png,medio,0.6655696034431458,0.41417229175567627,0.6726893782615662,0.40576982498168945,0.6740465760231018,0.4060182571411133,0.6778467893600464,0.4076956510543823,0.6725819110870361,0.40429577231407166,0.6737464666366577,0.40373682975769043,0.6751463413238525,0.4036281108856201,0.6955850124359131,0.4177740812301636,0.7028723359107971,0.42513778805732727,0.6747586727142334,0.42525503039360046,0.6736609935760498,0.42436882853507996,0.7087481617927551,0.5120938420295715,0.6808128356933594,0.4912794828414917,0.668792188167572,0.6225329637527466,0.6312430500984192,0.5777971744537354,0.6114638447761536,0.7119935750961304,0.5745508670806885,0.6331415772438049,0.5947648882865906,0.7405542135238647,0.5608958005905151,0.6494688987731934,0.5769913196563721,0.734051525592804,0.5532451272010803,0.6463598012924194,0.5817561745643616,0.7243114709854126,0.560137152671814,0.6431518793106079,0.5925697088241577,0.6770148277282715,0.560390055179596,0.6432763338088989,0.38121575117111206,0.66961270570755,0.38350236415863037,0.6445537209510803,0.2609672546386719,0.763242244720459,0.275439977645874,0.7167099714279175,0.2550804316997528,0.7901108860969543,0.2705715298652649,0.7384009957313538,0.1739850491285324,0.7576167583465576,0.1936165690422058,0.688587486743927
mid_013.png,medio,0.6772235631942749,0.4359217882156372,0.6933985352516174,0.4300423562526703,0.6943508386611938,0.4303714632987976,0.6948567628860474,0.43093129992485046,0.6931833028793335,0.4288596212863922,0.6932291984558105,0.42866790294647217,0.6932411193847656,0.42846494913101196,0.7166253924369812,0.4492533802986145,0.7052627205848694,0.44021469354629517,0.6766555309295654,0.45141568779945374,0.6823962926864624,0.4457781910896301,0.7101080417633057,0.519298255443573,0.6812413930892944,0.4933769404888153,0.6710996627807617,0.6268025040626526,0.6327757239341736,0.5726763606071472,0.614568829536438,0.7154092192649841,0.5807827115058899,0.6289060115814209,0.5965577363967896,0.7444180846214294,0.5651944279670715,0.646928608417511,0.5787719488143921,0.7370613217353821,0.5607584714889526,0.6454950571060181,0.5809798240661621,0.7278845906257629,0.5690965056419373,0.6424656510353088,0.6014278531074524,0.6834515929222107,0.577021598815918,0.6460456252098083,0.38814955949783325,0.6675055027008057,0.395436555147171,0.6410555839538574,0.2611684501171112,0.7634027004241943,0.27570658922195435,0.718204915523529,0.2534641921520233,0.7940078973770142,0.26862379908561707,0.745205283164978,0.17881149053573608,0.759838342666626,0.19175706803798676,0.6949775815010071
mid_015.png,medio,0.6658304929733276,0.40748000144958496,0.674866795539856,0.4007270336151123,0.6759533286094666,0.40112680196762085,0.6769731044769287,0.40169909596443176,0.6756067276000977,0.39955151081085205,0.677164614200592,0.39930495619773865,0.6787768006324768,0.3993937373161316,0.6967576742172241,0.41385799646377563,0.7029616832733154,0.4197011888027191,0.6753928065299988,0.4200921952724457,0.6749519109725952,0.41937100887298584,0.7086753845214844,0.5142434239387512,0.6806839108467102,0.4928918182849884,0.6747534275054932,0.6208626627922058,0.630314290523529,0.5787895917892456,0.6139950156211853,0.7146834135055542,0.5701215267181396,0.636104941368103,0.5972098112106323,0.7439932227134705,0.5560954809188843,0.652545154094696,0.577872633934021,0.7369776964187622,0.5485093593597412,0.6485340595245361,0.5834842920303345,0.7269401550292969,0.5555626153945923,0.6450698971748352,0.5846995115280151,0.6775841116905212,0.5615238547325134,0.6437882781028748,0.3791617453098297,0.6697836518287659,0.3852595388889313,0.6467140913009644,0.26289495825767517,0.7627278566360474,0.2806716561317444,0.7151857614517212,0.2557767331600189,0.7872319221496582,0.27583426237106323,0.7437739968299866,0.17393764853477478,0.7580875158309937,0.19438257813453674,0.6962136626243591
mid_016.png,medio,0.6728086471557617,0.42117786407470703,0.6811020374298096,0.41367048025131226,0.6823661923408508,0.41425615549087524,0.688065767288208,0.41705888509750366,0.6810324788093567,0.4124923348426819,0.6938995122909546,0.4177975058555603,0.6941367387771606,0.41756874322891235,0.7209653854370117,0.4357238709926605,0.7095653414726257,0.4282890558242798,0.682589054107666,0.4321401119232178,0.6815215349197388,0.43162721395492554,0.7250551581382751,0.5158804059028625,0.6819984316825867,0.48827028274536133,0.6778714656829834,0.6138589382171631,0.6210694909095764,0.5577566027641296,0.6154138445854187,0.7114527821540833,0.5734686851501465,0.6106296181678772,0.601152241230011,0.7424692511558533,0.5592455863952637,0.6273044943809509,0.5785236358642578,0.7350711822509766,0.5528894066810608,0.6244333982467651,0.5823196768760681,0.7251628637313843,0.5604684352874756,0.6216105222702026,0.6033011674880981,0.6706640124320984,0.5724624991416931,0.6339942216873169,0.4212014079093933,0.6647339463233948,0.3908088207244873,0.6403634548187256,0.2655383050441742,0.7573992609977722,0.2713989317417145,0.7159740924835205,0.2560783624649048,0.7882884740829468,0.26762786507606506,0.7385730147361755,0.17864534258842468,0.7581154108047485,0.19227159023284912,0.6901776790618896
mid_017.png,medio,0.6844683885574341,0.4089876413345337,0.6953389644622803,0.4025314450263977,0.6963340044021606,0.4033401608467102,0.6999301910400391,0.40575647354125977,0.6957410573959351,0.40101832151412964,0.6969343423843384,0.40079832077026367,0.6980317234992981,0.401034951210022,0.7151259779930115,0.4210347533226013,0.7208280563354492,0.42578375339508057,0.6902406215667725,0.4241459369659424,0.689703106880188,0.4234274625778198,0.7107888460159302,0.5234232544898987,0.6858518123626709,0.490441232919693,0.6776347756385803,0.6334829926490784,0.6322052478790283,0.5721540451049805,0.6171430349349976,0.7176744937896729,0.5603693723678589,0.6135945320129395,0.6007401347160339,0.7451581954956055,0.5451521277427673,0.6278484463691711,0.5789546370506287,0.7360031604766846,0.5396260023117065,0.6223216652870178,0.5845113396644592,0.7255094647407532,0.546967089176178,0.619713306427002,0.5853781700134277,0.6842954754829407,0.5635964274406433,0.6442142724990845,0.396118700504303,0.6724412441253662,0.39126306772232056,0.6525493264198303,0.26591381430625916,0.7587549090385437,0.28569382429122925,0.715346097946167,0.25977689027786255,0.7852834463119507,0.2719918191432953,0.7445176839828491,0.17758959531784058,0.7531500458717346,0.19111058115959167,0.6944101452827454
mid_018.png,medio,0.6648259162902832,0.4155597984790802,0.6727771759033203,0.4077305197715759,0.6740835905075073,0.4079066812992096,0.6781746745109558,0.40955960750579834,0.672945499420166,0.4066693186759949,0.6742855906486511,0.40628913044929504,0.6758568286895752,0.40631818771362305,0.7092114090919495,0.43259745836257935,0.7009668946266174,0.429169625043869,0.6746314167976379,0.4272295832633972,0.6740195155143738,0.426570862531662,0.7094167470932007,0.5128171443939209,0.6786854267120361,0.49619030952453613,0.6691271066665649,0.6222866177558899,0.6215687394142151,0.5788599848747253,0.6120684146881104,0.7146865725517273,0.5706667304039001,0.6371511220932007,0.594569742679596,0.742726743221283,0.555803656578064,0.6549234986305237,0.5754424333572388,0.7356030344963074,0.5493867993354797,0.6520257592201233,0.5832814574241638,0.7261252403259277,0.5568616390228271,0.6481448411941528,0.5920677781105042,0.6820154190063477,0.5644435882568359,0.6480027437210083,0.3849756717681885,0.6666633486747742,0.3842148780822754,0.6453505754470825,0.2646138370037079,0.7612249851226807,0.27503547072410583,0.7176479697227478,0.2573619782924652,0.7900795340538025,0.2674740254878998,0.7399469614028931,0.1765323281288147,0.7581825256347656,0.1917380392551422,0.6902868151664734
mid_019.png,medio,0.6695532202720642,0.4131404161453247,0.6755906343460083,0.4056124687194824,0.6762657761573792,0.40629100799560547,0.6788439750671387,0.40828341245651245,0.6765343546867371,0.40390682220458984,0.6777433753013611,0.40348926186561584,0.679008960723877,0.40348145365715027,0.6956554651260376,0.4198310375213623,0.7069180011749268,0.42368271946907043,0.6768352389335632,0.4261949956417084,0.6769747734069824,0.4255433678627014,0.7089312076568604,0.5191617012023926,0.6834440231323242,0.49166351556777954,0.6759559512138367,0.6259406208992004,0.6233497262001038,0.5722511410713196,0.6134601831436157,0.7162725329399109,0.5580909252166748,0.6149902939796448,0.5966086983680725,0.7437145113945007,0.5436951518058777,0.6290650963783264,0.5765185356140137,0.7376800775527954,0.536300539970398,0.623715877532959,0.5816963315010071,0.7262552976608276,0.5435539484024048,0.6214513778686523,0.5845499038696289,0.6770877838134766,0.5634716749191284,0.6412164568901062,0.4016844928264618,0.6661470532417297,0.3937820792198181,0.6462226510047913,0.275645911693573,0.7517666816711426,0.28179481625556946,0.7180448174476624,0.26368391513824463,0.7811180949211121,0.26935896277427673,0.74158775806427,0.1827220618724823,0.7464169263839722,0.19297102093696594,0.696923553943634
mid_020.png,medio,0.6719733476638794,0.4174041450023651,0.6775544881820679,0.4085960388183594,0.6807062029838562,0.4099234342575073,0.6820608377456665,0.4106469750404358,0.6773828864097595,0.40739724040031433,0.6782549619674683,0.4069712162017822,0.6792982220649719,0.4070015549659729,0.6988201141357422,0.4212976098060608,0.7075446844100952,0.4290173649787903,0.6778363585472107,0.4279278516769409,0.67661452293396,0.4274841547012329,0.7095974087715149,0.5165644884109497,0.6812912821769714,0.49297624826431274,0.6734695434570312,0.6287409663200378,0.619280219078064,0.56637042760849,0.6190942525863647,0.7179114818572998,0.5697109699249268,0.6084936261177063,0.6011311411857605,0.7460317611694336,0.5568518042564392,0.6223812103271484,0.5793439745903015,0.7379629611968994,0.5514697432518005,0.6182351112365723,0.5870183706283569,0.7275105714797974,0.5572292804718018,0.6157617568969727,0.5910392999649048,0.6827184557914734,0.5628660321235657,0.646052360534668,0.38751205801963806,0.6683487892150879,0.3893306255340576,0.6479989886283875,0.26148125529289246,0.7627849578857422,0.2712211310863495,0.7184156179428101,0.25430434942245483,0.7935988903045654,0.26460063457489014,0.7424452304840088,0.17400509119033813,0.7585192322731018,0.19030916690826416,0.6967266201972961
mid_022.png,medio,0.5613718032836914,0.5963536500930786,0.5567564964294434,0.6111450791358948,0.5573697686195374,0.6130584478378296,0.5579397678375244,0.6152595281600952,0.5593514442443848,0.6116023063659668,0.5655632019042969,0.6155230402946472,0.5684494376182556,0.6186548471450806,0.5751029253005981,0.639535665512085,0.5909748077392578,0.6293708682060242,0.5743170380592346,0.5923673510551453,0.577526867389679,0.59288489818573,0.5899853110313416,0.6054801344871521,0.6550915241241455,0.6126405596733093,0.5313460826873779,0.6203733682632446,0.6358527541160583,0.6493286490440369,0.500821590423584,0.6186496019363403,0.6300131678581238,0.7286988496780396,0.4883376955986023,0.6258392333984375,0.6146190166473389,0.7601392865180969,0.4961279034614563,0.6316841840744019,0.6351369619369507,0.7549214363098145,0.5040880441665649,0.6274502277374268,0.6193870306015015,0.7590500116348267,0.7065528035163879,0.43772298097610474,0.7550535798072815,0.4279942214488983,0.668490469455719,0.5016350150108337,0.6833454370498657,0.5312666893005371,0.5088630318641663,0.6589285731315613,0.5744275450706482,0.6726827621459961,0.47933462262153625,0.6635304093360901,0.5562632083892822,0.6769058108329773,0.49245041608810425,0.7426609992980957,0.5896682739257812,0.7655357718467712
mid_023.png,medio,0.6023036241531372,0.5944350957870483,0.6099981665611267,0.6139587759971619,0.5920893549919128,0.6085436344146729,0.6038308143615723,0.6156048774719238,0.6197048425674438,0.61699378490448,0.6218808889389038,0.6194237470626831,0.626833438873291,0.6229652166366577,0.6018663644790649,0.6209475994110107,0.638351559638977,0.6252080798149109,0.6126014590263367,0.5930512547492981,0.6238452792167664,0.5969681739807129,0.5844392776489258,0.5819756984710693,0.6827747821807861,0.6178039908409119,0.5096862316131592,0.6214147806167603,0.6353879570960999,0.6527010202407837,0.43655815720558167,0.6547987461090088,0.6205911040306091,0.7267674207687378,0.4305722415447235,0.6595607995986938,0.6213436722755432,0.7482576370239258,0.4210732579231262,0.6700981259346008,0.616859495639801,0.7470529079437256,0.43011122941970825,0.6645216941833496,0.615651547908783,0.7411640882492065,0.69035804271698,0.39434516429901123,0.7684275507926941,0.4117550849914551,0.6132427453994751,0.5006632208824158,0.6717520356178284,0.5359224677085876,0.4036446809768677,0.6844598054885864,0.5994789004325867,0.663995087146759,0.36725178360939026,0.6856156587600708,0.5932400822639465,0.6710449457168579,0.3647499084472656,0.790300726890564,0.6076412796974182,0.7341970205307007
mid_024.png,medio,0.6676301956176758,0.4176856279373169,0.6759545803070068,0.4105488061904907,0.6794722676277161,0.41177788376808167,0.6807655096054077,0.41216737031936646,0.676054060459137,0.40943437814712524,0.6771060824394226,0.40895792841911316,0.6784141659736633,0.408843457698822,0.696689248085022,0.4207579493522644,0.7047179937362671,0.4289211332798004,0.6754568815231323,0.4301847815513611,0.6746610999107361,0.42979753017425537,0.707186222076416,0.5140831470489502,0.6831148266792297,0.4882003664970398,0.6739734411239624,0.6256608963012695,0.6154069304466248,0.5609830021858215,0.6182451844215393,0.7177727222442627,0.5690431594848633,0.6003720164299011,0.6038762927055359,0.7469987273216248,0.5555804967880249,0.6135677099227905,0.5812140703201294,0.7371963262557983,0.5507508516311646,0.6101612448692322,0.5868688225746155,0.7267258763313293,0.5572823882102966,0.6082250475883484,0.5969923734664917,0.6745752692222595,0.5675805807113647,0.6379082798957825,0.38586145639419556,0.6665303111076355,0.38679739832878113,0.6464041471481323,0.2607230842113495,0.7609016299247742,0.26982349157333374,0.7212104797363281,0.2555312514305115,0.791713535785675,0.26914238929748535,0.7431120276451111,0.173904150724411,0.7586324214935303,0.18713632225990295,0.7037107348442078
mid_026.png,medio,0.6722484230995178,0.4418770670890808,0.6895173788070679,0.4310718774795532,0.6962583661079407,0.4316995143890381,0.7038244009017944,0.4323815107345581,0.6768762469291687,0.4299185276031494,0.6743466854095459,0.42975062131881714,0.6719502210617065,0.4296853542327881,0.7285192012786865,0.4415123462677002,0.684924304485321,0.43871670961380005,0.6856986284255981,0.45808473229408264,0.6686537861824036,0.454937219619751,0.7338290810585022,0.5063008666038513,0.6680611371994019,0.48819369077682495,0.7184271216392517,0.5690948367118835,0.6183227300643921,0.5450103878974915,0.6752433180809021,0.609703540802002,0.5377798080444336,0.5831959843635559,0.6536833047866821,0.6307992935180664,0.507641613483429,0.59135901927948,0.6422098875045776,0.6210232377052307,0.5023756623268127,0.590359091758728,0.641801655292511,0.6162044405937195,0.5158189535140991,0.5899125337600708,0.6250262260437012,0.657943844795227,0.5912802815437317,0.6275650262832642,0.42496562004089355,0.6644454598426819,0.41726961731910706,0.6519597172737122,0.27470114827156067,0.7568588256835938,0.2829146981239319,0.7438204288482666,0.2571358382701874,0.785548210144043,0.27021628618240356,0.768949568271637,0.19979310035705566,0.7293415665626526,0.20618514716625214,0.7199601531028748
mid_027.png,medio,0.6775818467140198,0.44418707489967346,0.6948697566986084,0.4321689009666443,0.7019515037536621,0.43221449851989746,0.7099520564079285,0.43235236406326294,0.6802296042442322,0.43272215127944946,0.6767662763595581,0.43313348293304443,0.6734462976455688,0.43358153104782104,0.7351218461990356,0.44078007340431213,0.6844995021820068,0.4410213828086853,0.6931180357933044,0.45945632457733154,0.6734883189201355,0.45812904834747314,0.7367359399795532,0.5097102522850037,0.6737018823623657,0.488572895526886,0.7162163257598877,0.5774403810501099,0.6223125457763672,0.5455566048622131,0.6451201438903809,0.6188554167747498,0.5412973165512085,0.5821027755737305,0.6409598588943481,0.6369061470031738,0.5117992162704468,0.5904090404510498,0.6230612993240356,0.6232537627220154,0.5054378509521484,0.5903423428535461,0.6256296634674072,0.6184545755386353,0.518586277961731,0.5891379117965698,0.6298012733459473,0.6590583920478821,0.5988242030143738,0.6265741586685181,0.4274725615978241,0.6675790548324585,0.41995880007743835,0.6535719633102417,0.27889323234558105,0.7600384950637817,0.2912907600402832,0.7452042698860168,0.2585804760456085,0.7887576222419739,0.27860769629478455,0.7690674662590027,0.20449310541152954,0.7332243323326111,0.21262222528457642,0.7237522602081299
mid_028.png,medio,0.7682889103889465,0.47410619258880615,0.7874956130981445,0.4637063145637512,0.7926881313323975,0.4648491442203522,0.7976961731910706,0.4660165309906006,0.7817831635475159,0.4626303017139435,0.7816407680511475,0.46284615993499756,0.78147953748703,0.46303310990333557,0.8182333707809448,0.47811421751976013,0.7954478859901428,0.4735415279865265,0.7759687900543213,0.48900938034057617,0.7690995931625366,0.4872789680957794,0.8401838541030884,0.5451583862304688,0.768317461013794,0.5151876211166382,0.8177768588066101,0.6080756187438965,0.7155905961990356,0.5723976492881775,0.7686605453491211,0.6503450274467468,0.6364057064056396,0.6137290596961975,0.7662413120269775,0.6709011197090149,0.6057658195495605,0.6231603622436523,0.7545750737190247,0.6633614897727966,0.6034724116325378,0.6239083409309387,0.7563585042953491,0.6573927402496338,0.6166133880615234,0.6223050355911255,0.7303749918937683,0.6913117170333862,0.6886193156242371,0.6546497941017151,0.5480173230171204,0.6993974447250366,0.5317046642303467,0.6877598762512207,0.4098707437515259,0.791956901550293,0.41321703791618347,0.7807942032814026,0.39709344506263733,0.8217176198959351,0.3984755277633667,0.8105733394622803,0.3338302671909332,0.7686449289321899,0.33788609504699707,0.761897623538971
mid_029.png,medio,0.7225306034088135,0.4756515622138977,0.7410445213317871,0.46687114238739014,0.7472032904624939,0.4681997001171112,0.7538899183273315,0.4695761799812317,0.7337231636047363,0.4644477665424347,0.7335503101348877,0.46407008171081543,0.733466386795044,0.463705837726593,0.7814300656318665,0.48060423135757446,0.7479955554008484,0.4742516875267029,0.7337251901626587,0.4895932078361511,0.7254015207290649,0.48670870065689087,0.7999155521392822,0.5468288064002991,0.7279937863349915,0.5150042772293091,0.7788366079330444,0.6107296347618103,0.6776466369628906,0.5705206394195557,0.7290897965431213,0.6534493565559387,0.6027349829673767,0.6123597025871277,0.7225269079208374,0.67207932472229,0.5722631216049194,0.6216696500778198,0.7156041860580444,0.6618312001228333,0.5675784349441528,0.621740460395813,0.7151827812194824,0.6567046642303467,0.5814322233200073,0.6208616495132446,0.6975797414779663,0.6867783665657043,0.6524791717529297,0.6527612805366516,0.515338659286499,0.6981217265129089,0.49160733819007874,0.6869969367980957,0.3663996160030365,0.7929947972297668,0.3641482889652252,0.7851964831352234,0.3496547341346741,0.8268750905990601,0.3519546687602997,0.8155040144920349,0.29442352056503296,0.7707479000091553,0.289863646030426,0.7645347714424133
mid_030.png,medio,0.6665416955947876,0.4720996618270874,0.6861505508422852,0.4625885486602783,0.6908758878707886,0.46375754475593567,0.6958831548690796,0.46503716707229614,0.6789326071739197,0.4601594805717468,0.6783904433250427,0.45980894565582275,0.6777134537696838,0.4595186710357666,0.7236947417259216,0.47574344277381897,0.6944323182106018,0.4708196520805359,0.6764885783195496,0.48748844861984253,0.6678060293197632,0.48453259468078613,0.750152587890625,0.5367310643196106,0.6723424196243286,0.51436448097229,0.7367943525314331,0.5935654044151306,0.6238390207290649,0.5692042708396912,0.7050986289978027,0.6355406045913696,0.5488501787185669,0.6085683107376099,0.683599054813385,0.6595060229301453,0.5202450752258301,0.6179534196853638,0.6702243685722351,0.6508244276046753,0.5151820778846741,0.6179622411727905,0.6706427931785583,0.6434653997421265,0.5280728340148926,0.6171647310256958,0.6456893086433411,0.6779881715774536,0.5971973538398743,0.6465515494346619,0.4646150767803192,0.6934889554977417,0.44207528233528137,0.6813198328018188,0.3126751482486725,0.7912042140960693,0.31297603249549866,0.7812341451644897,0.29769662022590637,0.8240485191345215,0.3006252348423004,0.810014545917511,0.23535636067390442,0.7671260237693787,0.2373465746641159,0.7614467144012451
mid_031.png,medio,0.6448096036911011,0.46573376655578613,0.6641256213188171,0.45677489042282104,0.6685633659362793,0.45776277780532837,0.673449695110321,0.4588915705680847,0.6579555869102478,0.4548467695713043,0.6579369902610779,0.45459115505218506,0.6582796573638916,0.45439988374710083,0.6994357109069824,0.4692996144294739,0.6746756434440613,0.46355491876602173,0.6534297466278076,0.48059773445129395,0.646167516708374,0.47799670696258545,0.7235259413719177,0.5327812433242798,0.6499557495117188,0.5067039728164673,0.7038025259971619,0.5937514901161194,0.6005839705467224,0.5654186010360718,0.6463192105293274,0.6404758095741272,0.5187939405441284,0.605591356754303,0.6395549178123474,0.6621665954589844,0.48951423168182373,0.6127538084983826,0.6327977776527405,0.6524670720100403,0.484120637178421,0.6127885580062866,0.6333457231521606,0.6468197107315063,0.4969371557235718,0.6127517223358154,0.6191655397415161,0.6743935346603394,0.5751033425331116,0.6396076679229736,0.4308437705039978,0.6881676316261292,0.4126027524471283,0.6766267418861389,0.2851589322090149,0.7844850420951843,0.28948110342025757,0.773134708404541,0.2688334584236145,0.818485677242279,0.2708093225955963,0.8054029941558838,0.20683839917182922,0.7628468871116638,0.20996907353401184,0.7567496299743652
mid_032.png,medio,0.641101598739624,0.4727404713630676,0.6631549596786499,0.46055158972740173,0.6690032482147217,0.46177899837493896,0.6760452389717102,0.4634140133857727,0.654235303401947,0.45795464515686035,0.653393566608429,0.45731163024902344,0.6526278257369995,0.456817626953125,0.7042946815490723,0.474380224943161,0.6682705879211426,0.46721920371055603,0.6537068486213684,0.4883033037185669,0.6410413384437561,0.48458555340766907,0.7177262306213379,0.5444129705429077,0.6479726433753967,0.5089097619056702,0.6892645359039307,0.6120441555976868,0.5983627438545227,0.5666870474815369,0.6375669836997986,0.6451483368873596,0.5228668451309204,0.6064987182617188,0.6269792914390564,0.6610853672027588,0.4958121180534363,0.6146752238273621,0.6286617517471313,0.6474652290344238,0.4914310872554779,0.6163694858551025,0.6280208230018616,0.6414288282394409,0.5037261247634888,0.6160743832588196,0.6181707978248596,0.6823264956474304,0.5773499011993408,0.6438538432121277,0.43869084119796753,0.6981297135353088,0.4200372099876404,0.6799551844596863,0.2891537845134735,0.7958594560623169,0.29614219069480896,0.7783949375152588,0.27256619930267334,0.8267838358879089,0.2829417288303375,0.7997156977653503,0.20848770439624786,0.7708067893981934,0.2131008803844452,0.7603112459182739
mid_033.png,medio,0.6563969850540161,0.4791531562805176,0.6742987632751465,0.4701327085494995,0.6797194480895996,0.4709392786026001,0.6851295828819275,0.4717063903808594,0.6657056212425232,0.4688463509082794,0.664968729019165,0.4689443111419678,0.6643916964530945,0.46904224157333374,0.7031293511390686,0.48067620396614075,0.6713228225708008,0.4781107008457184,0.670731246471405,0.49371981620788574,0.6602257490158081,0.49145060777664185,0.7192255258560181,0.5461710691452026,0.6477917432785034,0.5214033722877502,0.6959017515182495,0.6143712997436523,0.5935376882553101,0.5755813717842102,0.6412788033485413,0.6499329805374146,0.517551839351654,0.6149382591247559,0.6359556317329407,0.6677350401878357,0.48932763934135437,0.6248440742492676,0.6268260478973389,0.6587682366371155,0.48391687870025635,0.6261789202690125,0.6259992718696594,0.6521722078323364,0.49579405784606934,0.6254636645317078,0.6157090067863464,0.6873081922531128,0.5722173452377319,0.6542109847068787,0.434048056602478,0.7047224640846252,0.4110305905342102,0.6893375515937805,0.28659898042678833,0.7987857460975647,0.2892574369907379,0.7855856418609619,0.2718939185142517,0.8280065059661865,0.27752169966697693,0.808066725730896,0.20492321252822876,0.776025116443634,0.20674389600753784,0.7682821154594421
mid_034.png,medio,0.6446903347969055,0.46700549125671387,0.663165807723999,0.45815014839172363,0.6683939695358276,0.4594121277332306,0.6742067933082581,0.4607219696044922,0.6550437808036804,0.4556790590286255,0.6542447805404663,0.4552243649959564,0.653583288192749,0.4547731876373291,0.7020593285560608,0.47290724515914917,0.6696298718452454,0.4663596749305725,0.654615581035614,0.4820050299167633,0.6437773704528809,0.4786792993545532,0.7168495655059814,0.5397981405258179,0.646142303943634,0.5100111961364746,0.6905389428138733,0.6025505661964417,0.592678964138031,0.5651596784591675,0.6370836496353149,0.639519214630127,0.5178360939025879,0.6041154265403748,0.6331053972244263,0.6607316732406616,0.4885038733482361,0.6123402118682861,0.6235942244529724,0.6500721573829651,0.4841315448284149,0.6121705770492554,0.6240319013595581,0.6446821093559265,0.4970911145210266,0.6108893156051636,0.6114089488983154,0.6767892837524414,0.5688979625701904,0.6419875025749207,0.4251592755317688,0.6884074211120605,0.4047856032848358,0.6760765314102173,0.27952536940574646,0.781933605670929,0.28005221486091614,0.7717329859733582,0.2633487284183502,0.8162454962730408,0.26414942741394043,0.8033679723739624,0.20059515535831451,0.7584535479545593,0.20138676464557648,0.7517527937889099
mid_035.png,medio,0.6744971871376038,0.4765055179595947,0.6937413811683655,0.46789056062698364,0.6993371844291687,0.46952277421951294,0.7052587270736694,0.47135215997695923,0.685363233089447,0.4649882912635803,0.6843114495277405,0.4644942283630371,0.6831780672073364,0.4641082286834717,0.7341783046722412,0.48447859287261963,0.7009959816932678,0.47744834423065186,0.6831393837928772,0.4931367039680481,0.6729406118392944,0.48941078782081604,0.7518148422241211,0.5442380905151367,0.6805158853530884,0.5194877982139587,0.7307557463645935,0.6045414805412292,0.6304800510406494,0.5729610323905945,0.6919645071029663,0.6414357423782349,0.5475716590881348,0.6079369783401489,0.6699662208557129,0.6628908514976501,0.5179653167724609,0.6166683435440063,0.6590303778648376,0.6521494388580322,0.5139607191085815,0.6155519485473633,0.6613881587982178,0.6442804336547852,0.5278655290603638,0.6146141886711121,0.635339617729187,0.6863375902175903,0.5964487195014954,0.6513723731040955,0.44804221391677856,0.6907463073730469,0.43216219544410706,0.6770225763320923,0.2971883714199066,0.7806814312934875,0.30333325266838074,0.7693181037902832,0.2802821099758148,0.8102392554283142,0.28770124912261963,0.7957941293716431,0.2207442820072174,0.752713680267334,0.22926059365272522,0.7470284104347229
mid_036.png,medio,0.6757705211639404,0.48959070444107056,0.6897380352020264,0.47934967279434204,0.6945868730545044,0.47949856519699097,0.6998735070228577,0.4797160029411316,0.6814157962799072,0.47942817211151123,0.6799537539482117,0.4795858860015869,0.6783987283706665,0.479705810546875,0.7246009111404419,0.4889116585254669,0.6883087158203125,0.4881189167499542,0.6871212720870972,0.5039233565330505,0.6742562055587769,0.5029342770576477,0.7389912009239197,0.5524009466171265,0.667294442653656,0.5340132713317871,0.7147409915924072,0.6151458621025085,0.6115109324455261,0.5843353867530823,0.6681860685348511,0.6587917804718018,0.5349223017692566,0.617786705493927,0.6455697417259216,0.679125964641571,0.5041558146476746,0.6261211633682251,0.6376012563705444,0.6686444282531738,0.4999757707118988,0.6257219314575195,0.6395896673202515,0.6633899211883545,0.5127312541007996,0.6254083514213562,0.6249825358390808,0.6929668188095093,0.5893450379371643,0.662320613861084,0.4335063099861145,0.696968138217926,0.4240230321884155,0.6827816963195801,0.2809317111968994,0.7837203741073608,0.2913939952850342,0.7715498805046082,0.26240214705467224,0.8138346672058105,0.27500325441360474,0.7981252670288086,0.2097657471895218,0.7531947493553162,0.21798214316368103,0.7475889921188354
mid_037.png,medio,0.6420415043830872,0.46632838249206543,0.6586098074913025,0.45735466480255127,0.6628263592720032,0.4585837721824646,0.6674039959907532,0.45990821719169617,0.6531530022621155,0.45511990785598755,0.6530784964561462,0.4548485577106476,0.6530542969703674,0.45465269684791565,0.691314160823822,0.47088271379470825,0.6679229736328125,0.4655245542526245,0.6500385999679565,0.4811146557331085,0.6433286666870117,0.4787261486053467,0.7078247666358948,0.5321179628372192,0.6480871438980103,0.512289822101593,0.693857729434967,0.589267373085022,0.5983190536499023,0.5644946694374084,0.6626591086387634,0.627105176448822,0.5205721855163574,0.5966556668281555,0.6421573758125305,0.6486136317253113,0.4902418553829193,0.6046035289764404,0.6315591931343079,0.6406244039535522,0.4866352379322052,0.6054676175117493,0.6324361562728882,0.6338293552398682,0.5016629099845886,0.6046962141990662,0.6002153754234314,0.6778565049171448,0.5669503808021545,0.6439906358718872,0.4053458571434021,0.6751619577407837,0.4000844359397888,0.662447452545166,0.2609630525112152,0.7637537121772766,0.2725551128387451,0.7486671209335327,0.24479851126670837,0.7929844856262207,0.2594546377658844,0.7698900699615479,0.18984383344650269,0.7341984510421753,0.19757378101348877,0.7261602282524109
mid_038.png,medio,0.6551679372787476,0.4678211808204651,0.674580991268158,0.4581165611743927,0.6788108348846436,0.45947808027267456,0.6833736896514893,0.46113401651382446,0.6688275337219238,0.4557926654815674,0.6688560247421265,0.45558464527130127,0.6688438057899475,0.4555269479751587,0.7075372338294983,0.4748647212982178,0.6819433569908142,0.46800464391708374,0.6626005172729492,0.4833545684814453,0.6562252640724182,0.48023825883865356,0.7211478352546692,0.5422084927558899,0.6623438596725464,0.517263650894165,0.7043172121047974,0.5946040153503418,0.609624445438385,0.5676714181900024,0.678956151008606,0.6299600601196289,0.5336412191390991,0.5998031497001648,0.6608157157897949,0.6534416675567627,0.5032068490982056,0.6072654724121094,0.647516667842865,0.6444286704063416,0.49775025248527527,0.6096646785736084,0.6465602517127991,0.6376334428787231,0.5121304988861084,0.6090453863143921,0.611530065536499,0.6851490139961243,0.5773179531097412,0.6481934189796448,0.42039766907691956,0.6817691326141357,0.41466090083122253,0.6671848893165588,0.27717670798301697,0.7661600112915039,0.29641249775886536,0.7473946213722229,0.2604524493217468,0.7896854877471924,0.28117281198501587,0.7660905122756958,0.20764774084091187,0.7371702194213867,0.2168610841035843,0.7276006937026978
mid_039.png,medio,0.682045042514801,0.5003081560134888,0.6970899701118469,0.4919010400772095,0.7025579214096069,0.49269676208496094,0.7091822028160095,0.4936741888523102,0.6879350543022156,0.4906540811061859,0.6865637898445129,0.4905508756637573,0.6852933764457703,0.4905954599380493,0.7314444780349731,0.5028463006019592,0.6947198510169983,0.49952882528305054,0.6916369795799255,0.515155553817749,0.6799474358558655,0.5119737386703491,0.7298148274421692,0.5660887360572815,0.6765725016593933,0.541660726070404,0.7014021873474121,0.625026285648346,0.6181737780570984,0.5895413160324097,0.6686955690383911,0.6605411171913147,0.5424495935440063,0.6214784383773804,0.6478157043457031,0.6800476908683777,0.5133512616157532,0.6282299757003784,0.6447525024414062,0.6704061627388,0.5089441537857056,0.6290542483329773,0.6397014856338501,0.6656854152679443,0.5208636522293091,0.6284412145614624,0.6216390132904053,0.707848310470581,0.5916880369186401,0.6700994372367859,0.42713463306427,0.7012976408004761,0.4242089092731476,0.682518720626831,0.27549222111701965,0.778190016746521,0.30143073201179504,0.7577655911445618,0.2568679749965668,0.8026753664016724,0.29117175936698914,0.7699412703514099,0.21587441861629486,0.7441203594207764,0.2306731641292572,0.7324419021606445
mid_040.png,medio,0.6382630467414856,0.4951460361480713,0.6514908671379089,0.484904408454895,0.6559699773788452,0.4848794639110565,0.6610547304153442,0.48497289419174194,0.6438459753990173,0.4850381910800934,0.6428015232086182,0.4850218892097473,0.6418347358703613,0.48496291041374207,0.6840080618858337,0.49323785305023193,0.6540449857711792,0.4917830228805542,0.6485901474952698,0.5085853338241577,0.6376612186431885,0.5077053308486938,0.6934632658958435,0.5565005540847778,0.6347105503082275,0.5373451113700867,0.6644372940063477,0.6205248236656189,0.5803425312042236,0.584794819355011,0.5896753072738647,0.6595778465270996,0.5019040107727051,0.6131532192230225,0.5764797925949097,0.675713837146759,0.4722875654697418,0.6198854446411133,0.5708800554275513,0.6662243604660034,0.4668045938014984,0.6191736459732056,0.5746524930000305,0.6609826683998108,0.4796403646469116,0.6194790005683899,0.5776658058166504,0.6955993175506592,0.5481378436088562,0.6644859910011292,0.38036826252937317,0.6880542635917664,0.37815913558006287,0.6764572262763977,0.23348203301429749,0.7661275267601013,0.2558784484863281,0.7507349252700806,0.21412013471126556,0.7908439040184021,0.23574423789978027,0.7715545296669006,0.17464898526668549,0.7279428243637085,0.18414533138275146,0.7217435836791992
mid_041.png,medio,0.6311733722686768,0.4897262454032898,0.6453949213027954,0.48149412870407104,0.6495256423950195,0.48274487257003784,0.6541671752929688,0.4842229187488556,0.6389436721801758,0.48063403367996216,0.6382083892822266,0.48117494583129883,0.6375879645347595,0.48186296224594116,0.6733916997909546,0.4960681200027466,0.6443964242935181,0.4918905794620514,0.6385514140129089,0.5037809014320374,0.6299718618392944,0.5022482872009277,0.679298460483551,0.5607523918151855,0.627507746219635,0.5384930372238159,0.6455289721488953,0.6260510683059692,0.5677664875984192,0.5858712792396545,0.5751281380653381,0.6561656594276428,0.4858717620372772,0.612471342086792,0.5625815391540527,0.6735013127326965,0.4550914466381073,0.6173626184463501,0.5569292306900024,0.6623117327690125,0.45024436712265015,0.6182589530944824,0.5589702129364014,0.6575330495834351,0.4638919234275818,0.6184379458427429,0.5609641075134277,0.7038813233375549,0.5359262824058533,0.6667819023132324,0.3649042844772339,0.6886595487594604,0.368725448846817,0.6731598377227783,0.22048461437225342,0.7617546319961548,0.2632049322128296,0.7364429235458374,0.20183508098125458,0.7839227914810181,0.25337517261505127,0.7487996220588684,0.1637486219406128,0.726136326789856,0.18208575248718262,0.7168353796005249
mid_042.png,medio,0.6443473100662231,0.4806808829307556,0.6605006456375122,0.47185415029525757,0.6639107465744019,0.47276368737220764,0.6684515476226807,0.4744076132774353,0.6559990644454956,0.4708899259567261,0.6559642553329468,0.47125816345214844,0.6559516191482544,0.4717771112918854,0.6894721984863281,0.48811376094818115,0.6685386896133423,0.48270684480667114,0.6521049737930298,0.49473363161087036,0.6463704109191895,0.4934041500091553,0.6977688670158386,0.5531460642814636,0.6493203639984131,0.5299115180969238,0.6699236035346985,0.6094141006469727,0.5889866948127747,0.5777182579040527,0.6211926341056824,0.6478375196456909,0.5093597769737244,0.6071041226387024,0.6045188307762146,0.6675314903259277,0.4766104817390442,0.6129340529441833,0.5949875712394714,0.6577789187431335,0.4737684726715088,0.614711344242096,0.5919229388237,0.6506571769714355,0.4884047210216522,0.6146743893623352,0.5759451389312744,0.6938379406929016,0.5567476153373718,0.6573695540428162,0.38364875316619873,0.6824443936347961,0.39454078674316406,0.6667782664299011,0.24328011274337769,0.7571990489959717,0.28825297951698303,0.7221290469169617,0.22610259056091309,0.7776579856872559,0.27781572937965393,0.7427651882171631,0.1825418770313263,0.7221091985702515,0.20791000127792358,0.7091567516326904
mid_043.png,medio,0.6940101981163025,0.48079437017440796,0.7070501446723938,0.4702206552028656,0.7113173007965088,0.47066861391067505,0.7160789966583252,0.4711408019065857,0.7006334066390991,0.4700813889503479,0.6997822523117065,0.47023189067840576,0.698975145816803,0.47034451365470886,0.7350958585739136,0.4810267686843872,0.706825852394104,0.4789232015609741,0.702384352684021,0.49453410506248474,0.6940230131149292,0.49365371465682983,0.7344642877578735,0.5477491021156311,0.6911531686782837,0.5246071219444275,0.6939221620559692,0.6194485425949097,0.6347220540046692,0.5731698870658875,0.6090155839920044,0.6502707600593567,0.5583973526954651,0.5983625650405884,0.5842001438140869,0.6595836877822876,0.527195155620575,0.6036310195922852,0.5814287662506104,0.6513460278511047,0.521734893321991,0.6035891771316528,0.5869652628898621,0.6467507481575012,0.5355563163757324,0.6040696501731873,0.6132035851478577,0.6819411516189575,0.5954144597053528,0.6480017900466919,0.4206543266773224,0.6706096529960632,0.4246528744697571,0.6567825078964233,0.280363529920578,0.7387862205505371,0.30521127581596375,0.7248467206954956,0.260626882314682,0.7626261711120605,0.2845647633075714,0.7455089092254639,0.22054165601730347,0.7047197222709656,0.23389077186584473,0.6984508633613586
mid_044.png,medio,0.7070332765579224,0.4691261053085327,0.7225232124328613,0.46156567335128784,0.7272629737854004,0.4627732038497925,0.7323374152183533,0.46410268545150757,0.7156698107719421,0.4590774178504944,0.7150737047195435,0.4583636522293091,0.7142290472984314,0.4577253758907318,0.7542851567268372,0.47738194465637207,0.7264121174812317,0.4690670967102051,0.7143588066101074,0.48548975586891174,0.7051212191581726,0.48245739936828613,0.7474315762519836,0.5445493459701538,0.7047939300537109,0.519396185874939,0.7031580805778503,0.6201432347297668,0.649346649646759,0.5672332048416138,0.610007107257843,0.6442526578903198,0.5668587684631348,0.5899065732955933,0.5858659744262695,0.6563243269920349,0.5327144861221313,0.5955100655555725,0.583825409412384,0.6484957933425903,0.5301181674003601,0.595049262046814,0.5903920531272888,0.6418271660804749,0.5440387725830078,0.595443069934845,0.624809980392456,0.6785780191421509,0.612806499004364,0.6410747766494751,0.43155035376548767,0.6626135110855103,0.4381665289402008,0.6458892822265625,0.28231948614120483,0.7276957035064697,0.3093617558479309,0.7009462714195251,0.26629939675331116,0.748932957649231,0.2890351712703705,0.7282849550247192,0.2282361388206482,0.6904036402702332,0.24216723442077637,0.6849655508995056
mid_045.png,medio,0.705573320388794,0.450313538312912,0.7204651832580566,0.44050782918930054,0.7255967855453491,0.4413997530937195,0.7321765422821045,0.44273847341537476,0.7116950154304504,0.4393622875213623,0.7103672623634338,0.43926337361335754,0.7091337442398071,0.43924206495285034,0.7554992437362671,0.4558652639389038,0.721142053604126,0.4492051899433136,0.7151836156845093,0.468181848526001,0.7022090554237366,0.4655762314796448,0.747026801109314,0.5242801904678345,0.704198956489563,0.5021193027496338,0.700117826461792,0.5997329354286194,0.6423879861831665,0.5532374382019043,0.6041678786277771,0.6276029348373413,0.5617168545722961,0.5754697322845459,0.5819674730300903,0.639559805393219,0.5300546884536743,0.5805702805519104,0.5750740766525269,0.6304469704627991,0.526152491569519,0.5789457559585571,0.5865069627761841,0.624642550945282,0.5409542322158813,0.5798599123954773,0.616943359375,0.661166787147522,0.6029760837554932,0.6257745027542114,0.41761457920074463,0.6421528458595276,0.42490896582603455,0.6297567486763,0.2751849591732025,0.7100544571876526,0.3139837086200714,0.6878893375396729,0.2573356330394745,0.7303728461265564,0.30456623435020447,0.7074791193008423,0.21874713897705078,0.6704817414283752,0.23887702822685242,0.6636837720870972
mid_046.png,medio,0.6913670301437378,0.4489360451698303,0.7023569941520691,0.43886321783065796,0.7056707739830017,0.439299076795578,0.709386944770813,0.4399096965789795,0.698358952999115,0.43842965364456177,0.6985729336738586,0.43841174244880676,0.6989405155181885,0.4384200870990753,0.7335496544837952,0.4516294598579407,0.7111119627952576,0.4456426799297333,0.6976941823959351,0.4632321298122406,0.6921837329864502,0.4625605344772339,0.7363929748535156,0.523711621761322,0.6912928223609924,0.5002698302268982,0.6813231110572815,0.6042348146438599,0.6257376074790955,0.5486147999763489,0.5794588923454285,0.6254648566246033,0.5463083982467651,0.5708350539207458,0.5585181713104248,0.6354223489761353,0.5169909596443176,0.5749102234840393,0.5550599694252014,0.627140462398529,0.5159334540367126,0.5742432475090027,0.5605183839797974,0.6215816140174866,0.5269336104393005,0.5756001472473145,0.623353898525238,0.6633909940719604,0.6086891293525696,0.6307055354118347,0.4089275896549225,0.6412220597267151,0.417497456073761,0.6279946565628052,0.2597605586051941,0.7063602209091187,0.2958940863609314,0.6862573623657227,0.2402288317680359,0.7284845113754272,0.28341302275657654,0.7066224813461304,0.20885565876960754,0.6669238209724426,0.2345237135887146,0.6607139110565186
mid_047.png,medio,0.6664301156997681,0.4741557240486145,0.6803723573684692,0.4626593589782715,0.6843845248222351,0.462827205657959,0.6891698837280273,0.46314260363578796,0.6739978194236755,0.46218550205230713,0.6732702255249023,0.4619063138961792,0.672447144985199,0.46158549189567566,0.7144187688827515,0.4759732484817505,0.6924334168434143,0.4701398015022278,0.6769589781761169,0.49007904529571533,0.6700042486190796,0.488752543926239,0.7134429812431335,0.5498991012573242,0.679521918296814,0.528038740158081,0.6653332114219666,0.6299737095832825,0.6155475974082947,0.5758404731750488,0.5601975321769714,0.6544897556304932,0.5394393801689148,0.5951835513114929,0.5380740761756897,0.664982259273529,0.5059716105461121,0.601648211479187,0.5333369374275208,0.6565669178962708,0.5038379430770874,0.6006678938865662,0.5397641658782959,0.6518816947937012,0.516091525554657,0.6013487577438354,0.5956277847290039,0.6886443495750427,0.5856850743293762,0.6541033983230591,0.39468932151794434,0.6642646193504333,0.4113042652606964,0.6517353653907776,0.24551774561405182,0.7359190583229065,0.29253631830215454,0.7017528414726257,0.22802403569221497,0.7549628019332886,0.2806316316127777,0.7213773727416992,0.1952979415655136,0.6915467977523804,0.2251889407634735,0.6826705932617188
mid_048.png,medio,0.6876606345176697,0.4709545373916626,0.6978975534439087,0.461712121963501,0.7015360593795776,0.4623986780643463,0.7058162093162537,0.4633045792579651,0.6937006115913391,0.46071261167526245,0.6938765048980713,0.460562527179718,0.6942610740661621,0.46042799949645996,0.7312802672386169,0.4763496518135071,0.7083674669265747,0.46832743287086487,0.6946502327919006,0.48661935329437256,0.6886754631996155,0.48476308584213257,0.7288914322853088,0.5486044883728027,0.6943696141242981,0.519709587097168,0.6721426248550415,0.6352047920227051,0.628270149230957,0.5770924687385559,0.5628901720046997,0.6517171859741211,0.5514604449272156,0.5977153182029724,0.5392141938209534,0.6591525077819824,0.5188022255897522,0.6005667448043823,0.5373841524124146,0.6492700576782227,0.5145332217216492,0.6001691818237305,0.5460085868835449,0.6455653309822083,0.5288061499595642,0.6021143794059753,0.6189076900482178,0.69052654504776,0.6063392162322998,0.6521062850952148,0.41307082772254944,0.6663787364959717,0.42968568205833435,0.653866708278656,0.26361149549484253,0.7315665483474731,0.28596144914627075,0.7145727872848511,0.24435383081436157,0.754241406917572,0.2713712453842163,0.7341042757034302,0.2160188853740692,0.6894401907920837,0.22736801207065582,0.683103621006012
mid_049.png,medio,0.69416743516922,0.46264412999153137,0.7043497562408447,0.4546847939491272,0.7066170573234558,0.45528289675712585,0.7090962529182434,0.4560234546661377,0.702740490436554,0.45368653535842896,0.7038441896438599,0.4535732865333557,0.7054258584976196,0.45361846685409546,0.7335540652275085,0.4684494137763977,0.7225377559661865,0.46235138177871704,0.6986556053161621,0.47655975818634033,0.6974692940711975,0.4758896231651306,0.7297472357749939,0.5476720333099365,0.7042180895805359,0.5205243229866028,0.6729323863983154,0.6296548843383789,0.6422008872032166,0.5767720937728882,0.5666478276252747,0.6437152028083801,0.5673436522483826,0.5921331644058228,0.5422422289848328,0.650274395942688,0.5362944602966309,0.594132661819458,0.5390306711196899,0.6401911377906799,0.5338811874389648,0.5940865278244019,0.5507974028587341,0.6354385614395142,0.5459978580474854,0.5967562794685364,0.6339032649993896,0.6862866282463074,0.6207781434059143,0.6540427803993225,0.434609591960907,0.6507227420806885,0.4507891535758972,0.6377379894256592,0.2932490408420563,0.7129257917404175,0.318754106760025,0.7055706977844238,0.2749597430229187,0.7345666289329529,0.3034212291240692,0.7188260555267334,0.24406558275222778,0.6728201508522034,0.25979840755462646,0.6682490706443787
mid_050.png,medio,0.721358597278595,0.4791908860206604,0.7307917475700378,0.47163915634155273,0.7323693037033081,0.4726448953151703,0.7345890402793884,0.4740793704986572,0.7306206822395325,0.4704269766807556,0.7319648265838623,0.4706481099128723,0.7333623766899109,0.4711422026157379,0.7543264627456665,0.48767387866973877,0.7494352459907532,0.4825248122215271,0.7250879406929016,0.4922507107257843,0.7247794270515442,0.49168866872787476,0.7617186903953552,0.5666010975837708,0.7296245694160461,0.5444899797439575,0.708364725112915,0.6431853175163269,0.6657554507255554,0.5958737134933472,0.5972896814346313,0.6678726673126221,0.5803425312042236,0.6137335896492004,0.5741890668869019,0.676882803440094,0.5504944920539856,0.6165177822113037,0.5665408968925476,0.6711859703063965,0.5485339760780334,0.6163381934165955,0.5745870471000671,0.6663578748703003,0.559734046459198,0.6187295913696289,0.6632892489433289,0.7038524746894836,0.6594746112823486,0.6900372505187988,0.46851128339767456,0.6646854877471924,0.4764786660671234,0.6556183695793152,0.34187251329421997,0.7211005687713623,0.36124804615974426,0.7116520404815674,0.31396132707595825,0.7390215396881104,0.33768022060394287,0.7281068563461304,0.2832237184047699,0.6839545965194702,0.29291123151779175,0.6816269159317017
mid_051.png,medio,0.7126502990722656,0.4846492409706116,0.7177975177764893,0.4783762991428375,0.7191086411476135,0.478959858417511,0.7205678224563599,0.47964972257614136,0.7172840237617493,0.4778597354888916,0.7182056307792664,0.47819632291793823,0.7192779779434204,0.478646457195282,0.7377405166625977,0.4903087615966797,0.7333857417106628,0.4879201650619507,0.7159637808799744,0.495832622051239,0.715154230594635,0.49619656801223755,0.7438586354255676,0.5621734261512756,0.7201735973358154,0.5492363572120667,0.6888073086738586,0.6370148658752441,0.6521820425987244,0.5952684879302979,0.5848879814147949,0.6627897620201111,0.5834377408027649,0.613997757434845,0.5632743835449219,0.6722280383110046,0.5526185035705566,0.6172609925270081,0.5556983947753906,0.6618033647537231,0.5500196218490601,0.617363452911377,0.5635119080543518,0.6580069661140442,0.5618404150009155,0.6195904612541199,0.6584588885307312,0.7014045715332031,0.6482978463172913,0.6896501779556274,0.461727499961853,0.6644560694694519,0.47063878178596497,0.6575475931167603,0.33710211515426636,0.7216202020645142,0.34669435024261475,0.7122746109962463,0.3118443191051483,0.7392354011535645,0.33019569516181946,0.7291772365570068,0.2817766070365906,0.6851063966751099,0.2904241383075714,0.6823490262031555
mid_052.png,medio,0.6946208477020264,0.4863428771495819,0.7041646838188171,0.47625023126602173,0.7049681544303894,0.4761039614677429,0.7053818702697754,0.47614145278930664,0.703904390335083,0.47621309757232666,0.7046008110046387,0.47601068019866943,0.7054047584533691,0.47416257858276367,0.7222670912742615,0.4787672162055969,0.7213773131370544,0.47851791977882385,0.7000820636749268,0.49633997678756714,0.7003423571586609,0.497213214635849,0.7183114290237427,0.540705680847168,0.7117983102798462,0.5401490330696106,0.6569850444793701,0.6171358227729797,0.6467317342758179,0.5932307839393616,0.5668255090713501,0.6560387015342712,0.5843843221664429,0.6145111918449402,0.5449151396751404,0.6602208018302917,0.5514635443687439,0.620124101638794,0.5412596464157104,0.640207052230835,0.5505165457725525,0.6189186573028564,0.5454204082489014,0.6379747986793518,0.5583430528640747,0.620789647102356,0.6718507409095764,0.6895121932029724,0.6667163968086243,0.6780556440353394,0.5216166377067566,0.6667711734771729,0.5169931650161743,0.6472155451774597,0.3653658926486969,0.7228885293006897,0.35503923892974854,0.6982420682907104,0.3516846001148224,0.7465121746063232,0.33698543906211853,0.7217202186584473,0.27109378576278687,0.6837424635887146,0.2725268304347992,0.6771946549415588
mid_053.png,medio,0.7100433111190796,0.5011307001113892,0.727167010307312,0.49294427037239075,0.7258161306381226,0.49582844972610474,0.7286239862442017,0.4968736469745636,0.7195267677307129,0.49230724573135376,0.7191451191902161,0.4922518730163574,0.7185853719711304,0.49225133657455444,0.74123215675354,0.5048775672912598,0.7272233366966248,0.49361762404441833,0.7119669318199158,0.512737512588501,0.7172518372535706,0.509749710559845,0.7359577417373657,0.5472663044929504,0.7164048552513123,0.5454960465431213,0.6726973056793213,0.6032583117485046,0.6585518717765808,0.5960074067115784,0.606479823589325,0.6389524340629578,0.5902479887008667,0.6273040771484375,0.5927332043647766,0.6500241160392761,0.560789167881012,0.632963240146637,0.5890489816665649,0.6457816958427429,0.5643478631973267,0.632990837097168,0.5926434993743896,0.6439977884292603,0.5726433992385864,0.6319013833999634,0.6974296569824219,0.6721833348274231,0.677663266658783,0.660310685634613,0.6185382604598999,0.655085563659668,0.5703719854354858,0.6285908818244934,0.5373294353485107,0.6893606185913086,0.45632636547088623,0.692470133304596,0.5366794466972351,0.6997370719909668,0.4486227333545685,0.7113335132598877,0.4753727316856384,0.6852877140045166,0.39836254715919495,0.6894630193710327
mid_054.png,medio,0.7094010710716248,0.49145394563674927,0.7162291407585144,0.4832211136817932,0.7179166674613953,0.48355811834335327,0.7196536660194397,0.484194278717041,0.7148739695549011,0.482697457075119,0.7155588269233704,0.4826192557811737,0.7163426876068115,0.4828501343727112,0.7430998086929321,0.49695876240730286,0.7328835129737854,0.4918336272239685,0.714209794998169,0.5027428865432739,0.7125273942947388,0.5029236078262329,0.7436754107475281,0.5676131844520569,0.7198413610458374,0.5539922714233398,0.6974012851715088,0.6403088569641113,0.6601113677024841,0.5972834229469299,0.5967442393302917,0.6691165566444397,0.591678261756897,0.6174994707107544,0.5772249698638916,0.680064857006073,0.564274251461029,0.6236696243286133,0.5679049491882324,0.6735448837280273,0.5601514577865601,0.6239650249481201,0.575627326965332,0.667768120765686,0.5722190141677856,0.6240241527557373,0.6542314291000366,0.7020909786224365,0.6519685387611389,0.687821090221405,0.46813827753067017,0.6704756617546082,0.47601041197776794,0.6643266081809998,0.33945411443710327,0.7324751019477844,0.3636743724346161,0.7192456722259521,0.3171115517616272,0.7535567283630371,0.3433973789215088,0.7351078391075134,0.2890690267086029,0.6953302621841431,0.29907259345054626,0.6908636093139648
mid_055.png,medio,0.6546846032142639,0.505852222442627,0.6611641049385071,0.49605631828308105,0.6631189584732056,0.4960927367210388,0.6650679707527161,0.496282696723938,0.6604753136634827,0.4955523908138275,0.661693811416626,0.4952229857444763,0.6630503535270691,0.4950602054595947,0.6872260570526123,0.5035046339035034,0.6829918026924133,0.5019372701644897,0.6611132621765137,0.51667320728302,0.6612644195556641,0.5168328881263733,0.6979583501815796,0.5729954242706299,0.6749520301818848,0.5547803640365601,0.6577517986297607,0.6485444903373718,0.6170212030410767,0.604998767375946,0.5684148073196411,0.6724192500114441,0.5551517009735107,0.6259833574295044,0.5509641170501709,0.6804004311561584,0.5282900333404541,0.6327417492866516,0.5450556874275208,0.6739346981048584,0.527101457118988,0.6328569054603577,0.5535475015640259,0.6704462170600891,0.5381418466567993,0.6330239772796631,0.6288779377937317,0.7036868333816528,0.6180313229560852,0.6843379735946655,0.4400593638420105,0.6862603425979614,0.4536474347114563,0.6754735112190247,0.3199668526649475,0.7558355331420898,0.35150644183158875,0.7372704148292542,0.30328992009162903,0.7773239016532898,0.334949254989624,0.7527143955230713,0.26817286014556885,0.7210975289344788,0.27971047163009644,0.7164889574050903
mid_056.png,medio,0.7087908387184143,0.5169458389282227,0.7187322974205017,0.5064346790313721,0.721106231212616,0.5065405964851379,0.7236192226409912,0.5067521333694458,0.7169600129127502,0.5059293508529663,0.7179964184761047,0.5056707859039307,0.7190004587173462,0.5054600238800049,0.7460580468177795,0.5145586729049683,0.7355712652206421,0.5115944147109985,0.7156922817230225,0.5292552709579468,0.7135195732116699,0.5291961431503296,0.7582638263702393,0.5823043584823608,0.7237991094589233,0.5611022710800171,0.7211062908172607,0.6558849215507507,0.6706404685974121,0.6116920113563538,0.6328034400939941,0.6859703660011292,0.5972283482551575,0.6342906355857849,0.6139771342277527,0.6973586082458496,0.5679633021354675,0.6407312154769897,0.6093364953994751,0.6910569667816162,0.5657939314842224,0.6398746371269226,0.6139443516731262,0.6856927275657654,0.5764645934104919,0.6394264698028564,0.6608031392097473,0.7172762751579285,0.6476994752883911,0.6866134405136108,0.4775911867618561,0.7066935300827026,0.4834516942501068,0.6944082379341125,0.3488234281539917,0.7796291708946228,0.36804792284965515,0.7536478042602539,0.3356555104255676,0.7975631356239319,0.35982033610343933,0.7720912098884583,0.2942200005054474,0.741445779800415,0.31259316205978394,0.7358948588371277
mid_057.png,medio,0.6760892271995544,0.47585177421569824,0.6855654716491699,0.465048611164093,0.6894078254699707,0.46508610248565674,0.6934809684753418,0.4651818573474884,0.6804937720298767,0.46543195843696594,0.6800119876861572,0.46561652421951294,0.6796566843986511,0.46584343910217285,0.7137490510940552,0.4734775125980377,0.6900514364242554,0.47366708517074585,0.6856420040130615,0.4888920783996582,0.6776143312454224,0.4889146089553833,0.7230320572853088,0.5291010141372681,0.6767395734786987,0.5221186280250549,0.706746518611908,0.5906835794448853,0.6313521265983582,0.5671230554580688,0.6578805446624756,0.6291341185569763,0.5637223720550537,0.5959718227386475,0.6379443407058716,0.6460120677947998,0.5337650775909424,0.6038270592689514,0.6336309909820557,0.6365687847137451,0.5307027101516724,0.603886067867279,0.6330426931381226,0.6330128908157349,0.5435576438903809,0.6027069091796875,0.6347006559371948,0.6705475449562073,0.6115001440048218,0.6484333276748657,0.4471462666988373,0.6741037964820862,0.4518740177154541,0.6614648699760437,0.32180869579315186,0.7533489465713501,0.34083297848701477,0.7371137738227844,0.3089262843132019,0.7764860391616821,0.3349969983100891,0.7524917721748352,0.2654881477355957,0.7206940650939941,0.2794850468635559,0.7128031849861145
mid_058.png,medio,0.7114670276641846,0.5212632417678833,0.7242306470870972,0.5127782821655273,0.7281444072723389,0.5135351419448853,0.7327048778533936,0.5144569873809814,0.7181986570358276,0.5119009017944336,0.7176327109336853,0.5120439529418945,0.7170992493629456,0.5122451186180115,0.7561882138252258,0.5255828499794006,0.7276683449745178,0.5223737955093384,0.7184367775917053,0.5341273546218872,0.7103313207626343,0.5326249599456787,0.7659226655960083,0.5862427949905396,0.7087813019752502,0.5666303038597107,0.7418953776359558,0.6489813327789307,0.6583343744277954,0.6130994558334351,0.7016419172286987,0.6791934370994568,0.5882619619369507,0.6422805786132812,0.6768112182617188,0.6966676712036133,0.5594883561134338,0.6494802236557007,0.6735265254974365,0.6876447796821594,0.556424081325531,0.6501655578613281,0.6689443588256836,0.683647871017456,0.5696974396705627,0.6499138474464417,0.6657254695892334,0.7215463519096375,0.6339816451072693,0.6901683211326599,0.47999143600463867,0.7180635929107666,0.4759092330932617,0.7046205997467041,0.3456283211708069,0.7958561182022095,0.3624441921710968,0.7808890342712402,0.33034902811050415,0.8187905550003052,0.35315409302711487,0.7957278490066528,0.28789764642715454,0.7622025609016418,0.29751989245414734,0.7545785903930664
mid_059.png,medio,0.7153229117393494,0.47169286012649536,0.7288946509361267,0.46050554513931274,0.734569787979126,0.4605708420276642,0.7405017614364624,0.4607332944869995,0.7192737460136414,0.46123406291007996,0.7171011567115784,0.4616309702396393,0.7148197889328003,0.4619809091091156,0.7612767219543457,0.4696909785270691,0.718902587890625,0.4700060784816742,0.7283715009689331,0.48605215549468994,0.7135387063026428,0.4850280284881592,0.7698427438735962,0.5311485528945923,0.706545889377594,0.515360951423645,0.7493402361869812,0.5908228158950806,0.6556696891784668,0.5676072239875793,0.6840739846229553,0.6350643038749695,0.5805216431617737,0.6012303233146667,0.6787378787994385,0.6523125171661377,0.5525659918785095,0.6092485189437866,0.6698093414306641,0.6432414054870605,0.5490170121192932,0.609369695186615,0.6708940267562866,0.637806236743927,0.5608722567558289,0.6091333627700806,0.6659932136535645,0.6694119572639465,0.6298940181732178,0.6407108902931213,0.48185741901397705,0.677641749382019,0.47640737891197205,0.6667140126228333,0.34986796975135803,0.7626433968544006,0.3558521270751953,0.7525303363800049,0.33426210284233093,0.788296639919281,0.3439658284187317,0.7751215696334839,0.27976638078689575,0.7368406057357788,0.2866124212741852,0.731017529964447
mid_060.png,medio,0.6440624594688416,0.45380324125289917,0.6579141616821289,0.44592171907424927,0.6632046699523926,0.44645601511001587,0.6686668992042542,0.44715821743011475,0.6504070162773132,0.4454934000968933,0.6492759585380554,0.4456337094306946,0.6481060981750488,0.44594740867614746,0.6947673559188843,0.4602106511592865,0.6569228768348694,0.4575788974761963,0.6543641686439514,0.46808141469955444,0.6435865163803101,0.46724241971969604,0.705356240272522,0.5249651074409485,0.6367603540420532,0.5079283714294434,0.6874029040336609,0.5835338830947876,0.5903860330581665,0.5588573813438416,0.6316233277320862,0.6226110458374023,0.5194195508956909,0.5947389602661133,0.628749430179596,0.6429497599601746,0.4921068549156189,0.6047496199607849,0.6164174675941467,0.6355628967285156,0.4882139563560486,0.6039358377456665,0.6189668774604797,0.629065215587616,0.49889418482780457,0.6029541492462158,0.6067236065864563,0.6598926186561584,0.5668827891349792,0.6309844851493835,0.42780643701553345,0.6764217019081116,0.4222645163536072,0.6661758422851562,0.2944053113460541,0.7725040316581726,0.3023427724838257,0.7604766488075256,0.2816058397293091,0.799990713596344,0.2898794412612915,0.7861035466194153,0.2265167385339737,0.7460485100746155,0.23108242452144623,0.7401529550552368
mid_061.png,medio,0.6211373209953308,0.500603973865509,0.6314553022384644,0.4907952547073364,0.6359320878982544,0.4905913174152374,0.6414549350738525,0.4904845952987671,0.6232232451438904,0.4917437434196472,0.6216390132904053,0.4921090006828308,0.6200025081634521,0.4925132095813751,0.6678314208984375,0.4983217418193817,0.6306320428848267,0.5006831884384155,0.6354087591171265,0.5129583477973938,0.6235280632972717,0.5138736963272095,0.6896402835845947,0.5627341866493225,0.6204562187194824,0.5449570417404175,0.6657555103302002,0.6235489845275879,0.5764329433441162,0.5971369743347168,0.6282767057418823,0.6655016541481018,0.5111995935440063,0.6305551528930664,0.6108794808387756,0.6821600198745728,0.4848654270172119,0.640728235244751,0.6032602787017822,0.6729896068572998,0.48134350776672363,0.6408271789550781,0.604816198348999,0.6683197617530823,0.49292153120040894,0.6397560834884644,0.6026020050048828,0.694987952709198,0.5590611100196838,0.6697584986686707,0.42845356464385986,0.715971052646637,0.4124510884284973,0.7058907151222229,0.298403263092041,0.810806393623352,0.3009178638458252,0.8002607226371765,0.2855865955352783,0.8390471935272217,0.29282039403915405,0.8241517543792725,0.22943025827407837,0.7908157110214233,0.23313766717910767,0.785169243812561
mid_062.png,medio,0.636533796787262,0.49391382932662964,0.647838294506073,0.4829972982406616,0.6528258323669434,0.4831780195236206,0.6582858562469482,0.48354676365852356,0.6408815383911133,0.4835502505302429,0.6402149200439453,0.48403269052505493,0.6396125555038452,0.48452359437942505,0.6836514472961426,0.4928540587425232,0.6507289409637451,0.49324339628219604,0.6509265303611755,0.5080048441886902,0.6402773857116699,0.5078445672988892,0.7065944075584412,0.5579805374145508,0.6387307643890381,0.5389438271522522,0.6868470907211304,0.6238840222358704,0.5879799723625183,0.5937306880950928,0.6460892558097839,0.6607401371002197,0.5216357111930847,0.6319689154624939,0.6254243850708008,0.6757553219795227,0.495294451713562,0.6411736011505127,0.6181892156600952,0.6678690910339355,0.49178993701934814,0.6410940289497375,0.6214838027954102,0.661976158618927,0.5029822587966919,0.6401407718658447,0.6212472319602966,0.6928311586380005,0.5773577094078064,0.6623720526695251,0.44617214798927307,0.7126733660697937,0.42996126413345337,0.7009208798408508,0.31832700967788696,0.8072157502174377,0.3165816068649292,0.7956487536430359,0.3085130751132965,0.8367179036140442,0.30870532989501953,0.8201636075973511,0.23894518613815308,0.7879103422164917,0.23965711891651154,0.7821433544158936
mid_063.png,medio,0.6391212344169617,0.4781743884086609,0.6526269316673279,0.46806055307388306,0.6584625244140625,0.4683001637458801,0.6650756597518921,0.46862196922302246,0.6420233249664307,0.46788525581359863,0.6401147842407227,0.4678211808204651,0.6382378339767456,0.467967689037323,0.6904562711715698,0.47752267122268677,0.6483535766601562,0.47790247201919556,0.6523849964141846,0.4919382929801941,0.639053225517273,0.4904918372631073,0.7025693655014038,0.5370156764984131,0.6378065347671509,0.5213457345962524,0.6880764961242676,0.5949524641036987,0.5918484330177307,0.5732546448707581,0.6381416916847229,0.6395426988601685,0.5240393877029419,0.6123016476631165,0.6365708708763123,0.6567644476890564,0.49872103333473206,0.6224682927131653,0.6284275054931641,0.6483529210090637,0.4939988851547241,0.6234443783760071,0.62795090675354,0.6429956555366516,0.5054721832275391,0.6222952008247375,0.6205165386199951,0.6741833090782166,0.5754137635231018,0.648389995098114,0.4443008303642273,0.6969186067581177,0.42732179164886475,0.6886085271835327,0.31790387630462646,0.7910178303718567,0.31637030839920044,0.7840020060539246,0.30427825450897217,0.8194993734359741,0.30671000480651855,0.8079490661621094,0.24581322073936462,0.771835207939148,0.24505501985549927,0.7662739753723145
mid_064.png,medio,0.6297656893730164,0.460357129573822,0.6450801491737366,0.45034754276275635,0.6499213576316833,0.4511270821094513,0.6564829349517822,0.4520750641822815,0.639428973197937,0.449418306350708,0.6398313641548157,0.4496375322341919,0.6403033137321472,0.4499046802520752,0.683460533618927,0.46110963821411133,0.6541495323181152,0.45884180068969727,0.6422817707061768,0.4742377996444702,0.635397732257843,0.4727027714252472,0.7054306864738464,0.5234634876251221,0.6391513347625732,0.5017343759536743,0.6877774000167847,0.5901923179626465,0.5961563587188721,0.5578446388244629,0.6373801231384277,0.6286033391952515,0.5258526802062988,0.5975963473320007,0.6281647682189941,0.6476150155067444,0.4994012713432312,0.6085146069526672,0.6169833540916443,0.6396717429161072,0.49398690462112427,0.6095607280731201,0.6203306913375854,0.6328424215316772,0.5060021877288818,0.607398271560669,0.6216627359390259,0.6622871160507202,0.5794508457183838,0.6315715909004211,0.44690537452697754,0.6885185241699219,0.4290982484817505,0.673888623714447,0.3206961154937744,0.7828189134597778,0.3219541609287262,0.7709057927131653,0.3067086935043335,0.8097813129425049,0.3110606372356415,0.7918081283569336,0.24710577726364136,0.7603440284729004,0.2463272511959076,0.751886248588562
mid_065.png,medio,0.5810742974281311,0.47589442133903503,0.5933033227920532,0.46561700105667114,0.5970466732978821,0.46622633934020996,0.6012874245643616,0.46698740124702454,0.5881212949752808,0.46506446599960327,0.5875980257987976,0.4651314616203308,0.5873199701309204,0.46517664194107056,0.621425449848175,0.4767255485057831,0.5990633964538574,0.4721341133117676,0.5887721180915833,0.4884777069091797,0.5810574889183044,0.4866560697555542,0.624201238155365,0.5327433943748474,0.590304434299469,0.5175129771232605,0.588080108165741,0.6047009229660034,0.5410432815551758,0.569833517074585,0.5060743689537048,0.6321542859077454,0.47288277745246887,0.5938399434089661,0.48365354537963867,0.6448149681091309,0.44402608275413513,0.5995196104049683,0.47918441891670227,0.6360260844230652,0.44020628929138184,0.5994459390640259,0.48803114891052246,0.6301171779632568,0.4514933228492737,0.5987187027931213,0.5338225364685059,0.6638343930244446,0.521210253238678,0.6374176740646362,0.3551216423511505,0.6591940522193909,0.36896568536758423,0.6445494890213013,0.2340027093887329,0.7329752445220947,0.27959442138671875,0.7087027430534363,0.22176769375801086,0.7538244724273682,0.2872928977012634,0.7170428037643433,0.17964711785316467,0.7003498673439026,0.20144766569137573,0.6894810199737549
mid_066.png,medio,0.5873466730117798,0.4762364327907562,0.5977155566215515,0.4654105305671692,0.6011449694633484,0.46528488397598267,0.6050758361816406,0.46528053283691406,0.5936692953109741,0.4654049575328827,0.5939425230026245,0.4652709662914276,0.594426155090332,0.465106725692749,0.6283973455429077,0.4719312787055969,0.6096730828285217,0.46965715289115906,0.596524715423584,0.48740869760513306,0.590793251991272,0.48673537373542786,0.6347813606262207,0.534003496170044,0.5942270755767822,0.5165930390357971,0.5949844121932983,0.6073868870735168,0.5436055660247803,0.5685257911682129,0.5149903297424316,0.6344931721687317,0.4813985228538513,0.5936447978019714,0.49514588713645935,0.6453287601470947,0.4516318440437317,0.6000572443008423,0.4925696849822998,0.637222409248352,0.4481395483016968,0.5994857549667358,0.499240517616272,0.6323946714401245,0.46067550778388977,0.5998597145080566,0.5494624972343445,0.6635828018188477,0.5308329463005066,0.6326360106468201,0.3655191659927368,0.6643057465553284,0.37873053550720215,0.6488239765167236,0.2366744577884674,0.7363433837890625,0.26743999123573303,0.7127519845962524,0.22015248239040375,0.7566415071487427,0.258884996175766,0.7331275939941406,0.18706457316875458,0.7000957727432251,0.20037409663200378,0.6918469071388245
mid_067.png,medio,0.5939987897872925,0.4792749285697937,0.6054001450538635,0.46942833065986633,0.6090933680534363,0.4695846438407898,0.6132625341415405,0.4699021577835083,0.6007536053657532,0.4695037007331848,0.6008208990097046,0.469599187374115,0.6010320782661438,0.4696598947048187,0.636148989200592,0.4779331386089325,0.6156419515609741,0.47488951683044434,0.6035777926445007,0.49112653732299805,0.5964934229850769,0.49025359749794006,0.6442804336547852,0.5387364625930786,0.6046371459960938,0.5219888687133789,0.6043205261230469,0.612051784992218,0.5486369729042053,0.5741356611251831,0.5229247212409973,0.6408385038375854,0.47953569889068604,0.5991775989532471,0.5020508766174316,0.6528165340423584,0.45196354389190674,0.604348361492157,0.4979660212993622,0.6448656320571899,0.44839224219322205,0.6035111546516418,0.503546953201294,0.6385092735290527,0.46012863516807556,0.6040350794792175,0.5453879833221436,0.6712868213653564,0.5298892259597778,0.6435210704803467,0.36304986476898193,0.6665966510772705,0.37567779421806335,0.6531425714492798,0.24129655957221985,0.7390269637107849,0.2813863456249237,0.7153440117835999,0.2260240614414215,0.76054447889328,0.2740057408809662,0.735363781452179,0.1898910105228424,0.705605685710907,0.21058234572410583,0.6935267448425293
mid_068.png,medio,0.5672487020492554,0.47729766368865967,0.5711652040481567,0.4717288315296173,0.5747112035751343,0.47247135639190674,0.5755899548530579,0.47275495529174805,0.5713387131690979,0.47147589921951294,0.5719521045684814,0.47149956226348877,0.5724335312843323,0.47170406579971313,0.5913559198379517,0.48085087537765503,0.5866838097572327,0.47488152980804443,0.5699108839035034,0.48318687081336975,0.5699776411056519,0.4830320179462433,0.5947625041007996,0.52199387550354,0.5734589099884033,0.521548867225647,0.5574115514755249,0.5754674077033997,0.5299772620201111,0.567082405090332,0.4905100464820862,0.6151586771011353,0.47220170497894287,0.5952630043029785,0.4804871678352356,0.6284142732620239,0.44917863607406616,0.6002646088600159,0.47153639793395996,0.6238088011741638,0.4452282190322876,0.6005433797836304,0.4731994569301605,0.6199789047241211,0.4548417627811432,0.6001015901565552,0.5447883605957031,0.6361883878707886,0.5228151679039001,0.6280403137207031,0.4358412027359009,0.6209754943847656,0.37201136350631714,0.6246656775474548,0.30824559926986694,0.6856666803359985,0.26363199949264526,0.6820017695426941,0.26262444257736206,0.7067884802818298,0.25385797023773193,0.7026576399803162,0.21343892812728882,0.6680517196655273,0.2106553316116333,0.6646762490272522
mid_069.png,medio,0.5434879064559937,0.4792660176753998,0.5487441420555115,0.47144630551338196,0.5516040921211243,0.4717675447463989,0.5520589351654053,0.47178250551223755,0.5522128939628601,0.4717080295085907,0.5535610318183899,0.4717584252357483,0.5549194812774658,0.4719528555870056,0.5648820996284485,0.4840701222419739,0.5692644715309143,0.482336163520813,0.5443408489227295,0.4879685342311859,0.5454821586608887,0.48845213651657104,0.5487982034683228,0.5330082178115845,0.5672325491905212,0.5319703817367554,0.5239381790161133,0.5980204343795776,0.5243675112724304,0.5712049007415771,0.4487907886505127,0.6338998675346375,0.46189913153648376,0.5999643206596375,0.4337894916534424,0.639122724533081,0.4363657236099243,0.6028972864151001,0.4356614351272583,0.6295188665390015,0.43435946106910706,0.6029683947563171,0.438543438911438,0.6282970309257507,0.4404505491256714,0.6036616563796997,0.5127498507499695,0.6652683615684509,0.5251571536064148,0.6571146845817566,0.3641808032989502,0.6375174522399902,0.38280266523361206,0.6457889676094055,0.24850350618362427,0.6926906704902649,0.2636389136314392,0.6877954602241516,0.2220999300479889,0.712005615234375,0.24345049262046814,0.6987849473953247,0.1854611337184906,0.6629418134689331,0.1911444067955017,0.6607435941696167
mid_070.png,medio,0.5372638702392578,0.4832601249217987,0.5451008677482605,0.47476914525032043,0.5458787083625793,0.4748106896877289,0.5464447140693665,0.4750675857067108,0.5449329018592834,0.4743382930755615,0.5453925132751465,0.47420427203178406,0.5457808971405029,0.47432854771614075,0.5567274689674377,0.48014867305755615,0.5557971000671387,0.47580450773239136,0.5397567749023438,0.49014607071876526,0.5398707985877991,0.49057459831237793,0.5544533133506775,0.5299896001815796,0.5505800843238831,0.5260382890701294,0.516991138458252,0.5948514938354492,0.5098013877868652,0.5753915905952454,0.43396618962287903,0.6291888952255249,0.4517706334590912,0.6034164428710938,0.43351197242736816,0.6342597603797913,0.43519890308380127,0.6138775944709778,0.42963144183158875,0.6284038424491882,0.4303501546382904,0.6040358543395996,0.4285873472690582,0.6252279877662659,0.4405069947242737,0.6050233244895935,0.5254459977149963,0.6513653993606567,0.5149478912353516,0.6461324095726013,0.4021117687225342,0.6348432898521423,0.36921513080596924,0.6306533217430115,0.2612880766391754,0.6922637820243835,0.25252920389175415,0.6884863972663879,0.2211783528327942,0.7102319598197937,0.22336328029632568,0.70699542760849,0.17785656452178955,0.6652088761329651,0.1790822148323059,0.6657220721244812
mid_071.png,medio,0.49068930745124817,0.5228369235992432,0.4975128471851349,0.5136404633522034,0.4993186891078949,0.513997495174408,0.5013824105262756,0.5145702958106995,0.49747133255004883,0.5126270055770874,0.49915435910224915,0.5123199820518494,0.5010581612586975,0.5121002793312073,0.5243990421295166,0.5227912068367004,0.5205619931221008,0.5174390077590942,0.49690818786621094,0.5336767435073853,0.4964476227760315,0.5332258343696594,0.5395835638046265,0.5941725969314575,0.5113000869750977,0.5671693086624146,0.4998614490032196,0.6691780686378479,0.46382200717926025,0.6207173466682434,0.41141578555107117,0.6919551491737366,0.4010649621486664,0.6391023397445679,0.3914562463760376,0.6977682709693909,0.3740270435810089,0.6434415578842163,0.38870036602020264,0.6867961287498474,0.371859073638916,0.6421638131141663,0.39496034383773804,0.6835823655128479,0.38030973076820374,0.6430236101150513,0.4800466001033783,0.720589280128479,0.46245458722114563,0.6903709173202515,0.2866521179676056,0.710173487663269,0.30242466926574707,0.6970288753509521,0.16873276233673096,0.7803346514701843,0.19501709938049316,0.7625055313110352,0.15183457732200623,0.7960842251777649,0.1772666573524475,0.7779967784881592,0.11615663021802902,0.7482869029045105,0.1290929615497589,0.741756021976471
fin_001.png,final,0.5134665369987488,0.46060124039649963,0.517715573310852,0.4555438160896301,0.5180135369300842,0.45633912086486816,0.5181087851524353,0.45711788535118103,0.5204044580459595,0.45097994804382324,0.5223253965377808,0.45008862018585205,0.5333982706069946,0.44800418615341187,0.5387433767318726,0.4649806022644043,0.550055742263794,0.4609217643737793,0.5170063376426697,0.47344422340393066,0.5188191533088684,0.4699802100658417,0.5680467486381531,0.5450882315635681,0.5324394702911377,0.5060074925422668,0.6074652671813965,0.6111351251602173,0.49374818801879883,0.552613377571106,0.6104387044906616,0.6748567223548889,0.46697646379470825,0.5742355585098267,0.6124497056007385,0.6942822933197021,0.45985153317451477,0.5831363201141357,0.6026274561882019,0.6939364075660706,0.46004292368888855,0.5853856205940247,0.6024193167686462,0.6856200098991394,0.4627244472503662,0.5830932259559631,0.49495452642440796,0.6873136758804321,0.48387226462364197,0.6490773558616638,0.3173692524433136,0.6956216096878052,0.33242660760879517,0.6801393032073975,0.14578783512115479,0.6964753866195679,0.1737581193447113,0.6618271470069885,0.11882209777832031,0.711407482624054,0.1477336287498474,0.6840578317642212,0.10819503664970398,0.647834837436676,0.13273897767066956,0.6229804158210754
fin_002.png,final,0.5197553038597107,0.46380746364593506,0.5242555141448975,0.4567409157752991,0.5242160558700562,0.4573994576931,0.5239443778991699,0.4579801857471466,0.5272051095962524,0.45458218455314636,0.5293350219726562,0.45377981662750244,0.5311526656150818,0.4529821276664734,0.54140704870224,0.4649437963962555,0.5467051267623901,0.45711207389831543,0.5223184823989868,0.47443515062332153,0.5247015357017517,0.47298023104667664,0.5712305307388306,0.5482866764068604,0.5402127504348755,0.5135441422462463,0.6228700876235962,0.6287442445755005,0.5148943662643433,0.5801621079444885,0.6130866408348083,0.6890803575515747,0.47403135895729065,0.6192761659622192,0.61446613073349,0.7093686461448669,0.4653695523738861,0.629729151725769,0.6021602749824524,0.7082639932632446,0.4629570245742798,0.6322603225708008,0.5982261896133423,0.7021210193634033,0.46685901284217834,0.6298185586929321,0.49068158864974976,0.6913616061210632,0.4844094216823578,0.6537367105484009,0.3177993893623352,0.6949418187141418,0.3368946611881256,0.6791930794715881,0.14223358035087585,0.6990134716033936,0.17574039101600647,0.6613557934761047,0.11794370412826538,0.7133330702781677,0.1659688949584961,0.6805440187454224,0.10752454400062561,0.6506097912788391,0.13721004128456116,0.6177266240119934
fin_003.png,final,0.5102939009666443,0.4681726396083832,0.5137693285942078,0.4606834948062897,0.5133953094482422,0.46131616830825806,0.5129769444465637,0.46191084384918213,0.516764223575592,0.45841097831726074,0.5195449590682983,0.45756271481513977,0.521689236164093,0.4567522704601288,0.5248540043830872,0.46880972385406494,0.5495407581329346,0.46468403935432434,0.5131493210792542,0.4778043329715729,0.5157305598258972,0.47662168741226196,0.5609793066978455,0.5482774972915649,0.5333393812179565,0.5108416676521301,0.5986703634262085,0.6146317720413208,0.5070197582244873,0.5836840867996216,0.6040882468223572,0.6846073865890503,0.47155526280403137,0.6394285559654236,0.6106044054031372,0.7005621790885925,0.4613797664642334,0.655487596988678,0.6011061668395996,0.7000430226325989,0.4614456295967102,0.6592663526535034,0.596494734287262,0.6962602734565735,0.4663805365562439,0.6543090343475342,0.4915493428707123,0.6946017146110535,0.47423726320266724,0.6705227494239807,0.31319665908813477,0.6997313499450684,0.3293834924697876,0.6836668848991394,0.1456758975982666,0.6964995861053467,0.16986462473869324,0.6684907674789429,0.11621055006980896,0.7131016254425049,0.14119893312454224,0.6938254237174988,0.1084679365158081,0.6470739841461182,0.12918463349342346,0.6307308077812195
fin_004.png,final,0.5192780494689941,0.4659634530544281,0.5252059102058411,0.4586013853549957,0.5248849987983704,0.4593863785266876,0.5254172086715698,0.4603009521961212,0.5286616086959839,0.4562795162200928,0.530845582485199,0.4555283784866333,0.5325410962104797,0.45485997200012207,0.5615613460540771,0.4731994867324829,0.5571234226226807,0.46605467796325684,0.5208908915519714,0.4767494201660156,0.5232179760932922,0.47489088773727417,0.5635321140289307,0.5502221584320068,0.532386302947998,0.5125969052314758,0.6032785773277283,0.6189233064651489,0.4905696213245392,0.5792073607444763,0.6144856214523315,0.6528444886207581,0.4542430639266968,0.6181017756462097,0.6172440052032471,0.6662810444831848,0.44538968801498413,0.6296195983886719,0.6058717966079712,0.6765691637992859,0.44547173380851746,0.6338176727294922,0.6057184934616089,0.6639893054962158,0.4500724971294403,0.6302207112312317,0.49345558881759644,0.692851185798645,0.4852217435836792,0.653849184513092,0.32003751397132874,0.6964882016181946,0.33468514680862427,0.6816484928131104,0.1465913951396942,0.6983326077461243,0.17284181714057922,0.6669135093688965,0.11726892739534378,0.7155247330665588,0.15063440799713135,0.686951756477356,0.1093645989894867,0.6481743454933167,0.131850928068161,0.6280073523521423
fin_005.png,final,0.5186548233032227,0.4682213366031647,0.5241402387619019,0.4636445939540863,0.5243517160415649,0.4645175039768219,0.5244303941726685,0.4654189348220825,0.5374346971511841,0.45534101128578186,0.5387885570526123,0.4558313488960266,0.5400887131690979,0.4563051164150238,0.5614607334136963,0.4769209921360016,0.5557419061660767,0.4707822799682617,0.5204737186431885,0.48166415095329285,0.5226165056228638,0.47795575857162476,0.5687122344970703,0.5529947280883789,0.5297024250030518,0.513002872467041,0.6189302802085876,0.6282312870025635,0.5064240097999573,0.5815850496292114,0.610296905040741,0.6925097107887268,0.47139620780944824,0.6264069676399231,0.6103722453117371,0.7092504501342773,0.46100273728370667,0.638670027256012,0.5986757278442383,0.712186336517334,0.4610474407672882,0.6435351371765137,0.5975945591926575,0.704245924949646,0.46623554825782776,0.6402645111083984,0.49538394808769226,0.695984959602356,0.4803357720375061,0.6585009098052979,0.3193119764328003,0.7005143165588379,0.33097952604293823,0.6853637099266052,0.14764130115509033,0.7014650702476501,0.17002755403518677,0.6713100075721741,0.11753830313682556,0.7204707264900208,0.13815876841545105,0.6959312558174133,0.10906195640563965,0.6550448536872864,0.129035085439682,0.6344099044799805
fin_006.png,final,0.5154502987861633,0.4753533601760864,0.5199230909347534,0.46828779578208923,0.5201189517974854,0.46897298097610474,0.5201380252838135,0.46958306431770325,0.521990180015564,0.4659460186958313,0.5236951112747192,0.4649655520915985,0.525234580039978,0.4640483260154724,0.5594660043716431,0.47994235157966614,0.5509410500526428,0.47451022267341614,0.5196239948272705,0.4849788546562195,0.520667552947998,0.48372796177864075,0.5671767592430115,0.554916262626648,0.5416123270988464,0.5176341533660889,0.6065557599067688,0.6257474422454834,0.5093790292739868,0.5764721035957336,0.6088195443153381,0.6910068392753601,0.48393484950065613,0.6179019808769226,0.6104682683944702,0.7118455171585083,0.47626858949661255,0.6320863366127014,0.5991755723953247,0.7113657593727112,0.4763295650482178,0.6351227164268494,0.5952412486076355,0.7063891291618347,0.4794252812862396,0.630805253982544,0.4942101538181305,0.698815643787384,0.4808063507080078,0.6733436584472656,0.32008862495422363,0.6991807818412781,0.3318738341331482,0.6847958564758301,0.14191123843193054,0.7038635015487671,0.1748640537261963,0.6658945679664612,0.11745712161064148,0.7170352339744568,0.15165975689888,0.670351505279541,0.10425814986228943,0.6553997993469238,0.13329151272773743,0.6259451508522034
fin_007.png,final,0.5174698233604431,0.47434037923812866,0.5205926895141602,0.46576038002967834,0.5200274586677551,0.46615326404571533,0.5206787586212158,0.4667445123195648,0.5246556997299194,0.4641755223274231,0.5270467400550842,0.4634552597999573,0.5407366752624512,0.4601803719997406,0.5341506004333496,0.47309863567352295,0.5559671521186829,0.4712797999382019,0.5197852849960327,0.483357310295105,0.5228614807128906,0.4829287827014923,0.5606061816215515,0.5480272769927979,0.537574052810669,0.5224127173423767,0.5955069661140442,0.6100085973739624,0.513713002204895,0.5869513154029846,0.6144564151763916,0.6688619256019592,0.47979867458343506,0.640259325504303,0.6181484460830688,0.683186948299408,0.47242170572280884,0.6561383605003357,0.6099258065223694,0.6807698607444763,0.47031915187835693,0.6588570475578308,0.606485903263092,0.6802024245262146,0.4733024835586548,0.6538273096084595,0.49117907881736755,0.695854663848877,0.48496052622795105,0.6773788928985596,0.3229110836982727,0.698148250579834,0.3336389660835266,0.687730073928833,0.14644348621368408,0.7020152807235718,0.17157602310180664,0.6757518649101257,0.11954551935195923,0.7183488607406616,0.15331101417541504,0.7075024247169495,0.11258873343467712,0.6548157334327698,0.12863266468048096,0.6413297653198242
fin_008.png,final,0.52153080701828,0.4803362190723419,0.5222581624984741,0.4777531027793884,0.5222998261451721,0.4780173599720001,0.522257924079895,0.47830119729042053,0.53523850440979,0.4724298417568207,0.5359723567962646,0.4725993871688843,0.5366904735565186,0.4727717638015747,0.5604149699211121,0.4902861714363098,0.550857424736023,0.48402151465415955,0.5176302194595337,0.494247704744339,0.5196951627731323,0.4934719204902649,0.5609138011932373,0.5546836853027344,0.5309849381446838,0.5295171737670898,0.6073517799377441,0.6290785074234009,0.52290940284729,0.6017370820045471,0.6081990599632263,0.6954015493392944,0.5015504956245422,0.6574062705039978,0.6092065572738647,0.7188349962234497,0.49526071548461914,0.6754434704780579,0.5959414839744568,0.7192676067352295,0.496028870344162,0.6777097582817078,0.593180775642395,0.7078239321708679,0.5005452632904053,0.6719063520431519,0.49595192074775696,0.6987735629081726,0.4751462936401367,0.675417959690094,0.31531235575675964,0.6981434226036072,0.3260733485221863,0.6876562833786011,0.14165416359901428,0.701604962348938,0.15891671180725098,0.675877571105957,0.11240547895431519,0.7244055271148682,0.14654013514518738,0.7011380195617676,0.1042935848236084,0.6555372476577759,0.12096893787384033,0.6387761235237122
fin_009.png,final,0.5174425840377808,0.47998759150505066,0.5217427015304565,0.47467637062072754,0.5219561457633972,0.4750446379184723,0.5221216678619385,0.4754369854927063,0.5330540537834167,0.4721313714981079,0.5345425009727478,0.4724179208278656,0.535995602607727,0.4727209806442261,0.55440753698349,0.4900030195713043,0.5518763661384583,0.48457178473472595,0.5180571675300598,0.49138331413269043,0.5198255777359009,0.4907259941101074,0.5569722056388855,0.5593507289886475,0.5290287137031555,0.529908299446106,0.5986180901527405,0.6280126571655273,0.5237879753112793,0.606417179107666,0.6073469519615173,0.6654306054115295,0.5037568807601929,0.6491568088531494,0.6147640943527222,0.6764236092567444,0.4996921718120575,0.6626110672950745,0.6046469807624817,0.675209641456604,0.49922990798950195,0.6636341214179993,0.6018144488334656,0.6747339367866516,0.5025708675384521,0.6587958931922913,0.484676331281662,0.703372597694397,0.4739627242088318,0.6762204766273499,0.3115632236003876,0.7029531002044678,0.32865411043167114,0.6896824240684509,0.13454067707061768,0.712060272693634,0.16158854961395264,0.677061140537262,0.11105668544769287,0.7262718081474304,0.15235492587089539,0.7053447365760803,0.10208675265312195,0.65629643201828,0.12274140119552612,0.6383160352706909
fin_010.png,final,0.5137358903884888,0.4790455102920532,0.522499680519104,0.4761410653591156,0.5250588059425354,0.47707971930503845,0.5257863998413086,0.4777643084526062,0.5306893587112427,0.4728679656982422,0.5319933295249939,0.47310128808021545,0.5332554578781128,0.4733530282974243,0.5567158460617065,0.4948502480983734,0.5504649877548218,0.48677876591682434,0.5197113156318665,0.49375301599502563,0.5124841332435608,0.49237045645713806,0.5566920042037964,0.5605087876319885,0.5311429500579834,0.5305054187774658,0.6076958179473877,0.6288385987281799,0.5139335989952087,0.5999323725700378,0.6090892553329468,0.6842077970504761,0.48848509788513184,0.6352300643920898,0.6112579107284546,0.6955718994140625,0.4833308756351471,0.6460280418395996,0.6010279655456543,0.6940325498580933,0.4829140305519104,0.6477316617965698,0.5991233587265015,0.6850000619888306,0.4860711097717285,0.6444965600967407,0.4853630065917969,0.7043376564979553,0.47183823585510254,0.6724326610565186,0.31052374839782715,0.7030193209648132,0.3261662721633911,0.678432285785675,0.1379271149635315,0.707884669303894,0.16316798329353333,0.6719912886619568,0.10829242318868637,0.7269589900970459,0.16408327221870422,0.692832350730896,0.10594654083251953,0.6491912007331848,0.13244453072547913,0.6260414719581604
fin_011.png,final,0.515525758266449,0.48650601506233215,0.5204686522483826,0.4806990623474121,0.5208895206451416,0.4827510714530945,0.521633505821228,0.4832019805908203,0.5301893949508667,0.47888797521591187,0.5312460660934448,0.4790940284729004,0.5322854518890381,0.4793020486831665,0.5544040203094482,0.4969354569911957,0.547437846660614,0.49073660373687744,0.5172608494758606,0.5002239942550659,0.5143897533416748,0.4996051788330078,0.5554876923561096,0.5589590072631836,0.5286719799041748,0.5329681038856506,0.6011282205581665,0.6235247254371643,0.520346462726593,0.6048251986503601,0.6046675443649292,0.6816371083259583,0.4934823215007782,0.6502091288566589,0.6089259386062622,0.6942882537841797,0.48707476258277893,0.6644061207771301,0.6006793975830078,0.6933656334877014,0.4864782989025116,0.6656532287597656,0.5963399410247803,0.691210150718689,0.49031803011894226,0.6611695885658264,0.4826904833316803,0.7040201425552368,0.4716874659061432,0.6774556040763855,0.3067135214805603,0.7035652995109558,0.32085779309272766,0.6904751658439636,0.13620853424072266,0.7088120579719543,0.16239680349826813,0.6732844114303589,0.10956767201423645,0.7263363003730774,0.14663243293762207,0.6965633034706116,0.10316306352615356,0.6530086994171143,0.12882789969444275,0.6256340742111206
fin_012.png,final,0.5080395936965942,0.4831204414367676,0.5140040516853333,0.4750007092952728,0.5139327645301819,0.4753515124320984,0.5138535499572754,0.4757101237773895,0.5275871157646179,0.4688766598701477,0.5286691188812256,0.4689766764640808,0.5297142863273621,0.4690716564655304,0.5512362718582153,0.4859103262424469,0.5449574589729309,0.47950032353401184,0.5123535990715027,0.4920128881931305,0.5132229328155518,0.49214616417884827,0.5583294630050659,0.5523045063018799,0.5339066386222839,0.5233482718467712,0.587846040725708,0.613736629486084,0.5057833790779114,0.5837579965591431,0.6023873090744019,0.6737733483314514,0.4837246835231781,0.6299847364425659,0.6042706370353699,0.6948605179786682,0.4771953225135803,0.6457934975624084,0.5987448692321777,0.6951501965522766,0.4806201756000519,0.6475358605384827,0.5968378186225891,0.6848859786987305,0.48459744453430176,0.6419457197189331,0.492026686668396,0.6970884203910828,0.47934603691101074,0.6724990010261536,0.31414175033569336,0.7057700157165527,0.3260287940502167,0.6911086440086365,0.13661381602287292,0.7115639448165894,0.17060860991477966,0.6716832518577576,0.11270815134048462,0.7253128290176392,0.1462492048740387,0.700282633304596,0.09701129794120789,0.6688370704650879,0.12574106454849243,0.6358194351196289
fin_013.png,final,0.502455472946167,0.48603376746177673,0.5085992813110352,0.47756505012512207,0.5079808831214905,0.4798944592475891,0.5074264407157898,0.4800538122653961,0.5114685297012329,0.4765232801437378,0.513088583946228,0.47576704621315,0.52021324634552,0.47481802105903625,0.5248591899871826,0.48546406626701355,0.5353683829307556,0.48327767848968506,0.5103291273117065,0.4954327642917633,0.5089688897132874,0.4954277575016022,0.5534570813179016,0.5499529242515564,0.5280651450157166,0.5270863175392151,0.5826191306114197,0.6073790788650513,0.5306665301322937,0.6031528115272522,0.61087965965271,0.6724534630775452,0.5283316373825073,0.6525728106498718,0.6134364008903503,0.6962003111839294,0.5272384881973267,0.6701814532279968,0.6069138050079346,0.6962621212005615,0.526572048664093,0.6707258820533752,0.6051396131515503,0.6841140985488892,0.5290963053703308,0.6645677089691162,0.5005624294281006,0.708621621131897,0.4756954312324524,0.681420087814331,0.3183723986148834,0.7045742273330688,0.3290264904499054,0.6919843554496765,0.13906419277191162,0.7059056758880615,0.1570693701505661,0.6819483041763306,0.11541962623596191,0.72543865442276,0.13468733429908752,0.7095053195953369,0.10218581557273865,0.6584506034851074,0.11801329255104065,0.6425142288208008
fin_014.png,final,0.5069191455841064,0.48153364658355713,0.5126393437385559,0.4734306335449219,0.5131407380104065,0.47397488355636597,0.513412594795227,0.4745646119117737,0.5145895481109619,0.47190892696380615,0.5165277719497681,0.4712945818901062,0.5182972550392151,0.4707401394844055,0.5306775569915771,0.4825180172920227,0.5322977900505066,0.4758211672306061,0.5114585161209106,0.49148792028427124,0.5125371813774109,0.49184757471084595,0.5559589266777039,0.5566350817680359,0.5302517414093018,0.5244663953781128,0.6114323735237122,0.6315499544143677,0.526413083076477,0.6071799993515015,0.6126701831817627,0.6952114105224609,0.5061560869216919,0.6556840538978577,0.6140326261520386,0.717322826385498,0.5035009384155273,0.6694800853729248,0.6008763313293457,0.7163936495780945,0.5024053454399109,0.6717246174812317,0.5985648036003113,0.7044975757598877,0.5051143765449524,0.6678328514099121,0.49593475461006165,0.7006949782371521,0.4798322916030884,0.676501452922821,0.31890779733657837,0.7037221789360046,0.3346490263938904,0.6887195706367493,0.13798320293426514,0.7120910286903381,0.17191001772880554,0.672079861164093,0.11422616243362427,0.724560022354126,0.1453116536140442,0.6955752968788147,0.10190519690513611,0.6632553935050964,0.12722158432006836,0.6355977058410645
fin_015.png,final,0.5121534466743469,0.4778991937637329,0.5183811783790588,0.46955960988998413,0.5183393359184265,0.4722175598144531,0.5205876231193542,0.4732149541378021,0.5201692581176758,0.4673216938972473,0.5220237374305725,0.4663788676261902,0.5236499309539795,0.46552595496177673,0.5546109676361084,0.489661306142807,0.5494216084480286,0.48385244607925415,0.5180569887161255,0.4889132082462311,0.5126839876174927,0.4885227382183075,0.5612508654594421,0.5577427744865417,0.5376051068305969,0.5282294154167175,0.6171702742576599,0.6242933869361877,0.5314856767654419,0.6029312014579773,0.6125544309616089,0.6912415623664856,0.5053346157073975,0.6521910429000854,0.6143877506256104,0.7045673131942749,0.499103844165802,0.6676025390625,0.6009659171104431,0.7070516347885132,0.49783504009246826,0.6707749366760254,0.5989824533462524,0.6998488306999207,0.5014331936836243,0.665793240070343,0.4855158030986786,0.7058955430984497,0.48155322670936584,0.6667689681053162,0.3110221028327942,0.7070770859718323,0.33128517866134644,0.6888493299484253,0.13682088255882263,0.7133827805519104,0.17341828346252441,0.6700724959373474,0.11601090431213379,0.724978506565094,0.1512986421585083,0.6877643465995789,0.10393896698951721,0.6643304228782654,0.13479578495025635,0.6287515163421631
fin_016.png,final,0.5093644857406616,0.4757115840911865,0.5168204307556152,0.47324544191360474,0.5174376368522644,0.47381189465522766,0.5197087526321411,0.4747181534767151,0.5264132618904114,0.4701034426689148,0.5278860926628113,0.4704604148864746,0.529292643070221,0.47082462906837463,0.5514795780181885,0.49182185530662537,0.5464370250701904,0.48482030630111694,0.5132944583892822,0.49322816729545593,0.5083081722259521,0.4896021783351898,0.559744119644165,0.5593530535697937,0.537632167339325,0.5267865061759949,0.6092765927314758,0.6286001205444336,0.5227429866790771,0.6012561321258545,0.6113176941871643,0.6902828216552734,0.49778005480766296,0.6426385641098022,0.613814651966095,0.7038333415985107,0.49171897768974304,0.6555027961730957,0.603578507900238,0.7031673789024353,0.4909772574901581,0.6585906147956848,0.6013820767402649,0.6997926831245422,0.49504947662353516,0.6545319557189941,0.4951137602329254,0.7035197615623474,0.4770297110080719,0.6773755550384521,0.3201349079608917,0.7046921253204346,0.3331303894519806,0.6902360916137695,0.14611655473709106,0.7041195034980774,0.172165185213089,0.674788773059845,0.11592262983322144,0.7217573523521423,0.14327821135520935,0.7022892236709595,0.1099291741847992,0.6555312275886536,0.12548911571502686,0.6417799592018127
fin_017.png,final,0.5201353430747986,0.4736056327819824,0.5242876410484314,0.46814197301864624,0.525235652923584,0.46881622076034546,0.5250633955001831,0.46950042247772217,0.5281263589859009,0.4662091135978699,0.5399653911590576,0.46410197019577026,0.5409470796585083,0.4642309248447418,0.5643755793571472,0.48173579573631287,0.5566622614860535,0.4756084680557251,0.5254980325698853,0.4857441186904907,0.5283330082893372,0.485029399394989,0.5625401139259338,0.5524430274963379,0.5435659289360046,0.5252858996391296,0.5982045531272888,0.6131293773651123,0.5026832222938538,0.5810675621032715,0.6169302463531494,0.656811535358429,0.46919015049934387,0.6257867813110352,0.6230591535568237,0.6824244856834412,0.45950961112976074,0.6401411294937134,0.6101232171058655,0.6793263554573059,0.4581344723701477,0.6437341570854187,0.6077887415885925,0.6689648032188416,0.46148955821990967,0.6394156217575073,0.4940289258956909,0.6990633606910706,0.48175638914108276,0.6753003001213074,0.31817683577537537,0.7029446363449097,0.33359968662261963,0.6894248127937317,0.14465099573135376,0.7052642107009888,0.1749201864004135,0.6727524995803833,0.12059241533279419,0.718899667263031,0.14482387900352478,0.6960833072662354,0.11117047071456909,0.6523780226707458,0.1281009316444397,0.6395962834358215
fin_018.png,final,0.5152966976165771,0.4668581783771515,0.5203907489776611,0.4592651128768921,0.5204538702964783,0.45986253023147583,0.5204027891159058,0.46042293310165405,0.5235443711280823,0.4573412835597992,0.5259051322937012,0.4566464126110077,0.5281186699867249,0.4559902250766754,0.5414950251579285,0.47067129611968994,0.546953022480011,0.46266162395477295,0.5191769599914551,0.47795966267585754,0.5213739275932312,0.476941853761673,0.5638646483421326,0.5551223158836365,0.5384858250617981,0.5182310342788696,0.6203534603118896,0.6343691945075989,0.5191115140914917,0.5916030406951904,0.6193426847457886,0.6903769373893738,0.48159438371658325,0.6351104378700256,0.6182278394699097,0.7044018507003784,0.4737575650215149,0.6466104984283447,0.6080267429351807,0.7027402520179749,0.47078999876976013,0.6488062739372253,0.6049022078514099,0.6992074847221375,0.47438162565231323,0.6458901166915894,0.49227285385131836,0.6993116736412048,0.48844343423843384,0.6599546670913696,0.3178556561470032,0.703471839427948,0.3363644778728485,0.6874426007270813,0.14692732691764832,0.7067919373512268,0.1778598129749298,0.6700619459152222,0.12048103660345078,0.7227615714073181,0.15519753098487854,0.6867766380310059,0.10838308930397034,0.6582478284835815,0.1366868019104004,0.6278812289237976
fin_019.png,final,0.5220465660095215,0.4754117429256439,0.5276402831077576,0.46849003434181213,0.527753472328186,0.47059494256973267,0.5276603698730469,0.47158244252204895,0.5304193496704102,0.46616697311401367,0.5327110290527344,0.46540367603302,0.5346758961677551,0.46466487646102905,0.5467839241027832,0.48013827204704285,0.5546330809593201,0.4795924127101898,0.526623010635376,0.4870934784412384,0.5274604558944702,0.4849344491958618,0.5650805830955505,0.5588923692703247,0.5458811521530151,0.525384783744812,0.6299758553504944,0.638122022151947,0.5136208534240723,0.5872300863265991,0.6191372275352478,0.6957986354827881,0.4757389426231384,0.6268563270568848,0.6199358701705933,0.7133374214172363,0.46684029698371887,0.6379579901695251,0.6054655313491821,0.7121329307556152,0.46460211277008057,0.6399359703063965,0.6016207933425903,0.7075159549713135,0.4681459963321686,0.6374479532241821,0.4880397915840149,0.7041170597076416,0.48968154191970825,0.6600582003593445,0.31804120540618896,0.7050478458404541,0.3424062132835388,0.6860096454620361,0.13979247212409973,0.714031994342804,0.18006616830825806,0.664324939250946,0.11904650926589966,0.7250094413757324,0.1680421680212021,0.6800589561462402,0.09703734517097473,0.6656695604324341,0.14282038807868958,0.62432461977005
fin_020.png,final,0.5211835503578186,0.47920122742652893,0.5264711976051331,0.4713361859321594,0.527898907661438,0.4722215533256531,0.5279829502105713,0.4729013442993164,0.5293146371841431,0.4694085419178009,0.5422250032424927,0.46855998039245605,0.5433670282363892,0.4689919352531433,0.5616368651390076,0.4881439208984375,0.5567980408668518,0.4826098382472992,0.5265414118766785,0.48951366543769836,0.5287231206893921,0.4886891841888428,0.5634980797767639,0.5581866502761841,0.5441025495529175,0.5262119174003601,0.6087835431098938,0.6232557892799377,0.5144062638282776,0.5846248865127563,0.6114596128463745,0.6913990378379822,0.4845249354839325,0.6290620565414429,0.6142107844352722,0.710469663143158,0.476311594247818,0.6430420279502869,0.6018502116203308,0.7108432054519653,0.4762175977230072,0.6465935707092285,0.6011373400688171,0.7029737830162048,0.47956252098083496,0.64226895570755,0.49150550365448,0.7030344009399414,0.4760107696056366,0.6765460968017578,0.3162620961666107,0.7059385180473328,0.33073219656944275,0.6893113851547241,0.1424051821231842,0.7145525813102722,0.17682486772537231,0.6682440638542175,0.11935753375291824,0.7286174297332764,0.1501699686050415,0.6887555718421936,0.10217035561800003,0.6658527851104736,0.13931545615196228,0.6277481913566589
fin_021.png,final,0.5496619939804077,0.4424947500228882,0.555748462677002,0.43331438302993774,0.5584878921508789,0.433440238237381,0.5612117648124695,0.43467092514038086,0.5553745627403259,0.43236494064331055,0.5570430159568787,0.4316912293434143,0.5589619278907776,0.430999219417572,0.5911722183227539,0.44613510370254517,0.5752254724502563,0.43517398834228516,0.5593599081039429,0.45202362537384033,0.5585107207298279,0.45302844047546387,0.611484169960022,0.5125600099563599,0.581335186958313,0.4880124628543854,0.6972341537475586,0.5734696388244629,0.5920832753181458,0.5550800561904907,0.6822283864021301,0.6543832421302795,0.5754430890083313,0.6158724427223206,0.6774712204933167,0.6761701703071594,0.5712739825248718,0.6322611570358276,0.6638780832290649,0.6748978495597839,0.567348301410675,0.6366155743598938,0.6642696857452393,0.6657161116600037,0.5705790519714355,0.6320055723190308,0.5567012429237366,0.6589542031288147,0.5415822267532349,0.6300984621047974,0.3692566454410553,0.6843773126602173,0.38120120763778687,0.6626138091087341,0.1705104410648346,0.7097460627555847,0.18852943181991577,0.6720117330551147,0.1432029902935028,0.7241699695587158,0.16163954138755798,0.6917033791542053,0.14224538207054138,0.6515165567398071,0.15526336431503296,0.6382896900177002
fin_022.png,final,0.5515493750572205,0.4483739733695984,0.5570442080497742,0.44078582525253296,0.5593887567520142,0.4407586455345154,0.5618806481361389,0.44088757038116455,0.5548762083053589,0.4386058747768402,0.5561187863349915,0.4378553628921509,0.5590038299560547,0.4371532201766968,0.5812952518463135,0.44620847702026367,0.5753359794616699,0.4403574764728546,0.5595861077308655,0.4583064913749695,0.5582126379013062,0.45911717414855957,0.6113342642784119,0.5135197639465332,0.5846961140632629,0.4924215078353882,0.7014617323875427,0.5752569437026978,0.6119773983955383,0.5622185468673706,0.6851020455360413,0.6546565890312195,0.6048089265823364,0.6243720650672913,0.6799625158309937,0.6757572889328003,0.6030324101448059,0.6410000920295715,0.6658138632774353,0.672990620136261,0.5982875823974609,0.6445134282112122,0.6655229330062866,0.6645656228065491,0.6004651784896851,0.6401881575584412,0.5532000064849854,0.660925030708313,0.5340130925178528,0.6378160119056702,0.36606985330581665,0.6864796280860901,0.37594708800315857,0.6663973331451416,0.1715722382068634,0.7083750367164612,0.18654711544513702,0.6841111183166504,0.14171242713928223,0.723103404045105,0.1664334088563919,0.69852614402771,0.14209958910942078,0.6576194763183594,0.15115684270858765,0.6427627801895142
fin_023.png,final,0.5475539565086365,0.4338931143283844,0.5544503927230835,0.42753368616104126,0.5569115281105042,0.42800068855285645,0.5595397353172302,0.4286007881164551,0.5538377165794373,0.4259037971496582,0.5557506084442139,0.42515742778778076,0.5579704642295837,0.4244953989982605,0.5844293236732483,0.4368264377117157,0.5769699215888977,0.4274987578392029,0.5579236745834351,0.44579899311065674,0.5567899942398071,0.4445948600769043,0.6159480810165405,0.5129867196083069,0.5860860347747803,0.4829770624637604,0.7048368453979492,0.5790862441062927,0.5885419845581055,0.5526165962219238,0.6848489046096802,0.6602992415428162,0.5680834650993347,0.6083759665489197,0.6796916127204895,0.6816426515579224,0.5644851922988892,0.6227861642837524,0.6638283133506775,0.6795508861541748,0.5604301691055298,0.626326322555542,0.6635847687721252,0.6719359755516052,0.5633985996246338,0.6229569315910339,0.5555868744850159,0.6604397296905518,0.5415359735488892,0.6272556185722351,0.3685673177242279,0.6852253675460815,0.3781850337982178,0.6659723520278931,0.17035984992980957,0.7112686634063721,0.19643661379814148,0.6761481165885925,0.14415499567985535,0.7219042181968689,0.1708962321281433,0.6958953142166138,0.13760513067245483,0.6521649360656738,0.15119591355323792,0.6331759691238403
fin_024.png,final,0.5523198843002319,0.4432297945022583,0.5578926205635071,0.4358558654785156,0.5609661340713501,0.4359383285045624,0.5635999441146851,0.4361765682697296,0.5571507215499878,0.43516820669174194,0.5586622357368469,0.43451470136642456,0.5612702965736389,0.434049129486084,0.5856878757476807,0.44407591223716736,0.5783337950706482,0.4389181137084961,0.5597904920578003,0.4527710974216461,0.5588574409484863,0.4537717401981354,0.6116138100624084,0.5142129063606262,0.5841195583343506,0.4925984740257263,0.7012218832969666,0.5791897773742676,0.6009746193885803,0.5639197826385498,0.6784369945526123,0.6612647771835327,0.5864429473876953,0.6230055689811707,0.6735402941703796,0.6833239793777466,0.5838536024093628,0.6389038562774658,0.6574652194976807,0.6817198991775513,0.5782926082611084,0.6420837044715881,0.6579523086547852,0.6724547743797302,0.5805533528327942,0.6376561522483826,0.556334376335144,0.6638999581336975,0.5363938808441162,0.641552746295929,0.3717900514602661,0.6875851154327393,0.3761132061481476,0.6670041084289551,0.17324957251548767,0.7150944471359253,0.19121688604354858,0.6693959832191467,0.1471412181854248,0.7262094616889954,0.1646173596382141,0.6890414953231812,0.14047354459762573,0.6539223194122314,0.15421056747436523,0.6279895305633545
fin_025.png,final,0.550589382648468,0.4340020716190338,0.5568681955337524,0.42740535736083984,0.5591514110565186,0.4278787672519684,0.5615941286087036,0.4285678267478943,0.5562095046043396,0.4243723452091217,0.5577850341796875,0.4238051772117615,0.5596396327018738,0.42326250672340393,0.5832840800285339,0.4378156363964081,0.57480388879776,0.428909569978714,0.5595228672027588,0.4434174597263336,0.5582299828529358,0.4437907338142395,0.614512026309967,0.509373128414154,0.5829600691795349,0.4832690358161926,0.7019738554954529,0.5753971934318542,0.5946491360664368,0.5541272163391113,0.6808539032936096,0.6580078601837158,0.5710229873657227,0.6208133697509766,0.6760327816009521,0.6801506280899048,0.5661243200302124,0.6369264125823975,0.660681962966919,0.6775467395782471,0.5607889890670776,0.641520619392395,0.6601186394691467,0.6685531139373779,0.5641077756881714,0.6373721957206726,0.5560880899429321,0.6596923470497131,0.5385236740112305,0.6325076818466187,0.3669852316379547,0.6861557960510254,0.37950462102890015,0.6657512784004211,0.17271316051483154,0.7094910144805908,0.19581860303878784,0.674813449382782,0.14545178413391113,0.7233301401138306,0.16971993446350098,0.6940022706985474,0.14512592554092407,0.652504026889801,0.153642475605011,0.6395862102508545
fin_026.png,final,0.5510430932044983,0.43757039308547974,0.5572110414505005,0.4286561608314514,0.5593760013580322,0.42894884943962097,0.561619222164154,0.42939645051956177,0.5565899014472961,0.42745962738990784,0.5582407116889954,0.4268122613430023,0.5601522922515869,0.42618265748023987,0.5827236175537109,0.43779367208480835,0.5752536654472351,0.43028539419174194,0.5611603260040283,0.4473649859428406,0.5587994456291199,0.44792017340660095,0.6150490045547485,0.5122023820877075,0.5853448510169983,0.484527051448822,0.7031781077384949,0.5746272802352905,0.5830745100975037,0.5500098466873169,0.6863179206848145,0.6525044441223145,0.5579180121421814,0.6052378416061401,0.680745005607605,0.6707183122634888,0.552341103553772,0.6191327571868896,0.6659603714942932,0.6675552725791931,0.549502432346344,0.6232286095619202,0.6659740805625916,0.6610361933708191,0.5531117916107178,0.6200268864631653,0.5541954636573792,0.6604906916618347,0.5408980250358582,0.6282199621200562,0.3653610646724701,0.6854816675186157,0.38041767477989197,0.6653380990028381,0.16898182034492493,0.7106353044509888,0.19424223899841309,0.6791379451751709,0.1429879069328308,0.7193424105644226,0.1690709888935089,0.6989694833755493,0.13720664381980896,0.6511592864990234,0.15495479106903076,0.6380636692047119
fin_027.png,final,0.5506532788276672,0.4334805905818939,0.5596745610237122,0.42705801129341125,0.56199711561203,0.42775407433509827,0.5650705695152283,0.42872095108032227,0.5589553117752075,0.42525237798690796,0.5606141686439514,0.42465072870254517,0.5624564290046692,0.4242590665817261,0.5854969024658203,0.43897485733032227,0.5770264267921448,0.43063804507255554,0.5591330528259277,0.4441159665584564,0.5568691492080688,0.4438977539539337,0.6148585677146912,0.5117794871330261,0.5851593613624573,0.48579972982406616,0.7062561511993408,0.5782037377357483,0.5881438255310059,0.5519452095031738,0.6837090849876404,0.6557872891426086,0.5668721795082092,0.6084833741188049,0.681585431098938,0.6772727966308594,0.5628578066825867,0.624376118183136,0.6641077399253845,0.6762080788612366,0.5591262578964233,0.6279552578926086,0.662407636642456,0.668559730052948,0.5622348189353943,0.6237084865570068,0.5596933960914612,0.6597257256507874,0.5469312071800232,0.6242084503173828,0.3723156154155731,0.6856141686439514,0.3847830891609192,0.6615466475486755,0.17226257920265198,0.7152644991874695,0.1879967451095581,0.6635838150978088,0.1459513008594513,0.7249399423599243,0.16151031851768494,0.6821006536483765,0.13768279552459717,0.6597970724105835,0.15797311067581177,0.6267184615135193
fin_028.png,final,0.5461181998252869,0.43479079008102417,0.5514894127845764,0.42803144454956055,0.5536695718765259,0.4284473657608032,0.556124210357666,0.4290335476398468,0.5517925024032593,0.42640823125839233,0.5539537072181702,0.4256807863712311,0.5564320087432861,0.42511212825775146,0.5791054368019104,0.4371810555458069,0.5737147331237793,0.4301379323005676,0.5556240081787109,0.44429120421409607,0.555721640586853,0.4445502460002899,0.6079561710357666,0.5094015002250671,0.5847172737121582,0.4839344918727875,0.6994836330413818,0.5748739838600159,0.5867500305175781,0.5462458729743958,0.6849233508110046,0.6525915861129761,0.5681291222572327,0.5973056554794312,0.6804043650627136,0.6721881628036499,0.5639401078224182,0.6116272807121277,0.6653692722320557,0.670333743095398,0.5605128407478333,0.6156108975410461,0.6663859486579895,0.661072850227356,0.5632142424583435,0.611795961856842,0.5559121370315552,0.6599907279014587,0.5372368097305298,0.630983829498291,0.373644083738327,0.6841537952423096,0.3825916051864624,0.6612257361412048,0.17381346225738525,0.7113052606582642,0.1898820400238037,0.6796833872795105,0.1464460790157318,0.7260238528251648,0.1712942123413086,0.68642258644104,0.1440773904323578,0.6512838006019592,0.1585368514060974,0.6300029158592224
fin_029.png,final,0.552246630191803,0.4292750358581543,0.5614134073257446,0.42097699642181396,0.5638789534568787,0.42179617285728455,0.5665229558944702,0.42351070046424866,0.5608351230621338,0.4191609025001526,0.5626699924468994,0.418721467256546,0.5646848082542419,0.41838884353637695,0.586968719959259,0.43350130319595337,0.5800360441207886,0.4248676002025604,0.5612173676490784,0.43995440006256104,0.5599331259727478,0.4395417869091034,0.6157281398773193,0.5091426968574524,0.586162805557251,0.48003676533699036,0.7018877267837524,0.5740481019020081,0.5754353404045105,0.5416041612625122,0.6851428151130676,0.6472309231758118,0.5492849946022034,0.5955042243003845,0.6793956756591797,0.6680432558059692,0.5421551465988159,0.6111285090446472,0.6614878177642822,0.6661198735237122,0.541033148765564,0.6160191297531128,0.6633349061012268,0.6560492515563965,0.5456449389457703,0.6115057468414307,0.565716564655304,0.6583768725395203,0.5511886477470398,0.6245948672294617,0.37469926476478577,0.6806753277778625,0.38017141819000244,0.6670214533805847,0.17218852043151855,0.7114534974098206,0.18946772813796997,0.678939700126648,0.1464422643184662,0.7230833172798157,0.16280482709407806,0.6990664601325989,0.14235633611679077,0.6570059657096863,0.1527392864227295,0.6433799266815186
fin_030.png,final,0.5468589663505554,0.4340127110481262,0.5529589056968689,0.42747026681900024,0.5554954409599304,0.4278872311115265,0.5582845211029053,0.4284404516220093,0.5524194240570068,0.425923228263855,0.5544089078903198,0.4252244234085083,0.5567684769630432,0.42466798424720764,0.5829271078109741,0.43584755063056946,0.575688362121582,0.4273454546928406,0.5582073926925659,0.44390812516212463,0.5562326908111572,0.44379743933677673,0.6152265071868896,0.5092488527297974,0.5853024125099182,0.4802647829055786,0.7042152285575867,0.576913058757782,0.5877717733383179,0.5493124723434448,0.6855545043945312,0.655282735824585,0.5609476566314697,0.6099143028259277,0.6837365627288818,0.6765081882476807,0.554638683795929,0.6252970695495605,0.6668252944946289,0.6749478578567505,0.550046980381012,0.6295787692070007,0.6661691069602966,0.6674386262893677,0.554161012172699,0.6259928345680237,0.5576834678649902,0.6560482382774353,0.5406883358955383,0.6273130178451538,0.37328171730041504,0.6818235516548157,0.37882065773010254,0.6644823551177979,0.17575523257255554,0.7085943222045898,0.1875702440738678,0.6868250966072083,0.14714506268501282,0.7253119945526123,0.16735288500785828,0.692766010761261,0.1418972611427307,0.6522066593170166,0.1518908143043518,0.6362966895103455
fin_031.png,final,0.5486062169075012,0.43972867727279663,0.553473949432373,0.4311195909976959,0.5556512475013733,0.431393563747406,0.5580991506576538,0.43182069063186646,0.5527348518371582,0.42974793910980225,0.554966926574707,0.42901772260665894,0.5571057200431824,0.42825350165367126,0.5782188177108765,0.43975865840911865,0.5729559063911438,0.43239641189575195,0.5579124689102173,0.4494456648826599,0.5573886036872864,0.45009663701057434,0.615533173084259,0.5139020681381226,0.5827538371086121,0.4829421937465668,0.7043721079826355,0.5786802172660828,0.5783961415290833,0.5514606833457947,0.6889311075210571,0.6503052115440369,0.5528443455696106,0.607215940952301,0.6842682361602783,0.6703017354011536,0.5471097230911255,0.6209992170333862,0.6693689227104187,0.6669711470603943,0.5435113906860352,0.624502420425415,0.6686286330223083,0.6593253016471863,0.5471713542938232,0.6217405796051025,0.5587177872657776,0.6574028134346008,0.5429433584213257,0.6248906850814819,0.375482976436615,0.6802800297737122,0.376613587141037,0.6648401021957397,0.17447715997695923,0.7057536244392395,0.19225120544433594,0.6761785745620728,0.14574405550956726,0.7218245267868042,0.16709500551223755,0.6960158348083496,0.14048340916633606,0.6520729064941406,0.15038719773292542,0.6401506662368774
fin_032.png,final,0.5500974655151367,0.4388250410556793,0.5567967295646667,0.43152743577957153,0.5590089559555054,0.4321799874305725,0.5613582730293274,0.4328865706920624,0.5564002990722656,0.42967551946640015,0.5581729412078857,0.428922176361084,0.5601792931556702,0.4281560182571411,0.5840874910354614,0.4424613416194916,0.5758942365646362,0.4334340989589691,0.5584135055541992,0.44916853308677673,0.5577498078346252,0.44925910234451294,0.6119629740715027,0.5140641927719116,0.5810341835021973,0.4840031862258911,0.7007195949554443,0.5767894983291626,0.5819615125656128,0.5471922159194946,0.6851462125778198,0.6531143188476562,0.5566232800483704,0.6048455238342285,0.6790963411331177,0.6748700141906738,0.5498203039169312,0.6197333931922913,0.6631530523300171,0.6724147200584412,0.5472230315208435,0.624668538570404,0.6638391017913818,0.663619339466095,0.5515342950820923,0.6212852597236633,0.5571803450584412,0.6582443714141846,0.5434280037879944,0.6232781410217285,0.371052086353302,0.6826848983764648,0.37817779183387756,0.6622601747512817,0.1729983538389206,0.7077706456184387,0.18934622406959534,0.6728424429893494,0.14588621258735657,0.7221108675003052,0.16301725804805756,0.6925011277198792,0.13737457990646362,0.6520562171936035,0.15171709656715393,0.6363718509674072
fin_033.png,final,0.5386311411857605,0.4320235252380371,0.5448437929153442,0.4236910939216614,0.5470578670501709,0.4238569736480713,0.5494512319564819,0.42410632967948914,0.5452218651771545,0.42208075523376465,0.5475929379463196,0.4211474657058716,0.5502437949180603,0.4202863276004791,0.5730738043785095,0.4291771650314331,0.5711272954940796,0.4227876663208008,0.5505498051643372,0.44019222259521484,0.5508409738540649,0.44034379720687866,0.6118255853652954,0.5059245824813843,0.5812991261482239,0.4751858711242676,0.7020409107208252,0.573668897151947,0.5810226202011108,0.5469188690185547,0.6856701970100403,0.6520851254463196,0.552922785282135,0.6128107905387878,0.6808492541313171,0.6705887317657471,0.5457440614700317,0.6287511587142944,0.6649571657180786,0.6702814102172852,0.5415651798248291,0.6333773136138916,0.6656257510185242,0.6614075899124146,0.5459141135215759,0.6294834017753601,0.556861937046051,0.6583183407783508,0.5396584272384644,0.6285625100135803,0.3721081018447876,0.6825171709060669,0.3790355920791626,0.6636008620262146,0.1740882396697998,0.7076162099838257,0.18616999685764313,0.6845729351043701,0.14665478467941284,0.7231008410453796,0.1703856885433197,0.6933616399765015,0.14410188794136047,0.6466161608695984,0.15400585532188416,0.6356097459793091
fin_034.png,final,0.54416823387146,0.43239307403564453,0.5501970648765564,0.4260421395301819,0.552351713180542,0.4265381097793579,0.5547267198562622,0.4272075891494751,0.549915611743927,0.4244067966938019,0.5517916083335876,0.4237367510795593,0.5540131330490112,0.4231562614440918,0.5749784708023071,0.43549221754074097,0.5707479119300842,0.42874038219451904,0.5527406930923462,0.44251158833503723,0.5521942973136902,0.4425452947616577,0.6091106534004211,0.5086702704429626,0.5806900262832642,0.481506884098053,0.6958959102630615,0.5701357126235962,0.5923861265182495,0.546358585357666,0.6832912564277649,0.6484996676445007,0.5689350366592407,0.6096351146697998,0.6762427091598511,0.6711398363113403,0.5630320906639099,0.6255955100059509,0.6602396965026855,0.6694856882095337,0.5579599142074585,0.6317551136016846,0.6596148014068604,0.6628711223602295,0.5615844130516052,0.627613365650177,0.5612063407897949,0.6575455665588379,0.5356191992759705,0.6347927451133728,0.3686090409755707,0.6799439191818237,0.37515270709991455,0.6684322953224182,0.17046993970870972,0.7080574631690979,0.18972182273864746,0.6824988722801208,0.14125347137451172,0.7184649705886841,0.16454675793647766,0.7022344470024109,0.14631056785583496,0.6499831080436707,0.15305423736572266,0.640688955783844
fin_035.png,final,0.5530908107757568,0.42732664942741394,0.563025712966919,0.4197745621204376,0.5653659105300903,0.4203372001647949,0.5679228901863098,0.42114490270614624,0.5622421503067017,0.41835105419158936,0.5643982887268066,0.41791778802871704,0.5665269494056702,0.4176951050758362,0.5883433818817139,0.43040210008621216,0.5827069282531738,0.4245789647102356,0.5612072944641113,0.43851348757743835,0.5601295232772827,0.43880659341812134,0.608771026134491,0.5090711116790771,0.5852302312850952,0.4823639690876007,0.696291446685791,0.5729946494102478,0.5936465263366699,0.5530378818511963,0.6794865131378174,0.6496440768241882,0.577938437461853,0.6076556444168091,0.673302412033081,0.6703707575798035,0.5758938789367676,0.6223244071006775,0.6595185399055481,0.6692681908607483,0.5704122185707092,0.6251807808876038,0.6610565185546875,0.6595034599304199,0.5726934671401978,0.6209977865219116,0.5596420764923096,0.658490002155304,0.5457005500793457,0.6254531741142273,0.37286442518234253,0.6844452023506165,0.38046392798423767,0.663857102394104,0.17226338386535645,0.7091677188873291,0.19287076592445374,0.6768660545349121,0.1447736918926239,0.7235054969787598,0.1666804850101471,0.6970444321632385,0.14555904269218445,0.6510180234909058,0.15287454426288605,0.636477530002594
fin_036.png,final,0.5452479720115662,0.4265007972717285,0.5526979565620422,0.41995272040367126,0.5546618700027466,0.42050495743751526,0.5567340850830078,0.4212174713611603,0.5527334809303284,0.41839152574539185,0.5547245144844055,0.41784346103668213,0.556990385055542,0.41740989685058594,0.5790322422981262,0.4295586943626404,0.574577808380127,0.423159658908844,0.5527244806289673,0.43723011016845703,0.5523747205734253,0.4373933970928192,0.6062342524528503,0.5053147077560425,0.5801379084587097,0.4795462489128113,0.6933904886245728,0.5702645778656006,0.6074874401092529,0.5454387068748474,0.6782752871513367,0.6490306854248047,0.5901796817779541,0.6057664155960083,0.6742693781852722,0.6714634895324707,0.5860251784324646,0.6213029026985168,0.658296525478363,0.6695239543914795,0.5795654058456421,0.6266236305236816,0.6572411060333252,0.6626653075218201,0.5823789834976196,0.6222963929176331,0.5633177757263184,0.6547318696975708,0.5402090549468994,0.6328497529029846,0.37573015689849854,0.6780732870101929,0.3783121109008789,0.6684496998786926,0.17316962778568268,0.707251250743866,0.1926116645336151,0.6817885041236877,0.14543277025222778,0.7191067337989807,0.16646745800971985,0.7019931674003601,0.148220956325531,0.6487360596656799,0.1534304916858673,0.6389241218566895
fin_037.png,final,0.5507664680480957,0.4323163330554962,0.5585523843765259,0.4246285855770111,0.5611153841018677,0.4252634644508362,0.5642924904823303,0.42614102363586426,0.5580741167068481,0.42222297191619873,0.5600540637969971,0.4216586947441101,0.56224524974823,0.4211505055427551,0.5850918292999268,0.435269296169281,0.5781434178352356,0.4270995855331421,0.5610992312431335,0.44296106696128845,0.5588560700416565,0.44268256425857544,0.6150557994842529,0.5084109306335449,0.5849812030792236,0.4830087721347809,0.7044236063957214,0.5761113166809082,0.594943106174469,0.5511796474456787,0.6836430430412292,0.6558767557144165,0.5721426010131836,0.6081277132034302,0.6789680123329163,0.6774110198020935,0.568010687828064,0.6227138638496399,0.6632843017578125,0.6753339171409607,0.5627109408378601,0.6265749931335449,0.661943793296814,0.6677102446556091,0.5657251477241516,0.6227284669876099,0.5579725503921509,0.6582192778587341,0.5454569458961487,0.624818742275238,0.3692115247249603,0.6844725608825684,0.3788806200027466,0.663471519947052,0.17301833629608154,0.7115476131439209,0.1888999044895172,0.6821304559707642,0.14474785327911377,0.7267786860466003,0.1659052073955536,0.6935372948646545,0.14150631427764893,0.6526082754135132,0.15487179160118103,0.6391865611076355
fin_038.png,final,0.5487989783287048,0.438356876373291,0.5524330139160156,0.4299754798412323,0.5547282099723816,0.43016546964645386,0.5568060874938965,0.4305421710014343,0.5521876811981201,0.42796212434768677,0.5537552833557129,0.42715221643447876,0.5556227564811707,0.42628026008605957,0.5782425999641418,0.43846845626831055,0.5740180015563965,0.43020689487457275,0.5572813153266907,0.4482913315296173,0.5567090511322021,0.44927534461021423,0.6140350103378296,0.5126042366027832,0.5863396525382996,0.4833904504776001,0.7060288786888123,0.5751362442970276,0.5988821387290955,0.5538021922111511,0.6891824007034302,0.6515278816223145,0.5740306377410889,0.6089692115783691,0.6838220953941345,0.6721541285514832,0.5688031315803528,0.6226338744163513,0.6688079237937927,0.6694207191467285,0.5634922981262207,0.6254030466079712,0.6687290072441101,0.661210298538208,0.5669040679931641,0.6226530075073242,0.5565246939659119,0.6583418846130371,0.545600414276123,0.6265538930892944,0.36803776025772095,0.6836925745010376,0.37942755222320557,0.6636845469474792,0.1705346703529358,0.7106255292892456,0.1927456557750702,0.6752044558525085,0.14384305477142334,0.7205135226249695,0.16715556383132935,0.6953285336494446,0.13608211278915405,0.6550676226615906,0.150454580783844,0.6391399502754211
fin_039.png,final,0.5497101545333862,0.43498170375823975,0.5553449988365173,0.42634451389312744,0.557470977306366,0.42660191655158997,0.5598299503326416,0.42703598737716675,0.5553160905838013,0.4252200722694397,0.5573201179504395,0.42456164956092834,0.5596931576728821,0.42396071553230286,0.5817383527755737,0.4348291754722595,0.5772201418876648,0.4284834861755371,0.5586909055709839,0.44500604271888733,0.5583397746086121,0.4458826184272766,0.6144009828567505,0.5099493861198425,0.5866172909736633,0.4856160879135132,0.7068320512771606,0.5760030150413513,0.5987993478775024,0.5530987977981567,0.6908954381942749,0.6524655818939209,0.5729655623435974,0.6102168560028076,0.685502290725708,0.6749296188354492,0.5682566165924072,0.6241034269332886,0.6698799133300781,0.6715680956840515,0.56214439868927,0.627255916595459,0.66910719871521,0.6625513434410095,0.5650603771209717,0.624247670173645,0.5574991703033447,0.6564898490905762,0.5448663830757141,0.6288906335830688,0.3702956438064575,0.6843114495277405,0.3801621198654175,0.6647407412528992,0.17632123827934265,0.7050523161888123,0.1924111545085907,0.6828804016113281,0.14750009775161743,0.7195764780044556,0.16903984546661377,0.6982596516609192,0.13907772302627563,0.6514700651168823,0.15186667442321777,0.6392009258270264
fin_040.png,final,0.5405480861663818,0.43280816078186035,0.548481285572052,0.4237205684185028,0.5513113737106323,0.42454618215560913,0.5540335178375244,0.42470836639404297,0.5480658411979675,0.422409325838089,0.5500499606132507,0.4214383363723755,0.5522643327713013,0.420460045337677,0.5758333802223206,0.4291006922721863,0.5706957578659058,0.4233996868133545,0.5522695779800415,0.44091302156448364,0.5513975024223328,0.44109266996383667,0.6148722767829895,0.5075957179069519,0.5806835293769836,0.47879835963249207,0.6982349157333374,0.5718575716018677,0.5843658447265625,0.5480715036392212,0.6805639266967773,0.6542497873306274,0.5617178678512573,0.6110325455665588,0.6773871183395386,0.6739293932914734,0.5554415583610535,0.6274989247322083,0.6611177921295166,0.6744083762168884,0.5514293313026428,0.6322780847549438,0.66176837682724,0.6647688746452332,0.5557317137718201,0.6278613209724426,0.5578678250312805,0.6584682464599609,0.5309625267982483,0.6341556906700134,0.36834782361984253,0.6839051246643066,0.375063419342041,0.6685994863510132,0.17199483513832092,0.7074934840202332,0.1875002086162567,0.6825775504112244,0.1426938772201538,0.7214184999465942,0.16208967566490173,0.7025546431541443,0.14361748099327087,0.6486594080924988,0.15397846698760986,0.6432536840438843
fin_041.png,final,0.5878040790557861,0.48576706647872925,0.5933861136436462,0.4803914725780487,0.5948765277862549,0.4808964729309082,0.5962908267974854,0.48133528232574463,0.59235018491745,0.47715920209884644,0.5939783453941345,0.4765104651451111,0.5953129529953003,0.4756477475166321,0.6151942610740662,0.48894983530044556,0.6149895787239075,0.4814833998680115,0.5954705476760864,0.4963032305240631,0.5952229499816895,0.49609309434890747,0.6431164741516113,0.5635173320770264,0.6250171065330505,0.5420188307762146,0.7240317463874817,0.6323708891868591,0.620206892490387,0.6101799011230469,0.718454897403717,0.7130653858184814,0.5855910778045654,0.6644015908241272,0.7171676158905029,0.7367045283317566,0.57644122838974,0.6790578365325928,0.7061197757720947,0.736687421798706,0.5724711418151855,0.6832441687583923,0.7042216062545776,0.7280659675598145,0.5775637626647949,0.6795275211334229,0.5783283114433289,0.7208579182624817,0.5697693228721619,0.6918233633041382,0.39462921023368835,0.7334955334663391,0.40651410818099976,0.7216571569442749,0.20656390488147736,0.7440959811210632,0.23186048865318298,0.7092898488044739,0.17925488948822021,0.7590150237083435,0.2025027871131897,0.722855806350708,0.17421911656856537,0.6839118599891663,0.19894221425056458,0.6594927310943604
fin_042.png,final,0.6271958947181702,0.45674148201942444,0.6362931728363037,0.44964832067489624,0.6384752988815308,0.45093435049057007,0.6405990719795227,0.45201408863067627,0.6359922885894775,0.44747865200042725,0.637579083442688,0.447126179933548,0.6399067640304565,0.44700753688812256,0.6597292423248291,0.464145302772522,0.6576155424118042,0.4574168920516968,0.6329199075698853,0.46836647391319275,0.6318116188049316,0.4686770439147949,0.6705684661865234,0.5339937806129456,0.6498569846153259,0.5215880274772644,0.7539089322090149,0.6000778675079346,0.6560587286949158,0.5919296741485596,0.7389533519744873,0.6836891770362854,0.6347076892852783,0.6515305638313293,0.7369911670684814,0.7065050601959229,0.6322534084320068,0.6683825254440308,0.7251368165016174,0.7052790522575378,0.6237771511077881,0.6697821617126465,0.7227196097373962,0.6982924342155457,0.6256124973297119,0.6648547053337097,0.5999669432640076,0.6919906735420227,0.5895499587059021,0.663979709148407,0.42056363821029663,0.7021874189376831,0.4348224103450775,0.6919196844100952,0.24946418404579163,0.7488088607788086,0.2979260981082916,0.7265426516532898,0.22201482951641083,0.7710845470428467,0.2606455683708191,0.7428390383720398,0.19395510852336884,0.7062463164329529,0.23470282554626465,0.7013861536979675
fin_043.png,final,0.7225708961486816,0.4236733913421631,0.733759343624115,0.4203621745109558,0.7346001863479614,0.42487818002700806,0.7359119653701782,0.4273403584957123,0.7344790101051331,0.4148910343647003,0.7365529537200928,0.41340750455856323,0.7431333661079407,0.41465574502944946,0.7662917971611023,0.4341650605201721,0.7606800198554993,0.4216422438621521,0.7272033095359802,0.43887796998023987,0.7272539138793945,0.43453478813171387,0.7711573243141174,0.5126767158508301,0.7705121040344238,0.4567655324935913,0.6603309512138367,0.5203818082809448,0.7259374260902405,0.4230159521102905,0.6994309425354004,0.4666041433811188,0.7583644986152649,0.4275675117969513,0.71242755651474,0.4536496698856354,0.7731884121894836,0.4316956400871277,0.730785608291626,0.4442738890647888,0.7805269360542297,0.43037691712379456,0.7242856025695801,0.4475376605987549,0.7709637880325317,0.4312509298324585,0.6638036966323853,0.6867428421974182,0.6595434546470642,0.6389227509498596,0.4594866931438446,0.6996744275093079,0.4666852056980133,0.6774126291275024,0.2574141323566437,0.7244606614112854,0.2649978995323181,0.6685423851013184,0.2222593128681183,0.7344903945922852,0.23579031229019165,0.6822720766067505,0.18777340650558472,0.7019799947738647,0.23924198746681213,0.6219984889030457
fin_044.png,final,0.7229551076889038,0.42801886796951294,0.7337086796760559,0.42331400513648987,0.7363048195838928,0.4249419569969177,0.7390927672386169,0.42649373412132263,0.7318729758262634,0.4188571572303772,0.7331116795539856,0.41751375794410706,0.7342694997787476,0.41632673144340515,0.777752161026001,0.4342397451400757,0.747922956943512,0.4204825758934021,0.7280091047286987,0.43975597620010376,0.7231539487838745,0.4368906617164612,0.782637894153595,0.507631778717041,0.7469110488891602,0.4677426218986511,0.6787102222442627,0.5084498524665833,0.6929810643196106,0.45945557951927185,0.6980543732643127,0.46306300163269043,0.7215904593467712,0.45667964220046997,0.6949896216392517,0.44874441623687744,0.7284212708473206,0.46204113960266113,0.7027916312217712,0.44715946912765503,0.7395563125610352,0.4613104462623596,0.7009713053703308,0.4580308198928833,0.7350172996520996,0.46130263805389404,0.671858549118042,0.6930686235427856,0.6399621963500977,0.6450179219245911,0.4543115794658661,0.7098550796508789,0.4635368585586548,0.6786606311798096,0.2491607815027237,0.7265123128890991,0.2583104372024536,0.6661257743835449,0.21381157636642456,0.7359111905097961,0.2332400381565094,0.6836545467376709,0.17663760483264923,0.7016149759292603,0.2323329597711563,0.6076743602752686
fin_045.png,final,0.7309035658836365,0.42680010199546814,0.7463153600692749,0.4231056272983551,0.7497636079788208,0.4277460277080536,0.7541738152503967,0.43081092834472656,0.7399774789810181,0.41660115122795105,0.7402958273887634,0.4148239195346832,0.740691065788269,0.41313809156417847,0.770465075969696,0.4402836859226227,0.7628666162490845,0.4183309078216553,0.7353233695030212,0.44305235147476196,0.727461576461792,0.43571770191192627,0.7794654369354248,0.512248158454895,0.7535764575004578,0.4540078043937683,0.6461082696914673,0.528541624546051,0.6737934947013855,0.46813538670539856,0.6960102319717407,0.46898478269577026,0.6976271271705627,0.470237672328949,0.7141501903533936,0.45139646530151367,0.707970380783081,0.4765094220638275,0.7258970737457275,0.4442519545555115,0.7234291434288025,0.4749896228313446,0.7272981405258179,0.44940298795700073,0.717802107334137,0.4751994013786316,0.6740739941596985,0.6874383687973022,0.6532078981399536,0.6515612006187439,0.45722004771232605,0.7009064555168152,0.4693533182144165,0.6748022437095642,0.2618226408958435,0.7273467779159546,0.26503124833106995,0.6667892932891846,0.22089284658432007,0.7300584316253662,0.234725683927536,0.6852449774742126,0.17923486232757568,0.6788026094436646,0.23193645477294922,0.6149755716323853
fin_046.png,final,0.7130318284034729,0.4242764115333557,0.7245984077453613,0.41795188188552856,0.7278184294700623,0.42015838623046875,0.7295094132423401,0.4222607910633087,0.7241758108139038,0.4136068820953369,0.7253666520118713,0.4126640558242798,0.7258983254432678,0.4119752049446106,0.7551529407501221,0.44022703170776367,0.7506424784660339,0.4283767640590668,0.7155953049659729,0.4386492371559143,0.7114737629890442,0.43570229411125183,0.7627515196800232,0.5134539008140564,0.737684965133667,0.474976122379303,0.6793982982635498,0.5101537108421326,0.706520676612854,0.43734389543533325,0.6853753924369812,0.46987080574035645,0.7217628955841064,0.4273179769515991,0.6880714893341064,0.44988352060317993,0.7278769612312317,0.43001577258110046,0.7039205431938171,0.45069071650505066,0.7380058765411377,0.4302833080291748,0.7065429091453552,0.4544540047645569,0.7318533658981323,0.43133148550987244,0.6637739539146423,0.6885408163070679,0.6452056765556335,0.6423057913780212,0.4523482024669647,0.7043967247009277,0.46952491998672485,0.670600414276123,0.25819849967956543,0.7274982929229736,0.26821237802505493,0.6634200215339661,0.22321577370166779,0.7412716150283813,0.23829364776611328,0.685756266117096,0.16906070709228516,0.6895573735237122,0.2347489595413208,0.6113519668579102
fin_047.png,final,0.7216383218765259,0.4202810525894165,0.7361183762550354,0.4170488119125366,0.7412024736404419,0.4193653464317322,0.7542169094085693,0.4176449179649353,0.7421349287033081,0.40948766469955444,0.742058515548706,0.4082126021385193,0.7420620322227478,0.4069443345069885,0.7722388505935669,0.4264223575592041,0.7551859617233276,0.41218048334121704,0.7239295840263367,0.4327092468738556,0.7167470455169678,0.42783835530281067,0.7701235413551331,0.49907320737838745,0.7318143248558044,0.44813042879104614,0.6599177122116089,0.5347086191177368,0.6485415101051331,0.47054415941238403,0.6693699359893799,0.47228991985321045,0.672900378704071,0.46835729479789734,0.6646360754966736,0.4554721713066101,0.6811004877090454,0.47038137912750244,0.6794591546058655,0.45360904932022095,0.6952170133590698,0.46972107887268066,0.6779345273971558,0.4577680826187134,0.6909806728363037,0.47151172161102295,0.6700751781463623,0.6776823401451111,0.6474940776824951,0.6295554637908936,0.44756191968917847,0.6989551782608032,0.45346593856811523,0.6705151796340942,0.24388110637664795,0.7071816921234131,0.2497631311416626,0.6690773367881775,0.21368840336799622,0.7221620678901672,0.21713456511497498,0.684668779373169,0.20581743121147156,0.6464382410049438,0.21791915595531464,0.6138467192649841
fin_048.png,final,0.7146944999694824,0.4273782968521118,0.7231825590133667,0.4241707921028137,0.7272548675537109,0.42620790004730225,0.7299045920372009,0.42792564630508423,0.722405195236206,0.4199022054672241,0.7237985730171204,0.41869789361953735,0.725104033946991,0.4175450801849365,0.760807991027832,0.43301230669021606,0.7489779591560364,0.41835013031959534,0.7178424000740051,0.4397132396697998,0.7161580324172974,0.4358120858669281,0.7572784423828125,0.5118712186813354,0.7439355850219727,0.4542168378829956,0.6374091506004333,0.5161131024360657,0.6753199696540833,0.44906705617904663,0.6797227263450623,0.4677472710609436,0.7250678539276123,0.45541566610336304,0.6936084628105164,0.4552411735057831,0.7418053150177002,0.4628232717514038,0.7090526819229126,0.4519851505756378,0.7538766264915466,0.46080994606018066,0.7031117081642151,0.45814940333366394,0.7457438707351685,0.4602810740470886,0.6520184874534607,0.6853715777397156,0.6434460878372192,0.6362839341163635,0.4445578455924988,0.7002121806144714,0.44949576258659363,0.6787253618240356,0.239024817943573,0.7178472280502319,0.25099611282348633,0.6706060767173767,0.20444364845752716,0.7291428446769714,0.22194351255893707,0.6847885847091675,0.1692136526107788,0.6804289817810059,0.21967777609825134,0.6120231747627258
fin_049.png,final,0.7176612019538879,0.43211692571640015,0.7323023676872253,0.4274406433105469,0.7360348701477051,0.42950934171676636,0.741109311580658,0.43187975883483887,0.7278202772140503,0.4218403697013855,0.7289167046546936,0.4183288812637329,0.7286111116409302,0.4165879487991333,0.7747969627380371,0.4337191581726074,0.7401347756385803,0.4191356301307678,0.7215695381164551,0.44505900144577026,0.7149454951286316,0.43990659713745117,0.7750882506370544,0.5167704820632935,0.7270388603210449,0.4541722238063812,0.6524466872215271,0.5398275852203369,0.658885657787323,0.4658007025718689,0.6782193183898926,0.47572869062423706,0.6781437993049622,0.4677460491657257,0.6781263947486877,0.45825791358947754,0.686393141746521,0.4750047028064728,0.6907656788825989,0.4523770213127136,0.7015126347541809,0.47460368275642395,0.6942580342292786,0.46892011165618896,0.6975602507591248,0.4748271703720093,0.6663953065872192,0.6923811435699463,0.6329623460769653,0.6396500468254089,0.4481663107872009,0.708336353302002,0.4532352685928345,0.6754541993141174,0.24729326367378235,0.730391263961792,0.249356210231781,0.6662681102752686,0.2085728943347931,0.7377035617828369,0.2231714427471161,0.6844926476478577,0.1704856902360916,0.7159352898597717,0.2181619256734848,0.6133444309234619
fin_050.png,final,0.7436903715133667,0.41079092025756836,0.7507073879241943,0.40621668100357056,0.7498103380203247,0.40738168358802795,0.7485476732254028,0.40851184725761414,0.7610400319099426,0.41072380542755127,0.7621945738792419,0.40954121947288513,0.7633171081542969,0.40837299823760986,0.7781416177749634,0.43114742636680603,0.7783645391464233,0.41680002212524414,0.7458814382553101,0.4229472279548645,0.7478635907173157,0.42160069942474365,0.7596040964126587,0.49986574053764343,0.7678006887435913,0.45785826444625854,0.6755698323249817,0.5601405501365662,0.7078288197517395,0.5112422108650208,0.6616706848144531,0.549450695514679,0.6582637429237366,0.5290659666061401,0.656374990940094,0.5492954850196838,0.6430834531784058,0.535911500453949,0.6696547865867615,0.5456141233444214,0.6432077884674072,0.5346857309341431,0.6710217595100403,0.5449129343032837,0.6501034498214722,0.5335558652877808,0.658362090587616,0.6153454184532166,0.6513123512268066,0.5816176533699036,0.47915035486221313,0.6191425919532776,0.47884535789489746,0.6044318675994873,0.3103308379650116,0.6655629873275757,0.3059336841106415,0.6109050512313843,0.28999465703964233,0.6764295697212219,0.27598682045936584,0.6275604963302612,0.2311076819896698,0.640213131904602,0.251000314950943,0.5843997001647949
fin_051.png,final,0.4602872133255005,0.48059868812561035,0.46279656887054443,0.47229743003845215,0.4616193473339081,0.4724738597869873,0.46043267846107483,0.47266873717308044,0.46854516863822937,0.47047799825668335,0.47095537185668945,0.469491183757782,0.47324231266975403,0.4686095714569092,0.46662047505378723,0.4794156551361084,0.49341803789138794,0.48079168796539307,0.4588989317417145,0.48928043246269226,0.4644460380077362,0.48886236548423767,0.4455971419811249,0.5314332842826843,0.48676425218582153,0.5333120822906494,0.3598252832889557,0.5373762249946594,0.44995319843292236,0.5674294829368591,0.29617607593536377,0.4912264347076416,0.4077174663543701,0.549206018447876,0.27600282430648804,0.4837822914123535,0.40705519914627075,0.5452266931533813,0.2825583815574646,0.47507765889167786,0.4028163552284241,0.538277268409729,0.2914327085018158,0.4786570966243744,0.399537593126297,0.5394611954689026,0.41623517870903015,0.6605654358863831,0.445370614528656,0.6461803913116455,0.262076199054718,0.668439507484436,0.3594461679458618,0.6146630644798279,0.12420886754989624,0.6509574055671692,0.2646322250366211,0.5989902019500732,0.10638484358787537,0.6617759466171265,0.24839527904987335,0.6057072877883911,0.07736462354660034,0.6134965419769287,0.2382776439189911,0.5668976306915283
fin_052.png,final,0.6823573112487793,0.4614558517932892,0.6915802359580994,0.4540320336818695,0.6960321068763733,0.45529329776763916,0.700373649597168,0.45662710070610046,0.6857482194900513,0.4520576000213623,0.6851608753204346,0.45162272453308105,0.6847698092460632,0.45142123103141785,0.7185661792755127,0.4627857506275177,0.6931385397911072,0.4559321403503418,0.6942543983459473,0.47544577717781067,0.6870918273925781,0.47190290689468384,0.7527045011520386,0.5288177728652954,0.6824244856834412,0.4989786446094513,0.7277567386627197,0.5704496502876282,0.645456850528717,0.5617564916610718,0.7304388880729675,0.49355238676071167,0.6115381121635437,0.5907202959060669,0.7399926781654358,0.4869168996810913,0.5959955453872681,0.6035010814666748,0.743561863899231,0.4812036454677582,0.5950591564178467,0.6044667959213257,0.7370172142982483,0.48776543140411377,0.6040238738059998,0.5962201356887817,0.6671954989433289,0.6614401936531067,0.6173557639122009,0.6378619074821472,0.5266819596290588,0.7041928172111511,0.5031503438949585,0.6847524046897888,0.3885989189147949,0.7604562640190125,0.3343672752380371,0.7108297348022461,0.3689437210559845,0.7781679630279541,0.3064403533935547,0.7330832481384277,0.3144167363643646,0.7433925271034241,0.30282729864120483,0.6640362739562988
fin_053.png,final,0.6310020685195923,0.3454667329788208,0.640306293964386,0.3357609510421753,0.6434057354927063,0.33667778968811035,0.6465663313865662,0.33766108751296997,0.6396215558052063,0.3333180546760559,0.6415022611618042,0.33262017369270325,0.6434701681137085,0.3319043219089508,0.6702109575271606,0.34430956840515137,0.6651484370231628,0.33644598722457886,0.6397947072982788,0.357990562915802,0.637988269329071,0.35586169362068176,0.6992810964584351,0.4093761444091797,0.6722555160522461,0.36246228218078613,0.6393096446990967,0.4266064465045929,0.6094769835472107,0.325076162815094,0.6386070847511292,0.40146929025650024,0.6089626550674438,0.29036185145378113,0.6461887955665588,0.3934136629104614,0.6115438938140869,0.2846633791923523,0.6506322622299194,0.38325047492980957,0.6179877519607544,0.28575819730758667,0.6474629044532776,0.3859918415546417,0.6139608025550842,0.2905219793319702,0.6747234463691711,0.5828527808189392,0.651707649230957,0.5514770746231079,0.45077913999557495,0.6065842509269714,0.46276843547821045,0.5887344479560852,0.249688521027565,0.6197030544281006,0.2657313644886017,0.594125509262085,0.21956709027290344,0.6340959072113037,0.23952172696590424,0.5968313217163086,0.2122606337070465,0.551427960395813,0.2254747599363327,0.5380846858024597
fin_054.png,final,0.6326201558113098,0.34306126832962036,0.6434922218322754,0.3323873281478882,0.6468746066093445,0.333171546459198,0.6503015160560608,0.3340206742286682,0.6433394551277161,0.33015120029449463,0.6454940438270569,0.3294767141342163,0.6477051973342896,0.3287816047668457,0.6762664318084717,0.33939310908317566,0.6719300746917725,0.3323981761932373,0.642198920249939,0.3556783199310303,0.640846848487854,0.3536396622657776,0.7101213335990906,0.404940128326416,0.6704689264297485,0.36186882853507996,0.6601402163505554,0.4213293492794037,0.6063516736030579,0.361587256193161,0.6388987898826599,0.40906012058258057,0.6022322177886963,0.3615322709083557,0.6439738273620605,0.40093573927879333,0.6018487215042114,0.3659802973270416,0.6446099281311035,0.3907925486564636,0.6098845601081848,0.3649062514305115,0.6433228254318237,0.39316314458847046,0.6073298454284668,0.36616140604019165,0.6849989295005798,0.5774627923965454,0.6500374674797058,0.5476581454277039,0.4609256982803345,0.6014232039451599,0.4652867317199707,0.5896533131599426,0.2605009973049164,0.6109743118286133,0.26937130093574524,0.5939597487449646,0.2269723117351532,0.6287485957145691,0.24201929569244385,0.6040269136428833,0.2178567349910736,0.5464807748794556,0.2238420695066452,0.5396915674209595
fin_055.png,final,0.567653477191925,0.4412775933742523,0.5713487267494202,0.4347740411758423,0.572287917137146,0.43499529361724854,0.5731411576271057,0.43463417887687683,0.5856021642684937,0.42766785621643066,0.5876681208610535,0.42754778265953064,0.5898410081863403,0.42742201685905457,0.6149430274963379,0.4351905584335327,0.6118183135986328,0.43173468112945557,0.5783668160438538,0.4499300718307495,0.579397976398468,0.45065027475357056,0.6444263458251953,0.488810658454895,0.6192293167114258,0.4724399447441101,0.6327387690544128,0.505623459815979,0.604037344455719,0.5138485431671143,0.5772846937179565,0.49650365114212036,0.5825651288032532,0.5410711169242859,0.560905396938324,0.49518486857414246,0.5790009498596191,0.5490406155586243,0.55977863073349,0.4864908456802368,0.5836775302886963,0.5497831702232361,0.565617024898529,0.486986368894577,0.5835244059562683,0.5483009219169617,0.6382395625114441,0.6448369026184082,0.6197335720062256,0.6155776381492615,0.437423974275589,0.6722102761268616,0.4445522129535675,0.6366876363754272,0.24462547898292542,0.6878408193588257,0.25372955203056335,0.6698594093322754,0.21464738249778748,0.7003811597824097,0.23125731945037842,0.680293083190918,0.20460379123687744,0.623823344707489,0.21786679327487946,0.6240974068641663
fin_056.png,final,0.5646923184394836,0.44791552424430847,0.5677345395088196,0.44211429357528687,0.5687414407730103,0.44218048453330994,0.5694840550422668,0.4419303238391876,0.5671054720878601,0.4394771158695221,0.5680925250053406,0.43785637617111206,0.569166898727417,0.43634986877441406,0.6007208228111267,0.4458790719509125,0.6047844886779785,0.4390628933906555,0.5765232443809509,0.45595991611480713,0.5769122838973999,0.45610755681991577,0.6235172748565674,0.49388521909713745,0.632603645324707,0.4678803086280823,0.6143651008605957,0.5144840478897095,0.5987356901168823,0.47528040409088135,0.5797150731086731,0.500870406627655,0.5709990859031677,0.47781386971473694,0.5684456825256348,0.4947459101676941,0.5687186121940613,0.48094433546066284,0.5665929913520813,0.48790180683135986,0.5706298351287842,0.48080694675445557,0.5718796253204346,0.49159854650497437,0.5683660507202148,0.4820941090583801,0.6337918639183044,0.6499186158180237,0.6231958866119385,0.6236606240272522,0.43237704038619995,0.674807071685791,0.4534335136413574,0.6338086724281311,0.24336805939674377,0.6914387941360474,0.2559714615345001,0.6734063625335693,0.2139226794242859,0.706741988658905,0.23008090257644653,0.6795568466186523,0.21301361918449402,0.6258528828620911,0.22348785400390625,0.6205968856811523
fin_057.png,final,0.5773183703422546,0.4241296052932739,0.5827341675758362,0.41675084829330444,0.586947500705719,0.41701003909111023,0.5886892080307007,0.41734641790390015,0.5826711654663086,0.41503408551216125,0.5871085524559021,0.4142625629901886,0.5891658663749695,0.4137325584888458,0.6225211024284363,0.4265204668045044,0.6076701879501343,0.4186263680458069,0.5848357081413269,0.4337453544139862,0.5846564769744873,0.4335246682167053,0.6459508538246155,0.4916296899318695,0.6394845247268677,0.4572422504425049,0.6031579971313477,0.5326520204544067,0.5968148112297058,0.47697851061820984,0.5761139988899231,0.4974652826786041,0.5783874988555908,0.47583508491516113,0.5735692381858826,0.5038529634475708,0.5766581296920776,0.48002398014068604,0.5735440850257874,0.4813995361328125,0.5822311043739319,0.4768131971359253,0.5769937038421631,0.48835524916648865,0.5797238349914551,0.47716736793518066,0.6362559795379639,0.647049605846405,0.622593343257904,0.6293377876281738,0.4313662052154541,0.6757737994194031,0.44002681970596313,0.6323666572570801,0.24384313821792603,0.6948774456977844,0.26028314232826233,0.6692497134208679,0.21528638899326324,0.7081065773963928,0.23467393219470978,0.6818584203720093,0.20890434086322784,0.6246784329414368,0.21972832083702087,0.6171603798866272
fin_058.png,final,0.5615432858467102,0.42789047956466675,0.5639690160751343,0.4182296395301819,0.5667967796325684,0.41872549057006836,0.5674514174461365,0.41929948329925537,0.5633023381233215,0.4165460169315338,0.5660649538040161,0.4161238670349121,0.5668485164642334,0.4160569906234741,0.5824664235115051,0.42627769708633423,0.5832396149635315,0.41960251331329346,0.5721787810325623,0.4378747344017029,0.5710948705673218,0.4374431371688843,0.6312187910079956,0.47195321321487427,0.6260059475898743,0.4607107639312744,0.6351980566978455,0.504247784614563,0.611203670501709,0.4776431918144226,0.5778161287307739,0.5044405460357666,0.5870757102966309,0.4802386462688446,0.5617135763168335,0.5030936598777771,0.5838313698768616,0.48355668783187866,0.5625605583190918,0.4959109425544739,0.5818058848381042,0.48171085119247437,0.5684908032417297,0.497185617685318,0.5799053907394409,0.48218560218811035,0.6386009454727173,0.6472085118293762,0.6170291900634766,0.6285133361816406,0.4339209794998169,0.67499178647995,0.44217365980148315,0.6452431082725525,0.2467086762189865,0.6942175626754761,0.2578100264072418,0.6742809414863586,0.21824827790260315,0.7065269947052002,0.23607784509658813,0.6826353073120117,0.21043333411216736,0.6267744898796082,0.22276119887828827,0.6197842955589294
fin_059.png,final,0.6739015579223633,0.39645084738731384,0.6790291666984558,0.38598933815956116,0.6826736330986023,0.38631588220596313,0.6868340373039246,0.38683536648750305,0.6728402972221375,0.3844763934612274,0.6723156571388245,0.38376936316490173,0.6720485091209412,0.3832961320877075,0.7195268273353577,0.3897017240524292,0.6891373991966248,0.3860747218132019,0.6865817904472351,0.4043809473514557,0.6800166368484497,0.4041653275489807,0.7673490047454834,0.443822979927063,0.6980488896369934,0.42078447341918945,0.7509932518005371,0.4998573660850525,0.669709324836731,0.48328372836112976,0.7407803535461426,0.4533499777317047,0.6450426578521729,0.5219561457633972,0.7429834604263306,0.44475674629211426,0.6418049931526184,0.5380280613899231,0.7480370998382568,0.4376848042011261,0.647557258605957,0.5375940203666687,0.7474586367607117,0.44056496024131775,0.6503347754478455,0.5330656170845032,0.724760890007019,0.5854088664054871,0.6838732361793518,0.548611044883728,0.5526301860809326,0.6118435263633728,0.5433744788169861,0.571100115776062,0.3886907398700714,0.6369284987449646,0.3904932141304016,0.6187564730644226,0.3614591062068939,0.6547528505325317,0.36727362871170044,0.6286696195602417,0.34780117869377136,0.5786038637161255,0.3567611873149872,0.573923647403717
fin_060.png,final,0.6576354503631592,0.4122288227081299,0.6662546992301941,0.40237611532211304,0.6705716848373413,0.403011679649353,0.6837881803512573,0.40245622396469116,0.6573944091796875,0.3991544544696808,0.656492292881012,0.39790862798690796,0.6561383008956909,0.3970203101634979,0.7062999606132507,0.4028800427913666,0.6712945103645325,0.39838719367980957,0.6762140393257141,0.4250994324684143,0.6616701483726501,0.4172768294811249,0.7516708970069885,0.4565940201282501,0.6776377558708191,0.42750120162963867,0.7286748290061951,0.516757607460022,0.6307349801063538,0.4941524267196655,0.7159035205841064,0.47371721267700195,0.6302366256713867,0.5327445268630981,0.7148195505142212,0.4674840569496155,0.6245169043540955,0.5503799319267273,0.7180052399635315,0.4575181007385254,0.6315099000930786,0.5473639965057373,0.7173115611076355,0.45973944664001465,0.6351229548454285,0.5418808460235596,0.7018061876296997,0.5949984788894653,0.6557347178459167,0.5608989596366882,0.5309802889823914,0.6244758367538452,0.5329284071922302,0.6066192984580994,0.3691481649875641,0.6532198786735535,0.37304970622062683,0.6382061243057251,0.3413623571395874,0.6663291454315186,0.3500906229019165,0.6546446681022644,0.3254339396953583,0.5919069647789001,0.3314014673233032,0.5910603404045105
fin_061.png,final,0.6427586078643799,0.4097703695297241,0.651427149772644,0.4029594659805298,0.6556258797645569,0.4035143256187439,0.6625219583511353,0.40468037128448486,0.6421923637390137,0.4003881812095642,0.6409119367599487,0.39934203028678894,0.6399596929550171,0.39876797795295715,0.6890648007392883,0.40675070881843567,0.6578245162963867,0.4030476212501526,0.6573994159698486,0.41935962438583374,0.6487210392951965,0.4183215796947479,0.7355677485466003,0.4599479138851166,0.6634007096290588,0.4391005039215088,0.7121696472167969,0.5133809447288513,0.6292468905448914,0.4972732663154602,0.7098966836929321,0.47759711742401123,0.6342177391052246,0.5255841016769409,0.712095320224762,0.4708988070487976,0.6326591372489929,0.5396570563316345,0.7166134715080261,0.45937028527259827,0.6390470862388611,0.535999059677124,0.7155556678771973,0.46097269654273987,0.6403621435165405,0.5316043496131897,0.6929270625114441,0.5998771786689758,0.6463180780410767,0.5623456239700317,0.5184687972068787,0.6330451965332031,0.5203692317008972,0.6137046813964844,0.36027687788009644,0.6557585000991821,0.3640444576740265,0.6418702006340027,0.33109450340270996,0.6681839227676392,0.33783724904060364,0.6493918895721436,0.31215354800224304,0.6079147458076477,0.32390403747558594,0.6002008318901062
fin_062.png,final,0.6585527658462524,0.4334409236907959,0.6685625910758972,0.4264828860759735,0.6759500503540039,0.431984543800354,0.6805619597434998,0.4322577714920044,0.6581723690032959,0.42367738485336304,0.6567782759666443,0.42304426431655884,0.6558140516281128,0.42278414964675903,0.7031596899032593,0.43328386545181274,0.6696317195892334,0.42719680070877075,0.6748078465461731,0.44762951135635376,0.6671343445777893,0.4464939832687378,0.7450175881385803,0.5004451274871826,0.676322340965271,0.45703986287117004,0.7105405926704407,0.547650933265686,0.6341264247894287,0.5169429183006287,0.7097296118736267,0.4924142360687256,0.6479985117912292,0.5358743071556091,0.7120416760444641,0.4811156094074249,0.646930456161499,0.5469350814819336,0.7207494378089905,0.47350531816482544,0.6553127765655518,0.5421631336212158,0.7147515416145325,0.4785539507865906,0.6566401124000549,0.5391361117362976,0.6995775103569031,0.6161050796508789,0.6538766026496887,0.5835097432136536,0.5272570848464966,0.64226895570755,0.5412566661834717,0.6142311096191406,0.3667548894882202,0.672669529914856,0.371406227350235,0.6550065279006958,0.33681589365005493,0.6842928528785706,0.3596521317958832,0.6694790124893188,0.3233645558357239,0.6240491271018982,0.3318876624107361,0.6133071184158325
fin_063.png,final,0.6688847541809082,0.4624311327934265,0.67990642786026,0.4539915919303894,0.6842232346534729,0.45485788583755493,0.6885966062545776,0.4557945132255554,0.6693728566169739,0.44864973425865173,0.6686166524887085,0.44803717732429504,0.6682836413383484,0.44764190912246704,0.7190378904342651,0.4600694477558136,0.6898505687713623,0.4533487558364868,0.6882327198982239,0.4845614433288574,0.6751136779785156,0.4744773805141449,0.7581788897514343,0.5147373676300049,0.6922197341918945,0.48290231823921204,0.7361932396888733,0.5682893395423889,0.6629678010940552,0.5630027651786804,0.7280570268630981,0.544914960861206,0.6533529162406921,0.5937641859054565,0.7270647287368774,0.5379281044006348,0.6494535207748413,0.6057721972465515,0.733105480670929,0.5323076248168945,0.6496673822402954,0.6018542051315308,0.7306695580482483,0.5354693531990051,0.6533352732658386,0.5978323817253113,0.719532310962677,0.6517550945281982,0.6770632266998291,0.6209456920623779,0.5361034870147705,0.6783500909805298,0.5475566387176514,0.6444990634918213,0.36295127868652344,0.7115496397018433,0.3671337366104126,0.6892518401145935,0.33372941613197327,0.7294522523880005,0.36415114998817444,0.7076717019081116,0.3225264847278595,0.6513153910636902,0.3310573995113373,0.6427606344223022
fin_064.png,final,0.7492176294326782,0.4085272550582886,0.7658049464225769,0.3981225788593292,0.7712865471839905,0.3990747034549713,0.7772046327590942,0.40021809935569763,0.7563318610191345,0.3967122733592987,0.7547832131385803,0.3965139091014862,0.7533968687057495,0.3963867723941803,0.7986969947814941,0.41301000118255615,0.7677331566810608,0.40644189715385437,0.7584658861160278,0.42682164907455444,0.7457329630851746,0.42465245723724365,0.7817097902297974,0.47550004720687866,0.755692183971405,0.46182042360305786,0.7557780146598816,0.5523805618286133,0.6919254660606384,0.5076825022697449,0.6899266839027405,0.5878526568412781,0.6178512573242188,0.524074912071228,0.6614907383918762,0.6023862361907959,0.5849921703338623,0.5289576053619385,0.6516451835632324,0.5921254754066467,0.5848395824432373,0.5281604528427124,0.655617356300354,0.5863102078437805,0.5978645086288452,0.5287240147590637,0.6753312349319458,0.6201583743095398,0.6737607717514038,0.5858569741249084,0.4849773049354553,0.5925929546356201,0.5151218175888062,0.5751786828041077,0.30185139179229736,0.5784105658531189,0.3198642432689667,0.5622599124908447,0.2675967812538147,0.5978884696960449,0.2898963391780853,0.5762614607810974,0.2670805752277374,0.524617075920105,0.29315903782844543,0.5107429623603821
fin_065.png,final,0.7524468302726746,0.410458505153656,0.7657608985900879,0.40023642778396606,0.7697731256484985,0.40111851692199707,0.7742197513580322,0.40218350291252136,0.7592817544937134,0.3990110754966736,0.758453369140625,0.3989255428314209,0.757768988609314,0.3988606035709381,0.794873058795929,0.4160735607147217,0.7707144021987915,0.4091736674308777,0.7591108083724976,0.4290081262588501,0.750142514705658,0.4265485107898712,0.7803938984870911,0.48318392038345337,0.755754828453064,0.46583452820777893,0.7459848523139954,0.5628134608268738,0.6896726489067078,0.5120061039924622,0.6652791500091553,0.595145583152771,0.6155087947845459,0.5313792824745178,0.6476680636405945,0.6067349314689636,0.5839272141456604,0.5354150533676147,0.6387789845466614,0.5955662727355957,0.5824679136276245,0.5346876382827759,0.6427658796310425,0.5899025201797485,0.5949521064758301,0.5355435609817505,0.6734335422515869,0.6310548782348633,0.6687907576560974,0.5899443626403809,0.4786040186882019,0.6005519032478333,0.48858344554901123,0.5818902254104614,0.2991483211517334,0.5835608839988708,0.31588536500930786,0.5634075403213501,0.26644787192344666,0.6011971831321716,0.28892895579338074,0.5827893018722534,0.26194050908088684,0.5296486020088196,0.2852928042411804,0.513978898525238
fin_066.png,final,0.7579435110092163,0.41093769669532776,0.7762473225593567,0.4017581343650818,0.7814666628837585,0.40374958515167236,0.7872838973999023,0.4060446619987488,0.7683742642402649,0.39847421646118164,0.7675655484199524,0.3980075716972351,0.7668676376342773,0.39774584770202637,0.8061729073524475,0.4217059314250946,0.7775498628616333,0.41060715913772583,0.7628850936889648,0.4296179413795471,0.7537149786949158,0.42544883489608765,0.7818498611450195,0.4869339168071747,0.7563337087631226,0.4677731394767761,0.7395387887954712,0.5709989070892334,0.6893003582954407,0.5136981010437012,0.6666215062141418,0.5985737442970276,0.6134759783744812,0.5319077372550964,0.652831494808197,0.6105986833572388,0.5819998979568481,0.534010648727417,0.6460311412811279,0.5995317101478577,0.5811365842819214,0.5337889194488525,0.6486817002296448,0.5927025675773621,0.5938776731491089,0.5351383686065674,0.6849467158317566,0.6392401456832886,0.6670875549316406,0.6106173992156982,0.4912399351596832,0.5954483151435852,0.5136882662773132,0.5887075662612915,0.31363680958747864,0.5807971358299255,0.3232984244823456,0.5717554092407227,0.2756367623806,0.6031872034072876,0.3125767409801483,0.5932409763336182,0.2729673683643341,0.532732367515564,0.2876521348953247,0.5236632227897644
fin_067.png,final,0.764380693435669,0.41324517130851746,0.7798844575881958,0.4045870006084442,0.785492479801178,0.4059113562107086,0.7915394306182861,0.4074386656284332,0.7706887125968933,0.4026644825935364,0.769523024559021,0.4027237296104431,0.7685876488685608,0.40285414457321167,0.8129345774650574,0.42066389322280884,0.7778352499008179,0.4135257601737976,0.7723783254623413,0.4295056462287903,0.7609816193580627,0.42656391859054565,0.7944810390472412,0.47797656059265137,0.752812922000885,0.4707520604133606,0.7690634727478027,0.5525761246681213,0.6854930520057678,0.5162603855133057,0.7097431421279907,0.5922175645828247,0.6086077690124512,0.5327569842338562,0.6955405473709106,0.6083545088768005,0.5779201984405518,0.5372624397277832,0.6780129671096802,0.5961283445358276,0.5788533687591553,0.5360661149024963,0.6801127791404724,0.5893750190734863,0.5899133086204529,0.536612868309021,0.6972923278808594,0.6242924928665161,0.6717551946640015,0.6010406017303467,0.5018544793128967,0.5940827131271362,0.5239772796630859,0.5813291668891907,0.31462669372558594,0.5826846957206726,0.32014623284339905,0.5741293430328369,0.28274261951446533,0.6037042737007141,0.2886795699596405,0.5947902798652649,0.2858123481273651,0.5254492163658142,0.28686872124671936,0.522563099861145
fin_068.png,final,0.6779310703277588,0.42344415187835693,0.6929271221160889,0.4156109690666199,0.6963909268379211,0.41723886132240295,0.7005664706230164,0.41919609904289246,0.6890242695808411,0.4136400818824768,0.6893118619918823,0.4138405919075012,0.6898017525672913,0.4143052101135254,0.7201982736587524,0.4342816472053528,0.7031569480895996,0.4278949499130249,0.6810557246208191,0.4400820732116699,0.6764828562736511,0.43774962425231934,0.7172775864601135,0.4961738884449005,0.6741030812263489,0.4880405068397522,0.6952639818191528,0.5674194097518921,0.6140275597572327,0.5313979983329773,0.6287623047828674,0.6056257486343384,0.544381856918335,0.549277126789093,0.6063815355300903,0.6233522891998291,0.5187954306602478,0.5535837411880493,0.5971808433532715,0.6112568378448486,0.5207954049110413,0.5514453649520874,0.5986649990081787,0.6061941981315613,0.5289966464042664,0.5521042346954346,0.639984667301178,0.6409152746200562,0.604952335357666,0.6174671053886414,0.4398690164089203,0.616396963596344,0.45000237226486206,0.5992862582206726,0.24986709654331207,0.6085885167121887,0.2577003240585327,0.5958253145217896,0.21659556031227112,0.6254090070724487,0.22493916749954224,0.6144782304763794,0.2164599895477295,0.5441380739212036,0.22466860711574554,0.5449844598770142
fin_069.png,final,0.6481519937515259,0.41525715589523315,0.6703769564628601,0.4083847403526306,0.6749369502067566,0.4106137156486511,0.6805007457733154,0.4131035804748535,0.6639019250869751,0.4037623405456543,0.6635310053825378,0.402849406003952,0.6635420322418213,0.4020347595214844,0.7022712230682373,0.42839792370796204,0.6812195777893066,0.41847240924835205,0.651713490486145,0.43505334854125977,0.6442080140113831,0.4295768737792969,0.7013952732086182,0.501783013343811,0.6533204317092896,0.4786219596862793,0.6722790598869324,0.5764176845550537,0.5898458361625671,0.5277346968650818,0.6181143522262573,0.6126925349235535,0.5146399140357971,0.5478503704071045,0.6028748750686646,0.6264656782150269,0.48607978224754333,0.5526348352432251,0.5913754105567932,0.6134728193283081,0.4863188862800598,0.5525617003440857,0.5921088457107544,0.6090927124023438,0.49665066599845886,0.5518538355827332,0.6268439888954163,0.6418697834014893,0.6020541191101074,0.6040661334991455,0.42310985922813416,0.6298727989196777,0.42461466789245605,0.6006447076797485,0.22309501469135284,0.6374773979187012,0.22973443567752838,0.609409511089325,0.19540072977542877,0.6558680534362793,0.20249071717262268,0.629467785358429,0.17204704880714417,0.5766385793685913,0.18418842554092407,0.5579491257667542
fin_070.png,final,0.6352174878120422,0.41513824462890625,0.6509342789649963,0.40739887952804565,0.6537551879882812,0.40884706377983093,0.6571407914161682,0.4105455279350281,0.649713933467865,0.40522301197052,0.6515178680419922,0.40528085827827454,0.6538417339324951,0.4055522680282593,0.6819236278533936,0.4252302050590515,0.6759154200553894,0.4193073511123657,0.6407988667488098,0.4328189492225647,0.6391680240631104,0.430080771446228,0.6885733008384705,0.5013042688369751,0.6579104661941528,0.4769553542137146,0.6472452878952026,0.5795751214027405,0.5959575176239014,0.5263648629188538,0.607370138168335,0.6045327186584473,0.5116695165634155,0.5489059090614319,0.6018575429916382,0.6145243048667908,0.4881318509578705,0.5510512590408325,0.5930798649787903,0.6009739637374878,0.4881589114665985,0.5476881265640259,0.5969372391700745,0.6006022691726685,0.498643696308136,0.548955500125885,0.6193754076957703,0.6442850232124329,0.5951616168022156,0.6046817302703857,0.415327250957489,0.6302022933959961,0.42446577548980713,0.6104627847671509,0.2144339382648468,0.6311065554618835,0.22372323274612427,0.6154206395149231,0.18495860695838928,0.6483200192451477,0.19333988428115845,0.6327173113822937,0.16578039526939392,0.5681243538856506,0.18104329705238342,0.5647456645965576
fin_071.png,final,0.652192234992981,0.4482814073562622,0.6700974702835083,0.43845924735069275,0.673799991607666,0.439770370721817,0.6781781911849976,0.44133391976356506,0.6659687757492065,0.43628543615341187,0.6664583683013916,0.4361047148704529,0.6672696471214294,0.4360446333885193,0.7023930549621582,0.45514199137687683,0.6821085810661316,0.44882142543792725,0.6579750776290894,0.4641314148902893,0.6515981554985046,0.46212345361709595,0.7164134383201599,0.5199267864227295,0.6636362671852112,0.499268501996994,0.7014428377151489,0.5848413109779358,0.610565185546875,0.5524743795394897,0.6440704464912415,0.6242801547050476,0.5363898277282715,0.5745943188667297,0.6251087188720703,0.6386051774024963,0.5077148079872131,0.5804570913314819,0.6167229413986206,0.6286693215370178,0.5057469010353088,0.5808989405632019,0.6197150945663452,0.622734785079956,0.5188799500465393,0.5801921486854553,0.6210723519325256,0.6577072143554688,0.5967692732810974,0.619269609451294,0.4369508922100067,0.6526405215263367,0.43534597754478455,0.6278089880943298,0.2522938847541809,0.6537908911705017,0.2586156725883484,0.6345313191413879,0.22345860302448273,0.6763403415679932,0.24726372957229614,0.6569531559944153,0.20099890232086182,0.6026839017868042,0.2108331173658371,0.5879514813423157
fin_072.png,final,0.6430950164794922,0.4487443268299103,0.6608873605728149,0.4395400285720825,0.6643545627593994,0.4408677816390991,0.6684003472328186,0.44237327575683594,0.6578439474105835,0.4371833801269531,0.6588249206542969,0.4369387626647949,0.6600801944732666,0.4368094801902771,0.6925859451293945,0.45528480410575867,0.678264856338501,0.4498356580734253,0.6478837132453918,0.4638981223106384,0.6432379484176636,0.46167224645614624,0.7042428255081177,0.5140050649642944,0.657578706741333,0.4981836974620819,0.696179986000061,0.5839600563049316,0.5992046594619751,0.5503763556480408,0.6441640257835388,0.6240190863609314,0.5278121829032898,0.5749869346618652,0.6289454698562622,0.6387889981269836,0.5007848143577576,0.5796024799346924,0.6173555850982666,0.6294202208518982,0.4985731840133667,0.5801494121551514,0.6165053248405457,0.6234993934631348,0.5099695324897766,0.5788184404373169,0.6122954487800598,0.6539071798324585,0.590414822101593,0.6193028688430786,0.42475375533103943,0.6523988246917725,0.4388541281223297,0.6296137571334839,0.24622318148612976,0.663631021976471,0.2586609721183777,0.6442779898643494,0.21670615673065186,0.6853310465812683,0.23260775208473206,0.6593287587165833,0.19562053680419922,0.6093923449516296,0.20987452566623688,0.5972756743431091
fin_073.png,final,0.6401184797286987,0.4491015672683716,0.6582257747650146,0.4385226368904114,0.6621391773223877,0.43974441289901733,0.6668128967285156,0.4412534832954407,0.6544866561889648,0.4364532232284546,0.6554650664329529,0.436301589012146,0.6567239761352539,0.43627724051475525,0.6927274465560913,0.45452743768692017,0.6770384907722473,0.4494902789592743,0.6463620662689209,0.46598154306411743,0.6407042741775513,0.46346449851989746,0.7102640867233276,0.5309033989906311,0.656324565410614,0.502080500125885,0.6787973046302795,0.6004319787025452,0.5978928208351135,0.5560914278030396,0.6135789155960083,0.6302216649055481,0.527625322341919,0.5784459710121155,0.5918881297111511,0.6410441398620605,0.5010827779769897,0.5825679898262024,0.5944147109985352,0.62940514087677,0.49756133556365967,0.5825068950653076,0.5945857167243958,0.6243882775306702,0.5105572938919067,0.5832698941230774,0.6147773861885071,0.6625262498855591,0.5918150544166565,0.6199938654899597,0.4265594780445099,0.655742347240448,0.44164541363716125,0.6294828057289124,0.24502786993980408,0.6660217642784119,0.26045656204223633,0.6410302519798279,0.21596676111221313,0.684863805770874,0.24979844689369202,0.6603243947029114,0.19236893951892853,0.6246470212936401,0.21379715204238892,0.596418023109436
fin_074.png,final,0.6860736608505249,0.4542196989059448,0.6976549029350281,0.444533109664917,0.6989021301269531,0.4449191391468048,0.701238214969635,0.44561392068862915,0.6984243988990784,0.44413572549819946,0.6999607086181641,0.44433271884918213,0.7015109658241272,0.4446537494659424,0.7195121049880981,0.4572048783302307,0.7191877365112305,0.45434123277664185,0.6879489421844482,0.46637123823165894,0.6884912848472595,0.4670807719230652,0.7182291746139526,0.5248427391052246,0.6999630331993103,0.5092970132827759,0.687511146068573,0.5988779664039612,0.6369826793670654,0.545179545879364,0.5996121764183044,0.6267490983009338,0.5787715315818787,0.5726537108421326,0.5852522253990173,0.6381623148918152,0.5459626317024231,0.5734971165657043,0.5814844369888306,0.6290453672409058,0.545718252658844,0.5734086632728577,0.5854641199111938,0.6250410079956055,0.557878851890564,0.5761738419532776,0.6303870677947998,0.6656166315078735,0.6179712414741516,0.6405619978904724,0.4521121382713318,0.6270083785057068,0.48206567764282227,0.6126889586448669,0.29710525274276733,0.6064949631690979,0.31417205929756165,0.5920774340629578,0.2661799192428589,0.6203693747520447,0.29901036620140076,0.6093277335166931,0.270452618598938,0.5522406101226807,0.28973856568336487,0.5447595715522766
fin_075.png,final,0.691071629524231,0.456191748380661,0.7054176330566406,0.44684478640556335,0.707983136177063,0.44751641154289246,0.7115485072135925,0.4484945833683014,0.7045058012008667,0.44563472270965576,0.7063874006271362,0.445451557636261,0.7085655927658081,0.4454391598701477,0.7336088418960571,0.46137094497680664,0.729582667350769,0.456428200006485,0.696545422077179,0.4718147814273834,0.6942970752716064,0.47012847661972046,0.7291073799133301,0.530201256275177,0.7070885896682739,0.5135427117347717,0.6862375736236572,0.6071104407310486,0.6387806534767151,0.5624587535858154,0.5937227010726929,0.635470986366272,0.5856507420539856,0.5826045274734497,0.5803450345993042,0.6441493034362793,0.5729424357414246,0.5916194319725037,0.5787292718887329,0.6335972547531128,0.5751873254776001,0.590914249420166,0.5824366807937622,0.6295905113220215,0.5793875455856323,0.5894221663475037,0.6493242979049683,0.6709780097007751,0.6337223649024963,0.6457316875457764,0.46486741304397583,0.6347098350524902,0.4798298180103302,0.6190668940544128,0.29883480072021484,0.6141526103019714,0.316883385181427,0.5982320308685303,0.27238887548446655,0.6298864483833313,0.30065226554870605,0.6230614185333252,0.26088428497314453,0.5614818334579468,0.2843223512172699,0.5546306371688843
fin_076.png,final,0.6937900185585022,0.45332399010658264,0.7059457898139954,0.44495031237602234,0.707755446434021,0.44547221064567566,0.709777295589447,0.44618767499923706,0.7066668272018433,0.44414111971855164,0.7089462876319885,0.44414404034614563,0.7114807367324829,0.44429150223731995,0.7313603162765503,0.4598807096481323,0.7320409417152405,0.4551313817501068,0.6985473036766052,0.4668850898742676,0.6974525451660156,0.46657922863960266,0.7286472916603088,0.5287790894508362,0.7113824486732483,0.5101660490036011,0.6924454569816589,0.6088525652885437,0.6491766571998596,0.561745285987854,0.5954947471618652,0.6348221898078918,0.586562991142273,0.5847942233085632,0.5794897079467773,0.6451526880264282,0.5720820426940918,0.58420330286026,0.5760512351989746,0.6343098878860474,0.570884644985199,0.5856696367263794,0.5818182229995728,0.6295984387397766,0.5769572854042053,0.5844966173171997,0.6410875916481018,0.6680829524993896,0.6309241652488708,0.6366028785705566,0.4600450098514557,0.6346859931945801,0.4830201268196106,0.6025399565696716,0.29853755235671997,0.6147125959396362,0.326629638671875,0.5959716439247131,0.27022793889045715,0.626377522945404,0.3358096182346344,0.611781895160675,0.2680056691169739,0.5579792261123657,0.30271175503730774,0.5490900874137878
fin_077.png,final,0.7045606374740601,0.45493072271347046,0.7150347828865051,0.4449913203716278,0.7170343399047852,0.44531261920928955,0.7192743420600891,0.4459115266799927,0.715045690536499,0.44458115100860596,0.7170199155807495,0.4446186423301697,0.7192705869674683,0.4448581635951996,0.7425714135169983,0.4587341845035553,0.7397282719612122,0.4548904001712799,0.7101975083351135,0.4685189127922058,0.708593487739563,0.46854549646377563,0.7400820851325989,0.5299772024154663,0.7199872732162476,0.5140520334243774,0.7032651305198669,0.612880289554596,0.6568714380264282,0.5620116591453552,0.6055964231491089,0.6345759034156799,0.5917795300483704,0.5764065980911255,0.5904921889305115,0.6441127061843872,0.5695328712463379,0.5766553282737732,0.5858723521232605,0.6339293718338013,0.5698533654212952,0.5773527026176453,0.5908498764038086,0.6302521824836731,0.5800032019615173,0.5803492665290833,0.6545203924179077,0.6739081144332886,0.6433925628662109,0.6487307548522949,0.47724124789237976,0.6285080909729004,0.4959656298160553,0.618841290473938,0.31724289059638977,0.6086169481277466,0.3297141492366791,0.6003450751304626,0.28975966572761536,0.621081531047821,0.3078286051750183,0.6138800382614136,0.2903062105178833,0.5556604862213135,0.306235134601593,0.5523854494094849
fin_078.png,final,0.7237434387207031,0.45791614055633545,0.7334508895874023,0.44871240854263306,0.7346022129058838,0.4490843713283539,0.735845685005188,0.4496862292289734,0.7351323962211609,0.44810864329338074,0.7372061014175415,0.4481338858604431,0.7392644882202148,0.4483931064605713,0.7557547688484192,0.46268829703330994,0.7575433254241943,0.45811253786087036,0.7277554869651794,0.46990928053855896,0.7292302846908569,0.4705052077770233,0.7504240870475769,0.520655632019043,0.7370542287826538,0.510964035987854,0.7145182490348816,0.5970100164413452,0.6705487370491028,0.5504651069641113,0.6279851794242859,0.6296496987342834,0.6170842051506042,0.5814542770385742,0.6179906129837036,0.6436018347740173,0.5888094902038574,0.5979445576667786,0.611088216304779,0.6331974864006042,0.5869596600532532,0.5976690053939819,0.6143226027488708,0.627402126789093,0.5937933921813965,0.5951657891273499,0.6566766500473022,0.6635635495185852,0.6514732241630554,0.6424490809440613,0.4782412052154541,0.6187590956687927,0.5186592936515808,0.601563036441803,0.33231350779533386,0.597614586353302,0.35075944662094116,0.5868812203407288,0.3027612268924713,0.6114364862442017,0.32027822732925415,0.6029296517372131,0.308046817779541,0.54550701379776,0.3176283538341522,0.5456578135490417
fin_079.png,final,0.7429937720298767,0.4619956314563751,0.751008152961731,0.4528946876525879,0.752185046672821,0.4529854953289032,0.7533891201019287,0.45315366983413696,0.7517945766448975,0.4525703191757202,0.7534841895103455,0.452520489692688,0.7552165389060974,0.4525604248046875,0.7728385925292969,0.46286100149154663,0.774199903011322,0.46116989850997925,0.7466800212860107,0.474260151386261,0.7476719617843628,0.4749948978424072,0.778399646282196,0.529460608959198,0.7618476748466492,0.517064094543457,0.7360795736312866,0.6102420687675476,0.6913405060768127,0.5508235096931458,0.6448264718055725,0.6379703283309937,0.6344306468963623,0.5797261595726013,0.6293742656707764,0.6489774584770203,0.6142387986183167,0.5800744891166687,0.6240019202232361,0.6398332715034485,0.6123328804969788,0.5795649290084839,0.6284178495407104,0.6351011991500854,0.6174444556236267,0.5821301937103271,0.6803691387176514,0.6700331568717957,0.6695241928100586,0.6399111151695251,0.5093337297439575,0.6283923387527466,0.5452842712402344,0.6037266850471497,0.3461472988128662,0.6047238111495972,0.3641776144504547,0.5895450711250305,0.3157674968242645,0.6179249882698059,0.3420848846435547,0.602001965045929,0.31064507365226746,0.5540590882301331,0.341384619474411,0.5408847332000732
fin_080.png,final,0.7104628086090088,0.4188411235809326,0.7308547496795654,0.4089900851249695,0.7381773591041565,0.4107401967048645,0.7465769648551941,0.4127363860607147,0.7194191813468933,0.40591174364089966,0.7172060608863831,0.4053936004638672,0.7152107954025269,0.405157208442688,0.7675948143005371,0.42680418491363525,0.725330114364624,0.41913604736328125,0.7204735279083252,0.43724489212036133,0.7054117918014526,0.4337237477302551,0.7576793432235718,0.48724034428596497,0.7095345258712769,0.4728279411792755,0.7443931698799133,0.5530571341514587,0.6487805247306824,0.5210092663764954,0.7089470028877258,0.5866748094558716,0.5794745087623596,0.542366623878479,0.6834004521369934,0.6088700890541077,0.5491233468055725,0.5473330020904541,0.6704776287078857,0.5961064696311951,0.5474717617034912,0.5462781190872192,0.6737582087516785,0.5895576477050781,0.5597810745239258,0.5457759499549866,0.657470703125,0.6290580630302429,0.6415519118309021,0.5926271080970764,0.4548457860946655,0.615848183631897,0.4703223705291748,0.5961604118347168,0.26667696237564087,0.6173118948936462,0.2821364402770996,0.5881667733192444,0.23545968532562256,0.6407124996185303,0.2822108864784241,0.6064499616622925,0.21980929374694824,0.5649702548980713,0.23987066745758057,0.54619961977005
fin_081.png,final,0.6926922798156738,0.4115830063819885,0.71043461561203,0.4050673544406891,0.7137173414230347,0.40721601247787476,0.7175632119178772,0.40969544649124146,0.7085784673690796,0.4018899202346802,0.7099030613899231,0.4018441438674927,0.7115282416343689,0.4020214080810547,0.7412447929382324,0.4267347455024719,0.7303371429443359,0.4189978241920471,0.696253776550293,0.42909377813339233,0.6925174593925476,0.42573899030685425,0.7450231909751892,0.4925450086593628,0.6993704438209534,0.4779205918312073,0.7311329245567322,0.559174656867981,0.6381075978279114,0.52225261926651,0.7034496068954468,0.5908528566360474,0.5693628787994385,0.5472419261932373,0.6812511682510376,0.6113579869270325,0.5410827398300171,0.5519941449165344,0.6659742593765259,0.6023815274238586,0.5411608219146729,0.551347017288208,0.6669155955314636,0.595772922039032,0.5507907867431641,0.5515934824943542,0.6678779721260071,0.6404890418052673,0.6351240873336792,0.6160025596618652,0.4596983790397644,0.6172716021537781,0.4791090488433838,0.5947296619415283,0.26228561997413635,0.6146054863929749,0.2743930220603943,0.602392852306366,0.23184910416603088,0.6360469460487366,0.2721920609474182,0.6091721653938293,0.21838867664337158,0.5622766017913818,0.23209676146507263,0.5532745718955994
fin_082.png,final,0.5913046002388,0.3845064043998718,0.607255220413208,0.3732140064239502,0.6114899516105652,0.37411826848983765,0.6165577173233032,0.3752531409263611,0.6016097068786621,0.371868371963501,0.601235032081604,0.3718354105949402,0.6010442972183228,0.3719504177570343,0.6420698165893555,0.38801223039627075,0.6153109073638916,0.38384953141212463,0.5982508659362793,0.40111443400382996,0.5906209349632263,0.3992842733860016,0.6520892381668091,0.4488682746887207,0.6007890105247498,0.4350399374961853,0.640539288520813,0.5138459205627441,0.5395998358726501,0.4875829815864563,0.591469943523407,0.5498532652854919,0.4704710841178894,0.5123063325881958,0.5638197064399719,0.5706127882003784,0.43983811140060425,0.5170398354530334,0.5557743906974792,0.5611434578895569,0.43729180097579956,0.5161572694778442,0.5563362240791321,0.5563178658485413,0.45004451274871826,0.5166959166526794,0.55755215883255,0.5877432227134705,0.5368391275405884,0.5553901791572571,0.3599412441253662,0.5894910097122192,0.3677065372467041,0.5642454624176025,0.16954809427261353,0.5974189639091492,0.1850486695766449,0.5728514790534973,0.141342431306839,0.6214752197265625,0.18580064177513123,0.5899001955986023,0.11641263961791992,0.5501030683517456,0.14032763242721558,0.5332452058792114
fin_083.png,final,0.72054123878479,0.41741013526916504,0.7373836636543274,0.4079628586769104,0.7421509027481079,0.40926095843315125,0.7479333877563477,0.4108560383319855,0.7310963273048401,0.40639737248420715,0.7309694886207581,0.4065513014793396,0.7310618758201599,0.4068909287452698,0.7738528251647949,0.42407357692718506,0.7478227019309998,0.41952431201934814,0.7289345264434814,0.43455880880355835,0.7202287316322327,0.4318837821483612,0.7840287685394287,0.4915674328804016,0.7229164838790894,0.46969902515411377,0.7670329809188843,0.5603530406951904,0.6634987592697144,0.5203123688697815,0.7066594958305359,0.6055543422698975,0.5906715393066406,0.5436503887176514,0.6906567811965942,0.6161519289016724,0.5601472854614258,0.5485650300979614,0.6838305592536926,0.6054457426071167,0.5574275255203247,0.5489187836647034,0.6863176226615906,0.6016592383384705,0.5709838271141052,0.5494757890701294,0.6857219338417053,0.6228368282318115,0.6550595760345459,0.5879899263381958,0.5061416625976562,0.624413788318634,0.5085973739624023,0.5989759564399719,0.32168686389923096,0.6309854984283447,0.32621508836746216,0.6090438961982727,0.2925640940666199,0.6510133147239685,0.3203469216823578,0.6307060718536377,0.2707372307777405,0.5950828194618225,0.27706706523895264,0.5567960739135742
fin_084.png,final,0.7241705060005188,0.41773784160614014,0.7417908310890198,0.4092860817909241,0.7474573254585266,0.41062718629837036,0.7541711926460266,0.4121886193752289,0.7327209115028381,0.4075503349304199,0.731433629989624,0.4076921343803406,0.7303289175033569,0.4080662727355957,0.778476357460022,0.4262334704399109,0.7449329495429993,0.4222148060798645,0.7344926595687866,0.43575069308280945,0.7220327258110046,0.4326407313346863,0.7885963916778564,0.49067509174346924,0.7246482968330383,0.4738439917564392,0.7741585969924927,0.5582833886146545,0.6672006845474243,0.5229799151420593,0.7143530249595642,0.6051936745643616,0.5981128215789795,0.5453251004219055,0.6995189189910889,0.6151161193847656,0.5688905119895935,0.5515732765197754,0.6922106146812439,0.6046109199523926,0.5667169690132141,0.5499964952468872,0.6947279572486877,0.6005762219429016,0.5803563594818115,0.5500034689903259,0.6789271235466003,0.6252767443656921,0.6500210762023926,0.5919157266616821,0.5142701864242554,0.6270347833633423,0.5013664364814758,0.6101276278495789,0.32617107033729553,0.638163685798645,0.3494107723236084,0.6223868131637573,0.2971111238002777,0.6532105207443237,0.31081730127334595,0.6261977553367615,0.2776254415512085,0.6044302582740784,0.28489941358566284,0.5698933601379395
fin_085.png,final,0.8042044043540955,0.19013243913650513,0.8217563629150391,0.18149003386497498,0.8257995247840881,0.18338941037654877,0.8314951658248901,0.1860533505678177,0.816583514213562,0.17929421365261078,0.8163565397262573,0.17944668233394623,0.8163460493087769,0.1797678917646408,0.8530001640319824,0.20490971207618713,0.826897919178009,0.19408878684043884,0.8089128732681274,0.20958037674427032,0.800337553024292,0.20576509833335876,0.8427320718765259,0.2905147671699524,0.7864748239517212,0.25126025080680847,0.7775869369506836,0.3747372627258301,0.7003415822982788,0.306482195854187,0.6930527687072754,0.40419843792915344,0.6129420399665833,0.3260864019393921,0.6663131713867188,0.41520965099334717,0.5799665451049805,0.32456377148628235,0.665002703666687,0.40311703085899353,0.5780503153800964,0.32315975427627563,0.6670541763305664,0.39645227789878845,0.5890867710113525,0.32665255665779114,0.7040319442749023,0.4297195374965668,0.6852421760559082,0.38107097148895264,0.49033021926879883,0.4002331793308258,0.5361002683639526,0.3515053391456604,0.29737553000450134,0.38205307722091675,0.30699560046195984,0.355224072933197,0.26780298352241516,0.3990292549133301,0.2787349820137024,0.38123682141304016,0.24128973484039307,0.3191358149051666,0.25437846779823303,0.2977222800254822
fin_086.png,final,0.6753044128417969,0.4977979063987732,0.6911759972572327,0.4918915927410126,0.6944859623908997,0.49336230754852295,0.6983200907707214,0.4951580762863159,0.68692946434021,0.48953449726104736,0.6869657039642334,0.48929381370544434,0.6872061491012573,0.48938417434692383,0.7149930000305176,0.5099178552627563,0.697643518447876,0.5036218166351318,0.6767972707748413,0.5141352415084839,0.6716721653938293,0.5116562843322754,0.7029399275779724,0.5635663270950317,0.6629295945167542,0.5539723634719849,0.6866762638092041,0.6215626001358032,0.611772894859314,0.5934461355209351,0.6499406695365906,0.6570037603378296,0.5473208427429199,0.6067191958427429,0.6362448334693909,0.6733585596084595,0.5178405046463013,0.6113541722297668,0.6197795867919922,0.6622067093849182,0.5180705189704895,0.6104207634925842,0.6203698515892029,0.6584975719451904,0.5317639112472534,0.6110637784004211,0.6185738444328308,0.6928622126579285,0.5978607535362244,0.6812995672225952,0.4389151632785797,0.6662859320640564,0.4487491250038147,0.6641738414764404,0.26153427362442017,0.6764167547225952,0.2907440662384033,0.6736264824867249,0.23889105021953583,0.6847692728042603,0.24107041954994202,0.6828776001930237,0.25256234407424927,0.6344548463821411,0.25319430232048035,0.6384814381599426
fin_087.png,final,0.6803616881370544,0.5031133890151978,0.6930769085884094,0.49534693360328674,0.696124792098999,0.49589014053344727,0.7007624506950378,0.49675092101097107,0.6862334609031677,0.4951608180999756,0.6850816011428833,0.49535998702049255,0.6838759779930115,0.4956629276275635,0.716209352016449,0.5081130862236023,0.6945734620094299,0.5058702826499939,0.684850811958313,0.5166956186294556,0.6775327920913696,0.516097903251648,0.7048466801643372,0.5640385746955872,0.671890377998352,0.5557811260223389,0.6850522756576538,0.6321278214454651,0.6180034875869751,0.5916761755943298,0.6190589666366577,0.6599788069725037,0.5481926202774048,0.6066489815711975,0.6044317483901978,0.6709004044532776,0.521281361579895,0.6120209097862244,0.5994725227355957,0.664067268371582,0.5219017267227173,0.6102820634841919,0.6031021475791931,0.6596748232841492,0.5336496829986572,0.6104543209075928,0.6241275668144226,0.6958032846450806,0.6150335073471069,0.679920494556427,0.47351551055908203,0.6590549945831299,0.5091452598571777,0.6489483714103699,0.35192441940307617,0.6848667860031128,0.3987278342247009,0.6822927594184875,0.3374987542629242,0.7043685913085938,0.38578349351882935,0.6965992450714111,0.30527833104133606,0.6510026454925537,0.3549036979675293,0.6617478132247925
fin_088.png,final,0.6840687394142151,0.5013524293899536,0.7044629454612732,0.49509647488594055,0.7109987139701843,0.4974876642227173,0.7189278602600098,0.5005297660827637,0.6921782493591309,0.49125587940216064,0.6894027590751648,0.490581214427948,0.6866790056228638,0.4901457726955414,0.7354790568351746,0.5151444673538208,0.6938332915306091,0.5027416348457336,0.6923282146453857,0.519404411315918,0.6758416891098022,0.5135032534599304,0.7137578129768372,0.5650011897087097,0.6700483560562134,0.5553251504898071,0.6970997452735901,0.6174363493919373,0.6141864657402039,0.5920799374580383,0.6762492656707764,0.6438394784927368,0.5496947169303894,0.6095919013023376,0.6549137830734253,0.6647213697433472,0.5198957324028015,0.6141579151153564,0.6393530964851379,0.6530913710594177,0.5194360613822937,0.6129934787750244,0.640203058719635,0.6487354636192322,0.5335670113563538,0.6135636568069458,0.6383211612701416,0.6945685148239136,0.6120478510856628,0.6802452802658081,0.4696316719055176,0.6605429649353027,0.47463560104370117,0.6640661358833313,0.29219329357147217,0.6866344213485718,0.33023688197135925,0.6853536367416382,0.2739996612071991,0.695850133895874,0.3103151023387909,0.7008974552154541,0.2549642324447632,0.6472784280776978,0.2814518213272095,0.6557976603507996
fin_089.png,final,0.670579195022583,0.4908260703086853,0.6896328926086426,0.48296332359313965,0.6931299567222595,0.48465198278427124,0.6972150802612305,0.48663049936294556,0.6865524053573608,0.47987666726112366,0.6874871850013733,0.4793652892112732,0.6887054443359375,0.4790199398994446,0.7193084955215454,0.501375675201416,0.7062303423881531,0.49330857396125793,0.6731441617012024,0.507766842842102,0.668748676776886,0.5049532651901245,0.7225507497787476,0.5687810182571411,0.6743512153625488,0.5450214743614197,0.6868197321891785,0.6313713788986206,0.6116614937782288,0.5877246260643005,0.6495279669761658,0.6539207100868225,0.5516607761383057,0.6007851362228394,0.6319036483764648,0.666688084602356,0.5221602320671082,0.6035139560699463,0.6265898942947388,0.6550058722496033,0.5236101150512695,0.6029261946678162,0.626950204372406,0.650440514087677,0.5370296239852905,0.6034172773361206,0.6289530396461487,0.6955246925354004,0.6094087958335876,0.6559179425239563,0.43911266326904297,0.6812829375267029,0.447773277759552,0.6582614779472351,0.24935787916183472,0.6678933501243591,0.2662818431854248,0.6555178165435791,0.21854914724826813,0.6785392165184021,0.26083773374557495,0.6673192381858826,0.2251935750246048,0.6086902022361755,0.2391437590122223,0.6063463687896729
fin_090.png,final,0.6791378855705261,0.495095819234848,0.6963250041007996,0.4871637225151062,0.7008593678474426,0.48849546909332275,0.70620197057724,0.490153968334198,0.6899669766426086,0.48501068353652954,0.689449667930603,0.48472678661346436,0.6892121434211731,0.4846591353416443,0.7262918949127197,0.5032362341880798,0.7031976580619812,0.4971175193786621,0.6836866736412048,0.5113207697868347,0.6752877235412598,0.5090029835700989,0.7141135931015015,0.5633153915405273,0.6775506138801575,0.5471711754798889,0.6846194267272949,0.628810703754425,0.6148621439933777,0.588195264339447,0.6329363584518433,0.6538252830505371,0.5456758737564087,0.601056694984436,0.6140431761741638,0.6640613079071045,0.5180803537368774,0.6058772802352905,0.6070975065231323,0.6526120901107788,0.5170648097991943,0.6054521799087524,0.6093785166740417,0.6490067839622498,0.5281065702438354,0.605297863483429,0.6128551959991455,0.6901891231536865,0.6015558838844299,0.6560466885566711,0.4281717836856842,0.6736341118812561,0.44633594155311584,0.6563926339149475,0.2563789188861847,0.6673904061317444,0.27054163813591003,0.6589238047599792,0.22382912039756775,0.6828957200050354,0.2569425106048584,0.669057309627533,0.21553975343704224,0.6091746687889099,0.22900435328483582,0.6089310050010681
fin_091.png,final,0.6563025116920471,0.4813721179962158,0.675993025302887,0.47481438517570496,0.6808872222900391,0.4769604504108429,0.6865172982215881,0.47945570945739746,0.6700880527496338,0.47084689140319824,0.6701538562774658,0.4700849652290344,0.6704695820808411,0.4695071578025818,0.7077181935310364,0.49448585510253906,0.6868976354598999,0.48469769954681396,0.6608416438102722,0.4987156391143799,0.653030514717102,0.49423766136169434,0.7054648399353027,0.5574934482574463,0.655788004398346,0.5346670150756836,0.6671863198280334,0.6284448504447937,0.5961872935295105,0.5807459950447083,0.6204451322555542,0.6454018950462341,0.5321309566497803,0.5946641564369202,0.6038368940353394,0.6565913558006287,0.503768801689148,0.5966794490814209,0.5987768173217773,0.6428298950195312,0.5026653409004211,0.5958124399185181,0.600220799446106,0.6372349262237549,0.5151196718215942,0.5967276096343994,0.6191670894622803,0.675328254699707,0.5972353219985962,0.6388020515441895,0.43901965022087097,0.6695932745933533,0.4510692358016968,0.6466158032417297,0.2672068774700165,0.674606442451477,0.31224358081817627,0.6565776467323303,0.24467366933822632,0.6898413300514221,0.2909839153289795,0.6727918982505798,0.21799179911613464,0.623928427696228,0.23089250922203064,0.613216757774353
fin_092.png,final,0.6571551561355591,0.47948795557022095,0.6750114560127258,0.47373831272125244,0.6789776086807251,0.4755103588104248,0.6837483644485474,0.47754019498825073,0.6714881062507629,0.4707099199295044,0.6725833415985107,0.4703180193901062,0.6740846633911133,0.4701252579689026,0.7047960162162781,0.49127548933029175,0.6912263631820679,0.483547568321228,0.660988986492157,0.49645787477493286,0.6558790802955627,0.49235981702804565,0.7024521827697754,0.5605834722518921,0.6566752791404724,0.534318208694458,0.6546961665153503,0.628808319568634,0.5974703431129456,0.5776017904281616,0.5981887578964233,0.6413891911506653,0.5282944440841675,0.5931546092033386,0.5828385949134827,0.6470959782600403,0.5044799447059631,0.5964605808258057,0.586785614490509,0.636306881904602,0.5038245916366577,0.5956684947013855,0.584408700466156,0.6323089599609375,0.5128337740898132,0.5960456728935242,0.6221224069595337,0.6749804615974426,0.6012687683105469,0.6387012004852295,0.43599987030029297,0.6730067729949951,0.45379501581192017,0.6354374885559082,0.2610262334346771,0.6729283332824707,0.2695907950401306,0.6557066440582275,0.23372586071491241,0.6893026828765869,0.24466899037361145,0.6689454913139343,0.2135886549949646,0.6163133978843689,0.22254472970962524,0.6116295456886292
fin_093.png,final,0.656508207321167,0.4850727915763855,0.6769540309906006,0.47691863775253296,0.6821042895317078,0.47873568534851074,0.688288152217865,0.4808237552642822,0.6701402068138123,0.4736004173755646,0.6699784398078918,0.4730527997016907,0.6701563596725464,0.47268229722976685,0.708874523639679,0.4942551255226135,0.6845630407333374,0.4861539304256439,0.6615193486213684,0.5022366046905518,0.6529355049133301,0.4983702003955841,0.7064449787139893,0.5556772351264954,0.6559805870056152,0.5360485911369324,0.6753180027008057,0.6246061325073242,0.5980584025382996,0.5808067917823792,0.6313934922218323,0.6464390754699707,0.5311141014099121,0.5970885157585144,0.6090193390846252,0.6561514139175415,0.5073071122169495,0.6006930470466614,0.6038298010826111,0.644020140171051,0.508033275604248,0.597934365272522,0.6057517528533936,0.6403946876525879,0.5190942883491516,0.5984716415405273,0.6178663969039917,0.6762305498123169,0.5971433520317078,0.6419564485549927,0.43563276529312134,0.667155385017395,0.4558027982711792,0.643974244594574,0.26283174753189087,0.6705317497253418,0.2711591422557831,0.6603188514709473,0.2379608303308487,0.6858450174331665,0.28228893876075745,0.6698713898658752,0.21065360307693481,0.6127989292144775,0.22547701001167297,0.6137579679489136
fin_094.png,final,0.6617027521133423,0.48449569940567017,0.6778897643089294,0.4766181707382202,0.6820331811904907,0.4779318571090698,0.6869316101074219,0.4795319736003876,0.6722275018692017,0.47450780868530273,0.6717575192451477,0.47425761818885803,0.6712884306907654,0.4741412103176117,0.7055649757385254,0.49262869358062744,0.6821216940879822,0.4867478311061859,0.667097270488739,0.5003256797790527,0.6595048308372498,0.49749380350112915,0.7013405561447144,0.5470507144927979,0.6602343320846558,0.5348557829856873,0.6850535869598389,0.6109116673469543,0.6046393513679504,0.5772744417190552,0.6342743635177612,0.6444529891014099,0.5340201258659363,0.5925807356834412,0.6133880019187927,0.6561165452003479,0.506447970867157,0.5977386832237244,0.6083205938339233,0.6442736387252808,0.5060279369354248,0.5955844521522522,0.6117405295372009,0.6402149796485901,0.5186103582382202,0.5952440500259399,0.6163854598999023,0.6724910140037537,0.6015145778656006,0.6431608200073242,0.4359951913356781,0.6613633632659912,0.4563834071159363,0.6456003189086914,0.2791110575199127,0.6724775433540344,0.3082868754863739,0.6548838019371033,0.24926280975341797,0.6857845783233643,0.28527703881263733,0.6697207093238831,0.22727572917938232,0.6222863793373108,0.23666563630104065,0.6200873851776123
fin_095.png,final,0.6804035902023315,0.47454434633255005,0.7006725072860718,0.46724677085876465,0.7050795555114746,0.4689294695854187,0.7102074027061462,0.4708009660243988,0.6959366798400879,0.46428096294403076,0.6964977383613586,0.4638514518737793,0.6974667310714722,0.46353912353515625,0.731088399887085,0.48447489738464355,0.7145532965660095,0.4777444005012512,0.6842932105064392,0.491277277469635,0.6777904629707336,0.4878363609313965,0.7326146960258484,0.5523286461830139,0.6788306832313538,0.5282706022262573,0.6918298602104187,0.6223024725914001,0.6131511926651001,0.5756921172142029,0.6332377195358276,0.6476650834083557,0.5466172099113464,0.5916009545326233,0.6098530292510986,0.6568294763565063,0.518390417098999,0.5936919450759888,0.6129207015037537,0.6444767713546753,0.5151969194412231,0.5933403372764587,0.6144042611122131,0.6402261853218079,0.5271967649459839,0.5949448347091675,0.6389063596725464,0.6727933883666992,0.6141595244407654,0.634570300579071,0.4546734094619751,0.6644471287727356,0.45861193537712097,0.6405149698257446,0.2844201624393463,0.6646749377250671,0.2867950201034546,0.6499766111373901,0.25378701090812683,0.6846221089363098,0.2620294392108917,0.667009711265564,0.2372078001499176,0.608507513999939,0.24290886521339417,0.6036157011985779
fin_096.png,final,0.7825762033462524,0.49447619915008545,0.8008708357810974,0.4907029867172241,0.8055492043495178,0.4927500784397125,0.8106644153594971,0.4951709508895874,0.7943863868713379,0.48808908462524414,0.7934963703155518,0.4880272448062897,0.7924413681030273,0.48817476630210876,0.8233967423439026,0.5097658634185791,0.7988502979278564,0.5022609233856201,0.7845567464828491,0.5124778151512146,0.7754002213478088,0.5077900290489197,0.8026216626167297,0.5643475651741028,0.7632561922073364,0.5574119687080383,0.7785632610321045,0.6292238235473633,0.707934558391571,0.5968757271766663,0.7417970895767212,0.6609299182891846,0.6425133943557739,0.6110292673110962,0.7267914414405823,0.6759926080703735,0.610428512096405,0.6152556538581848,0.7162325978279114,0.6633690595626831,0.6099462509155273,0.6125312447547913,0.7172790169715881,0.6597157120704651,0.6249389052391052,0.6120764017105103,0.7228732705116272,0.6974525451660156,0.7019029855728149,0.6831059455871582,0.5699838399887085,0.6546636819839478,0.5667297840118408,0.660049557685852,0.40106919407844543,0.6703373789787292,0.4085540771484375,0.6674312949180603,0.3557148575782776,0.6833769679069519,0.36052313446998596,0.6776564121246338,0.35437214374542236,0.622918426990509,0.3530873954296112,0.6271765828132629
fin_097.png,final,0.8514328598976135,0.5100212097167969,0.8730298280715942,0.504194974899292,0.8782323002815247,0.5064972639083862,0.883963942527771,0.5090771317481995,0.8637447357177734,0.500086784362793,0.8618971109390259,0.499350905418396,0.8603566288948059,0.49874311685562134,0.9011192321777344,0.5261977314949036,0.8700827360153198,0.513752818107605,0.8545567989349365,0.5284357070922852,0.8424360752105713,0.5227406024932861,0.8839758038520813,0.5850608348846436,0.8379234075546265,0.5673717856407166,0.8512170910835266,0.653754472732544,0.7754143476486206,0.6085554957389832,0.8001629114151001,0.6754530668258667,0.7067994475364685,0.6180922985076904,0.7765030860900879,0.685392439365387,0.6778975129127502,0.6208686232566833,0.771942675113678,0.6724345684051514,0.6771687269210815,0.6180135607719421,0.779676079750061,0.6685385704040527,0.6893871426582336,0.6188309192657471,0.7814053893089294,0.7125556468963623,0.7718472480773926,0.6772292852401733,0.5919853448867798,0.687674343585968,0.6122135519981384,0.6713088154792786,0.41554397344589233,0.6715643405914307,0.430766761302948,0.6648709177970886,0.3852347433567047,0.6825665235519409,0.4017684757709503,0.6759309768676758,0.3829348087310791,0.6129692792892456,0.3955596387386322,0.6147719025611877
fin_098.png,final,0.635275661945343,0.5160504579544067,0.650900661945343,0.5072935223579407,0.653515636920929,0.5084755420684814,0.6568223834037781,0.5100487470626831,0.6485623121261597,0.5059376955032349,0.6491882801055908,0.5061615705490112,0.6499901413917542,0.5066150426864624,0.6748290061950684,0.5231599807739258,0.6633039712905884,0.5180211067199707,0.6377792954444885,0.5302401781082153,0.634639322757721,0.5288302898406982,0.6698685884475708,0.5825209617614746,0.6407129764556885,0.5632659196853638,0.627118706703186,0.6499185562133789,0.5780971050262451,0.5996420383453369,0.5741228461265564,0.671869158744812,0.5137659907341003,0.6191375851631165,0.5561599135398865,0.6795516014099121,0.4857066869735718,0.6201453804969788,0.5515100359916687,0.6704011559486389,0.4842221736907959,0.6194059252738953,0.5541807413101196,0.6644741296768188,0.4949922561645508,0.6213911771774292,0.5707077980041504,0.704888641834259,0.5631381869316101,0.663757860660553,0.3898007571697235,0.679771900177002,0.46032118797302246,0.6418845653533936,0.22416719794273376,0.6659474968910217,0.3613418638706207,0.6522871255874634,0.19317753612995148,0.6793181300163269,0.3450033664703369,0.6644055843353271,0.1962434947490692,0.6130510568618774,0.3253105878829956,0.6206436157226562
fin_099.png,final,0.6473289728164673,0.5224062204360962,0.6645358800888062,0.5141011476516724,0.668157696723938,0.5155158042907715,0.6725067496299744,0.5173029899597168,0.6601687669754028,0.511868953704834,0.6602350473403931,0.5115803480148315,0.6605164408683777,0.5115299820899963,0.6919955015182495,0.531554639339447,0.6727306246757507,0.5234690308570862,0.6504709124565125,0.536931037902832,0.6444993019104004,0.5341849327087402,0.6810657978057861,0.5875567197799683,0.6435991525650024,0.5726528763771057,0.6487454771995544,0.6490324139595032,0.5852999687194824,0.6099836826324463,0.6159889101982117,0.670255184173584,0.5251022577285767,0.623504102230072,0.5908111333847046,0.6853917241096497,0.4984724521636963,0.6263534426689148,0.5824771523475647,0.6730329990386963,0.4975147247314453,0.6261681914329529,0.583218514919281,0.6689013838768005,0.5094878077507019,0.6269885897636414,0.5853216648101807,0.7151042222976685,0.5776751637458801,0.6804746389389038,0.4032796621322632,0.6875631809234619,0.42858487367630005,0.675567090511322,0.23849500715732574,0.6792833805084229,0.2834412753582001,0.6668413877487183,0.20615285634994507,0.6889014840126038,0.2579401731491089,0.6785534024238586,0.21146456897258759,0.6223039627075195,0.24738866090774536,0.6249115467071533
fin_100.png,final,0.6539980173110962,0.5222472548484802,0.6660996675491333,0.5152839422225952,0.6689838767051697,0.5157492756843567,0.6733545064926147,0.516815185546875,0.6620039343833923,0.5150924921035767,0.6618887186050415,0.5153628587722778,0.6618848443031311,0.5158854722976685,0.6829126477241516,0.5323759317398071,0.6739203333854675,0.526555061340332,0.6569059491157532,0.5358568429946899,0.6520185470581055,0.5357905030250549,0.672170102596283,0.5852514505386353,0.6458098292350769,0.5768039226531982,0.6395527124404907,0.6547203063964844,0.5942712426185608,0.6179233193397522,0.5702244639396667,0.6813565492630005,0.5285323262214661,0.6276086568832397,0.558120608329773,0.6896508932113647,0.5015329122543335,0.6314259171485901,0.5549625158309937,0.6832587718963623,0.5008149743080139,0.6293519735336304,0.557544469833374,0.6777971386909485,0.5111821889877319,0.6295750141143799,0.5768735408782959,0.7205551266670227,0.5745702981948853,0.7042894959449768,0.4099530279636383,0.6845604777336121,0.44465816020965576,0.6793458461761475,0.25134387612342834,0.6801385879516602,0.28937244415283203,0.6860975623130798,0.2306751012802124,0.6901910901069641,0.2406657338142395,0.6887618899345398,0.2511363923549652,0.6431272029876709,0.25037309527397156,0.6488994359970093
fin_101.png,final,0.6532546281814575,0.5283903479576111,0.6650610566139221,0.5205760598182678,0.6671488881111145,0.5213707685470581,0.6705933809280396,0.5227161645889282,0.6623383164405823,0.5197992324829102,0.6624961495399475,0.5199733972549438,0.662636935710907,0.5203293561935425,0.683996319770813,0.5372940897941589,0.675084114074707,0.5303094387054443,0.6562895178794861,0.5423509478569031,0.6526983976364136,0.5416669845581055,0.6732437610626221,0.5906988382339478,0.6449875235557556,0.5792797207832336,0.6384315490722656,0.6550899147987366,0.5892598628997803,0.6162437200546265,0.5959612131118774,0.6764556169509888,0.5291755199432373,0.630034327507019,0.5885424017906189,0.6898764371871948,0.502437174320221,0.6348385214805603,0.5845237374305725,0.6786171197891235,0.5017560124397278,0.6336442232131958,0.585993766784668,0.6729002594947815,0.514811635017395,0.6344472765922546,0.593168318271637,0.7258384227752686,0.5831619501113892,0.7086300253868103,0.4745701849460602,0.6550424695014954,0.47441428899765015,0.6561146974563599,0.3402637839317322,0.6866229772567749,0.34236574172973633,0.6811056137084961,0.32804080843925476,0.7053102254867554,0.3269806504249573,0.6958706378936768,0.28889039158821106,0.6537829041481018,0.29518774151802063,0.6541610956192017
fin_102.png,final,0.7360168695449829,0.5513318181037903,0.7524069547653198,0.5443412065505981,0.7556116580963135,0.5460414290428162,0.7592003345489502,0.548099935054779,0.7482665777206421,0.5423084497451782,0.7481994032859802,0.5424960255622864,0.7482855319976807,0.5428966283798218,0.7775915861129761,0.5658659338951111,0.76016765832901,0.5587941408157349,0.737812340259552,0.5688560009002686,0.7329283952713013,0.5666494369506836,0.7633827924728394,0.626515805721283,0.7333807349205017,0.6106846928596497,0.7362501621246338,0.6986567378044128,0.6686404943466187,0.6489459872245789,0.6774147748947144,0.7308899164199829,0.5958583354949951,0.6628262400627136,0.6577202677726746,0.7432870268821716,0.5646288394927979,0.6685277223587036,0.6482234597206116,0.7330430150032043,0.5634468793869019,0.6686872243881226,0.6509948968887329,0.7274351716041565,0.5743967890739441,0.6686285734176636,0.6519802212715149,0.7677996754646301,0.6386108994483948,0.7368971109390259,0.46340465545654297,0.737175703048706,0.4875316619873047,0.7280516028404236,0.2834593653678894,0.7258233428001404,0.3020230531692505,0.7205061912536621,0.24514034390449524,0.7377700209617615,0.30111849308013916,0.7273035049438477,0.2527844309806824,0.6644285917282104,0.26684314012527466,0.6634238958358765
fin_103.png,final,0.7370340824127197,0.5545076131820679,0.7534757852554321,0.547971785068512,0.7587357759475708,0.5501483678817749,0.7641038298606873,0.552564799785614,0.7465474009513855,0.5455679297447205,0.7454743385314941,0.5455484390258789,0.7445166707038879,0.5456736087799072,0.7804884314537048,0.5683339238166809,0.7532100677490234,0.5591254830360413,0.7408535480499268,0.571563720703125,0.7325401306152344,0.5680981278419495,0.7657735347747803,0.6246618032455444,0.7301458716392517,0.6099647283554077,0.7392860651016235,0.6910607814788818,0.6624831557273865,0.650584876537323,0.6997581124305725,0.7227180004119873,0.5843590497970581,0.6645556092262268,0.6731366515159607,0.7391306757926941,0.5553439259529114,0.6688653826713562,0.6617003679275513,0.72810959815979,0.5560197830200195,0.6679196953773499,0.6632201671600342,0.7233644127845764,0.5664132833480835,0.6681143641471863,0.6531563401222229,0.7661287188529968,0.6510131359100342,0.7261807322502136,0.46197599172592163,0.736101508140564,0.4903973340988159,0.7207911014556885,0.28102755546569824,0.7209812998771667,0.32332685589790344,0.7090983390808105,0.2449342906475067,0.7382217049598694,0.2566196918487549,0.7236682176589966,0.2518879473209381,0.6664631962776184,0.28044426441192627,0.6624907851219177
fin_104.png,final,0.7302378416061401,0.5572747588157654,0.7503407001495361,0.5494029521942139,0.7574255466461182,0.5517301559448242,0.7653461694717407,0.5545077919960022,0.738720715045929,0.546314537525177,0.7360753417015076,0.546137809753418,0.733759343624115,0.5461248755455017,0.7820786833763123,0.570907711982727,0.7370148301124573,0.5590200424194336,0.7360885143280029,0.5758644342422485,0.7221574187278748,0.5714443325996399,0.757603645324707,0.627822756767273,0.7135950922966003,0.610995352268219,0.7298274040222168,0.692976713180542,0.6573212146759033,0.6486576199531555,0.6863565444946289,0.7243264317512512,0.5839978456497192,0.6628187894821167,0.6549130082130432,0.7389578819274902,0.5555556416511536,0.6653171181678772,0.645965039730072,0.7266393303871155,0.5554772615432739,0.6641370058059692,0.6492387652397156,0.7214276790618896,0.5676429271697998,0.664823591709137,0.6390597820281982,0.7644762992858887,0.6252983808517456,0.7326640486717224,0.44963276386260986,0.7306509613990784,0.47901451587677,0.7168811559677124,0.26869088411331177,0.7178453207015991,0.28728774189949036,0.7076088786125183,0.2301008701324463,0.7325988411903381,0.24830156564712524,0.7175366282463074,0.23635359108448029,0.6596502065658569,0.25563177466392517,0.660098135471344
fin_105.png,final,0.6782872676849365,0.5302797555923462,0.6880752444267273,0.5219325423240662,0.6886818408966064,0.5223560929298401,0.6891890168190002,0.522892415523529,0.689801037311554,0.5221075415611267,0.6915152668952942,0.5228992700576782,0.6931132078170776,0.5238935351371765,0.7045590281486511,0.53342205286026,0.7090137600898743,0.534462034702301,0.6791488528251648,0.5415363907814026,0.679876446723938,0.5425266027450562,0.7009119391441345,0.6003014445304871,0.6826839447021484,0.5921808481216431,0.6784401535987854,0.6587764024734497,0.618013322353363,0.6373415589332581,0.6411475539207458,0.6862111687660217,0.5533769130706787,0.643406331539154,0.6227360367774963,0.7044049501419067,0.5269731879234314,0.644798994064331,0.6083929538726807,0.6936224102973938,0.5263501405715942,0.6444337368011475,0.6101750135421753,0.6880428194999695,0.5364636778831482,0.6467369794845581,0.6048752069473267,0.7385323643684387,0.607079803943634,0.7236377596855164,0.4261309504508972,0.7018746137619019,0.4912551939487457,0.6902483701705933,0.2721710801124573,0.6831549406051636,0.36620447039604187,0.6787282824516296,0.24516645073890686,0.6961362361907959,0.3442058563232422,0.6903642416000366,0.23977947235107422,0.630695641040802,0.33339521288871765,0.6386554837226868
fin_106.png,final,0.6780595779418945,0.5360592007637024,0.6910494565963745,0.530669629573822,0.6925592422485352,0.5315410494804382,0.6942595839500427,0.5326453447341919,0.692022442817688,0.5302818417549133,0.6941419243812561,0.5309746265411377,0.696475625038147,0.5318580865859985,0.7129344344139099,0.548047661781311,0.7139694094657898,0.5442931652069092,0.6794658899307251,0.5484804511070251,0.680368185043335,0.5484054684638977,0.7014999985694885,0.617508053779602,0.6867256164550781,0.5962039828300476,0.6603862047195435,0.695875883102417,0.6193938851356506,0.646775484085083,0.5898762345314026,0.7085512280464172,0.566664457321167,0.66315758228302,0.5695698857307434,0.7187361121177673,0.531083345413208,0.6692623496055603,0.5632079243659973,0.7083528637886047,0.5311905145645142,0.6689702272415161,0.5695650577545166,0.7057769298553467,0.5375469326972961,0.6689420938491821,0.6020584106445312,0.7503575682640076,0.5903441905975342,0.7216223478317261,0.4263826310634613,0.7162764668464661,0.4457874596118927,0.7038664817810059,0.2633124589920044,0.6901915669441223,0.2746443748474121,0.6840329170227051,0.22961099445819855,0.701991856098175,0.26673561334609985,0.6983267068862915,0.23083454370498657,0.6378748416900635,0.24585366249084473,0.635816216468811
fin_107.png,final,0.6783214211463928,0.5445935130119324,0.6928860545158386,0.5366721749305725,0.6954559087753296,0.5377655625343323,0.6980621218681335,0.5390899181365967,0.6924372315406799,0.5354762077331543,0.6939858794212341,0.5356608629226685,0.6957032680511475,0.5360230207443237,0.7177607417106628,0.5525121688842773,0.7151774764060974,0.5468597412109375,0.6802307367324829,0.5579113960266113,0.6793821454048157,0.5565958023071289,0.7022460699081421,0.6169546246528625,0.6849945187568665,0.5977752208709717,0.6575899124145508,0.6952703595161438,0.6203460097312927,0.6431108117103577,0.5687513947486877,0.7107198238372803,0.5639891624450684,0.6529983282089233,0.5547468662261963,0.7184134125709534,0.5401882529258728,0.6530346274375916,0.5536607503890991,0.7081173658370972,0.5381215810775757,0.6524702906608582,0.5573903918266296,0.7046023607254028,0.5468505024909973,0.6521618962287903,0.6081104874610901,0.7568253874778748,0.6017134785652161,0.7258251905441284,0.42473575472831726,0.7094851732254028,0.4726698100566864,0.6938902139663696,0.2656897306442261,0.691304087638855,0.29515132308006287,0.6843907237052917,0.23384830355644226,0.7001233100891113,0.31555309891700745,0.6955230236053467,0.23335596919059753,0.6376895308494568,0.2664678394794464,0.6377996206283569
fin_108.png,final,0.68453049659729,0.5406166911125183,0.6940217018127441,0.5315840840339661,0.6948272585868835,0.531867265701294,0.6956631541252136,0.5323669910430908,0.6952058672904968,0.5321088433265686,0.6966050863265991,0.5328739285469055,0.6980234980583191,0.5338190793991089,0.7096202969551086,0.5438814163208008,0.7094518542289734,0.5441250801086426,0.6841468811035156,0.5508334636688232,0.6851009130477905,0.5524663329124451,0.7024465799331665,0.6024911999702454,0.6722961068153381,0.6000544428825378,0.6771352887153625,0.6633685827255249,0.6124765276908875,0.6392207741737366,0.6006165146827698,0.690599262714386,0.5422523617744446,0.6564069986343384,0.5806545615196228,0.7038705945014954,0.5204938650131226,0.664482057094574,0.5772106647491455,0.6935327053070068,0.5271733999252319,0.6519955396652222,0.5840158462524414,0.6914462447166443,0.528302788734436,0.6587928533554077,0.611799418926239,0.7302576899528503,0.5916740894317627,0.7230820059776306,0.4690437614917755,0.6953210234642029,0.45941323041915894,0.7032458782196045,0.2896021604537964,0.6832009553909302,0.28439462184906006,0.6783021092414856,0.25941118597984314,0.6935415267944336,0.24374350905418396,0.6899394392967224,0.24725443124771118,0.6390968561172485,0.24936412274837494,0.6377117037773132
